fdc_id,description,category,kcal,protein_g,fat_g,carbs_g,sodium_mg
167512,"Pillsbury Golden Layer Buttermilk Biscuits, Artificial Flavor, refrigerated dough",Baked Products,307,5.88,13.24,41.18,1059
167513,"Pillsbury, Cinnamon Rolls with Icing, refrigerated dough",Baked Products,330,4.34,11.27,53.42,780
167514,"Kraft Foods, Shake N Bake Original Recipe, Coating for Pork, dry",Baked Products,377,6.1,3.7,79.8,2182
167515,"George Weston Bakeries, Thomas English Muffins",Baked Products,232,8,1.8,46,345
167516,"Waffles, buttermilk, frozen, ready-to-heat",Baked Products,273,6.58,9.22,41.05,621
167517,"Waffle, buttermilk, frozen, ready-to-heat, toasted",Baked Products,309,7.42,9.49,48.39,710
167518,"Waffle, buttermilk, frozen, ready-to-heat, microwaved",Baked Products,289,6.92,9.4,44.16,663
167519,"Waffle, plain, frozen, ready-to-heat, microwave",Baked Products,298,6.71,9.91,45.41,682
167520,"Pie Crust, Cookie-type, Graham Cracker, Ready Crust",Baked Products,501,5.1,24.83,64.3,471
167521,"Pie Crust, Cookie-type, Chocolate, Ready Crust",Baked Products,484,6.08,22.42,64.48,503
167522,"Pie, Dutch Apple, Commercially Prepared",Baked Products,290,2.17,11.5,44.54,200
167523,"Pie crust, deep dish, frozen, unbaked, made with enriched flour",Baked Products,468,5.52,28.74,46.79,353
167524,"Waffles, chocolate chip, frozen, ready-to-heat",Baked Products,297,5.8,10.1,45.68,529
167525,"Tostada shells, corn",Baked Products,474,6.15,23.38,64.43,657
167526,"Bread, salvadoran sweet cheese (quesadilla salvadorena)",Baked Products,374,7.12,17.12,47.84,510
167527,"Bread, pound cake type, pan de torta salvadoran",Baked Products,390,7.06,17.45,51.29,390
167528,"Pastry, Pastelitos de Guava (guava pastries)",Baked Products,379,5.48,18.5,47.76,231
167529,"Crackers, snack, Goya Crackers",Baked Products,433,14.25,13.35,64.35,665
167530,"Crackers, cream, Gamesa Sabrosas",Baked Products,484,7.01,20.37,64.55,1148
167531,"Crackers, cream, La Moderna Rikis Cream Crackers",Baked Products,464,7.19,19.5,64.88,752
167532,"Bread, white wheat",Baked Products,238,10.66,2.15,43.91,478
167533,"Bagels, wheat",Baked Products,250,10.2,1.53,48.89,439
167534,"Cream puff, eclair, custard or cream filled, iced",Baked Products,334,4.41,18.52,37.43,265
167535,"Tortillas, ready-to-bake or -fry, flour, shelf stable",Baked Products,297,8.01,7.58,49.27,742
167536,"Snacks, beef jerky, chopped and formed",Snacks,410,33.2,25.6,11,1785
167537,"Snacks, corn-based, extruded, chips, plain",Snacks,539,6.17,33.36,57.27,514
167538,"Snacks, corn-based, extruded, chips, barbecue-flavor",Snacks,523,7,32.7,56.2,763
167539,"Snacks, corn-based, extruded, cones, plain",Snacks,510,5.8,26.9,62.9,1022
167540,"Snacks, fruit leather, pieces",Sweets,359,1,2.68,82.82,199
167541,"Snacks, fruit leather, rolls",Sweets,371,0.1,3,85.8,317
167542,"Snacks, granola bars, hard, plain",Snacks,471,10.1,19.8,64.4,294
167543,"Snacks, granola bars, hard, almond",Snacks,495,7.7,25.5,62,256
167544,"Snacks, granola bars, soft, uncoated, raisin",Snacks,448,7.6,17.8,66.4,282
167545,"Snacks, granola bars, soft, coated, milk chocolate coating, chocolate chip",Snacks,466,5.8,24.9,63.8,200
167546,"Candies, honey-combed, with peanut butter",Sweets,473,8.72,20.18,67.41,174
167547,"Snacks, granola bars, soft, coated, milk chocolate coating, peanut butter",Snacks,508,10.2,31.1,53.4,193
167548,"Snacks, granola bars, soft, uncoated, peanut butter and chocolate chip",Snacks,432,9.8,20,62.2,328
167549,"Snacks, popcorn, oil-popped, microwave, regular flavor, no trans fat",Snacks,583,7.29,43.55,45.06,909
167550,"Snacks, popcorn, cakes",Snacks,384,9.7,3.1,80.1,288
167551,"Snacks, popcorn, caramel-coated, with peanuts",Snacks,400,6.4,7.8,80.7,177
167552,"Snacks, popcorn, caramel-coated, without peanuts",Snacks,431,3.8,12.8,79.1,206
167553,"Snacks, potato chips, made from dried potatoes, reduced fat",Snacks,502,4.56,26.14,64.76,450
167554,"Snacks, potato chips, made from dried potatoes, sour-cream and onion-flavor",Snacks,547,6.6,37,51.3,541
167555,"Snacks, pretzels, hard, plain, salted",Snacks,384,10.04,2.93,80.39,1240
167556,"Snacks, pretzels, hard, confectioner's coating, chocolate-flavor",Snacks,457,7.5,16.7,70.9,569
167557,"Snacks, rice cakes, brown rice, sesame seed",Snacks,392,7.6,3.8,81.5,227
167558,"Snacks, tortilla chips, plain, white corn, salted",Snacks,472,7.1,20.68,67.78,328
167559,"Snacks, tortilla chips, nacho cheese",Snacks,519,7.36,27.42,60.81,691
167560,"Snacks, tortilla chips, ranch-flavor",Snacks,501,7.19,24.63,62.74,519
167561,"Snacks, trail mix, regular",Snacks,462,13.8,29.4,44.9,229
167562,"Candies, ALMOND JOY Candy Bar",Sweets,479,4.13,26.93,59.51,142
167563,"Candies, TWIZZLERS CHERRY BITES",Sweets,338,2.97,1.7,79.38,261
167564,"Candies, NESTLE, BIT-O'-HONEY Candy Chews",Sweets,388,2,7.5,80.89,295
167565,"Candies, NESTLE, BUTTERFINGER Bar",Sweets,459,5.4,18.9,72.9,230
167566,"Candies, caramels, chocolate-flavor roll",Sweets,387,1.59,3.31,87.73,44
167567,"Baking chocolate, unsweetened, liquid",Sweets,472,12.1,47.7,36.2,12
167568,"Baking chocolate, unsweetened, squares",Sweets,642,14.32,52.31,28.42,24
167569,"Candies, confectioner's coating, yogurt",Sweets,522,5.87,27,63.94,88
167570,"Candies, confectioner's coating, peanut butter",Sweets,529,18.3,29.8,46.88,250
167571,"Candies, white chocolate",Sweets,539,5.87,32.09,59.24,90
167572,"Ice creams, vanilla, light",Sweets,180,4.78,4.83,29.46,74
167573,"Ice creams, vanilla, rich",Sweets,249,3.5,16.2,22.29,61
167574,"Desserts, flan, caramel custard, prepared-from-recipe",Sweets,145,4.53,4.03,22.78,53
167575,"Ice creams, vanilla",Sweets,207,3.5,11,23.6,80
167576,"Ice creams, vanilla, light, soft-serve",Sweets,126,4.9,2.6,21.8,70
167577,"Sherbet, orange",Sweets,144,1.1,2,30.4,46
167578,"Candies, fudge, peanut butter, prepared-from-recipe",Sweets,387,3.78,6.59,77.75,118
167579,"Candies, fudge, vanilla, prepared-from-recipe",Sweets,383,1.05,5.45,82.15,47
167580,"Candies, fudge, vanilla with nuts",Sweets,435,3,13.69,74.61,42
167581,"Candies, NESTLE, GOOBERS Chocolate Covered Peanuts",Sweets,512,9.7,34,53,36
167582,"Candies, NESTLE, BABY RUTH Bar",Sweets,475,5.4,21.6,64.8,230
167583,"Candies, TWIZZLERS Strawberry Twists Candy",Sweets,348,2.56,2.32,79.16,287
167584,"Syrups, table blends, pancake, with butter",Sweets,291,0,0.09,72.43,287
167585,"Ice creams, chocolate, light",Sweets,187,5,7.19,25.7,71
167586,"Candies, NESTLE, CHUNKY Bar",Sweets,519,7.5,27.5,60.4,38
167587,"Candies, milk chocolate",Sweets,535,7.65,29.66,59.4,79
167588,"Puddings, banana, dry mix, instant, prepared with 2% milk",Sweets,105,2.76,1.7,19.74,296
167589,"Puddings, banana, dry mix, regular, prepared with 2% milk",Sweets,101,2.9,1.73,18.43,164
167590,"Andrea's, Gluten Free Soft Dinner Roll",Baked Products,257,5.65,8.2,40.24,544
167591,"Crunchmaster, Multi-Grain Crisps, Snack Crackers, Gluten-Free",Baked Products,456,10.91,15.92,67.18,370
167592,"Glutino, Gluten Free Cookies, Chocolate Vanilla Creme",Baked Products,474,2.19,17.89,76.03,275
167593,"Glutino, Gluten Free Cookies, Vanilla Creme",Baked Products,487,2.19,18.79,77.34,189
167594,"Pepperidge Farm, Goldfish, Baked Snack Crackers, Original",Baked Products,467,9.42,18.42,65.81,947
167595,"Pepperidge Farm, Goldfish, Baked Snack Crackers, Parmesan",Baked Products,459,11.16,17.29,64.7,1187
167596,"Pepperidge Farm, Goldfish, Baked Snack Crackers, Pizza",Baked Products,469,9.67,18.93,65.11,815
167597,"Rudi's, Gluten-Free Bakery, Original Sandwich Bread",Baked Products,320,3.13,10.7,52.83,528
167598,"Udi's, Gluten Free, Soft & Delicious White Sandwich Bread",Baked Products,298,5.4,8.02,51.15,515
167599,"Udi's, Gluten Free, Soft & Hearty Whole Grain Bread",Baked Products,309,7.25,9.34,49.09,510
167600,"Udi's, Gluten Free, Whole Grain Dinner Rolls",Baked Products,329,11.8,11.6,44.29,507
167601,"Van's, Gluten Free, Totally Original Pancakes",Baked Products,215,3.31,4.55,40.32,331
167602,"Seaweed, Canadian Cultivated EMI-TSUNOMATA, dry",Vegetables and Vegetable Products,259,15.34,1.39,46.24,4331
167603,"Seaweed, Canadian Cultivated EMI-TSUNOMATA, rehydrated",Vegetables and Vegetable Products,31,1.86,0.17,5.62,526
167604,"Potatoes, hash brown, refrigerated, unprepared",Vegetables and Vegetable Products,84,1.75,0.08,19.16,42
167605,"Potatoes, hash brown, refrigerated, prepared, pan-fried in canola oil",Vegetables and Vegetable Products,242,3.24,10.3,33.99,77
167606,"Sweet Potatoes, french fried, frozen as packaged, salt added in processing",Vegetables and Vegetable Products,182,2.16,8.92,35.58,146
167681,"Beverages, fruit-flavored drink, dry powdered mix, low calorie, with aspartame",Beverages,218,0.45,0.04,87.38,404
167682,"Pectin, liquid",Sweets,11,0,0,2.1,0
167683,"Frozen novelties, ice cream type, vanilla ice cream, light, no sugar added, chocolate coated",Sweets,221,6.4,10.1,26.11,104
167684,"Creamy dressing, made with sour cream and/or buttermilk and oil, reduced calorie",Fats and Oils,160,1.5,14,7,833
167685,"Bologna, beef and pork, low fat",Sausages and Luncheon Meats,230,11.5,19.3,2.6,1108
167686,"Milk dessert, frozen, milk-fat free, chocolate",Sweets,167,4.3,1,37.7,97
167687,"Whipped topping, frozen, low fat",Dairy and Egg Products,224,3,13.1,23.6,72
167688,"Cream substitute, powdered, light",Dairy and Egg Products,431,1.9,15.7,73.4,229
167689,"Candies, MARS SNACKFOOD US, M&M's Peanut Butter Chocolate Candies",Sweets,529,10.16,29.32,56.89,213
167691,"Vegetable oil-butter spread, reduced calorie",Fats and Oils,465,0,53,0,581
167692,"Salad dressing, blue or roquefort cheese dressing, light",Fats and Oils,86,2.1,2.7,13.2,939
167693,"Salad dressing, french dressing, reduced calorie",Fats and Oils,227,0.4,13,27,804
167694,"Sausage, turkey and pork, fresh, bulk, patty or link, cooked",Sausages and Luncheon Meats,307,22.7,23,0.7,878
167695,"Mayonnaise, made with tofu",Fats and Oils,322,5.95,31.79,3.06,773
167696,"Frankfurter, beef, low fat",Sausages and Luncheon Meats,140,12,9.5,1.6,744
167697,"Milk, buttermilk, fluid, cultured, reduced fat",Dairy and Egg Products,56,4.1,2,5.3,105
167698,"Pork sausage rice links, brown and serve, cooked",Sausages and Luncheon Meats,407,13.7,37.63,2.36,689
167699,"Salad dressing, blue or roquefort cheese dressing, fat-free",Fats and Oils,115,1.52,1.01,25.6,814
167700,"Salad Dressing, mayonnaise-like, fat-free",Fats and Oils,84,0.2,2.7,15.5,788
167701,"Candies, MARS SNACKFOOD US, MILKY WAY Midnight Bar",Sweets,443,3.2,17.5,71.22,168
167702,"Oil, flaxseed, cold pressed",Fats and Oils,884,0.11,99.98,0,0
167703,"Cheese, cottage, lowfat, 1% milkfat, lactose reduced",Dairy and Egg Products,74,12.4,1,3.2,220
167704,"Salad dressing, bacon and tomato",Fats and Oils,326,1.8,35,2,905
167705,"Cheese, parmesan, low sodium",Dairy and Egg Products,451,41.6,29.99,3.7,63
167706,"Jams, preserves, marmalade, reduced sugar",Sweets,151,0,0.1,37.6,0
167707,"Beverages, fruit-flavored drink, powder, with high vitamin C with other added vitamins, low calorie",Beverages,227,0.25,0.16,91,14
167708,"Tomato and vegetable juice, low sodium",Vegetables and Vegetable Products,22,0.6,0.1,4.59,58
167709,"Turkey, wing, smoked, cooked, with skin, bone removed",Poultry Products,221,27.4,12.41,0,996
167710,"Turkey, drumstick, smoked, cooked, with skin, bone removed",Poultry Products,200,27.9,9.8,0,996
167711,"Beverages, Chocolate-flavored drink, whey and milk based",Beverages,49,0.64,0.4,10.68,91
167712,"Pork, cured, bacon, cooked, broiled, pan-fried or roasted, reduced sodium",Pork Products,541,37.04,41.78,1.43,1030
167713,"Turkey, light or dark meat, smoked, cooked, skin and bone removed",Poultry Products,162,29.3,5,0,996
167714,"Hearts of palm, raw",Vegetables and Vegetable Products,115,2.7,0.2,25.61,14
167715,"Cereals ready-to-eat, POST, Shredded Wheat n' Bran, spoon-size",Breakfast Cereals,339,10.93,2.06,80.65,0
167716,"Cheese, cottage, lowfat, 1% milkfat, with vegetables",Dairy and Egg Products,67,10.9,1,3,403
167717,Yeast extract spread,Vegetables and Vegetable Products,185,23.88,0.9,20.42,3380
167719,"Chicken, meatless, breaded, fried",Legumes and Legume Products,234,21.28,12.77,8.51,400
167721,"Frozen novelties, juice type, juice with cream",Sweets,115,1.41,1.41,24.11,42
167722,Tofu yogurt,Legumes and Legume Products,94,3.5,1.8,15.96,35
167723,"Alcoholic beverage, rice (sake)",Beverages,134,0.5,0,5,2
167724,"Millet, puffed",Breakfast Cereals,354,13,3.4,80,5
167725,"Cereals ready-to-eat, OAT BRAN FLAKES, HEALTH VALLEY",Breakfast Cereals,380,10,3,78,380
167727,"Beverages, ABBOTT, ENSURE PLUS, ready-to-drink",Beverages,141,5.16,4.52,19.88,95
167730,"Milk, imitation, non-soy",Dairy and Egg Products,46,1.6,2,5.3,55
167734,"Breakfast bar, corn flake crust with fruit",Snacks,376,4.4,7.5,72.8,337
167735,"Cheese, mozzarella, low sodium",Dairy and Egg Products,280,27.5,17.1,3.1,16
167736,"Mayonnaise dressing, no cholesterol",Fats and Oils,688,0,77.8,0.3,486
167737,"Oil, corn, peanut, and olive",Fats and Oils,884,0,100,0,0
167738,"Pie fillings, blueberry, canned",Sweets,181,0.41,0.2,44.38,12
167739,"Beverages, Cocktail mix, non-alcoholic, concentrated, frozen",Beverages,287,0.08,0.01,71.6,0
167740,"Puddings, chocolate flavor, low calorie, regular, dry mix",Sweets,365,10.08,3,74.42,3326
167741,"Puddings, all flavors except chocolate, low calorie, regular, dry mix",Sweets,351,1.6,0.1,86.04,1765
167742,"Mollusks, scallop, (bay and sea), cooked, steamed",Finfish and Shellfish Products,111,20.54,0.84,5.41,667
167743,"Syrup, Cane",Sweets,269,0,0,73.14,58
167744,"Mollusks, snail, raw",Finfish and Shellfish Products,90,16.1,1.4,2,70
167745,"Turtle, green, raw",Finfish and Shellfish Products,89,19.8,0.5,0,68
167746,"Lemons, raw, without peel",Fruits and Fruit Juices,29,1.1,0.3,9.32,2
167747,"Lemon juice, raw",Fruits and Fruit Juices,22,0.35,0.24,6.9,1
167748,"Lemon juice from concentrate, canned or bottled",Fruits and Fruit Juices,17,0.45,0.07,5.62,24
167749,"Lemon peel, raw",Fruits and Fruit Juices,47,1.5,0.3,16,6
167750,"Prickly pears, raw",Fruits and Fruit Juices,41,0.73,0.51,9.57,5
167751,"Plums, dried (prunes), stewed, without added sugar",Fruits and Fruit Juices,107,0.96,0.16,28.08,1
167752,"Plums, dried (prunes), stewed, with added sugar",Fruits and Fruit Juices,124,1.09,0.22,32.88,2
167753,"Prune juice, canned",Fruits and Fruit Juices,71,0.61,0.03,17.45,4
167754,"Pummelo, raw",Fruits and Fruit Juices,38,0.76,0.04,9.62,1
167755,"Raspberries, raw",Fruits and Fruit Juices,52,1.2,0.65,11.94,1
167756,"Raspberries, canned, red, heavy syrup pack, solids and liquids",Fruits and Fruit Juices,91,0.83,0.12,23.36,3
167757,"Raspberries, frozen, red, sweetened",Fruits and Fruit Juices,103,0.7,0.16,26.16,1
167758,"Rhubarb, raw",Fruits and Fruit Juices,21,0.9,0.2,4.54,4
167759,"Sapodilla, raw",Fruits and Fruit Juices,83,0.44,1.1,19.96,12
167760,"Sapote, mamey, raw",Fruits and Fruit Juices,124,1.45,0.46,32.1,7
167761,"Soursop, raw",Fruits and Fruit Juices,66,1,0.3,16.84,14
167762,"Strawberries, raw",Fruits and Fruit Juices,32,0.67,0.3,7.68,1
167763,"Tamarinds, raw",Fruits and Fruit Juices,239,2.8,0.6,62.5,28
167764,"Fruit salad, (pineapple and papaya and banana and guava), tropical, canned, heavy syrup, solids and liquids",Fruits and Fruit Juices,86,0.41,0.1,22.36,2
167765,"Watermelon, raw",Fruits and Fruit Juices,30,0.61,0.15,7.55,1
167766,"Maraschino cherries, canned, drained",Fruits and Fruit Juices,165,0.22,0.21,41.97,4
167767,"Pineapple, canned, juice pack, drained",Fruits and Fruit Juices,60,0.51,0.11,15.56,1
167768,"Apricots, canned, heavy syrup, drained",Fruits and Fruit Juices,83,0.64,0.11,21.31,4
167769,"Cherries, sour, canned, water pack, drained",Fruits and Fruit Juices,42,0.69,0.21,10.45,4
167770,"Cherries, sweet, canned, pitted, heavy syrup, drained",Fruits and Fruit Juices,83,0.73,0.21,21.07,3
167771,"Apple juice, canned or bottled, unsweetened, with added ascorbic acid",Fruits and Fruit Juices,46,0.1,0.13,11.3,4
167772,"Applesauce, canned, unsweetened, with added ascorbic acid",Fruits and Fruit Juices,42,0.17,0.1,11.27,2
167773,"Applesauce, canned, sweetened, with salt",Fruits and Fruit Juices,76,0.18,0.18,19.91,28
167774,"Grapefruit juice, pink, raw",Fruits and Fruit Juices,39,0.5,0.1,9.2,1
167775,"Apple juice, frozen concentrate, unsweetened, diluted with 3 volume water, with added ascorbic acid",Fruits and Fruit Juices,47,0.14,0.1,11.54,7
167776,"Pears, raw, bartlett (Includes foods for USDA's Food Distribution Program)",Fruits and Fruit Juices,63,0.39,0.16,15.01,1
167777,"Pears, raw, red anjou",Fruits and Fruit Juices,62,0.33,0.14,14.94,1
167778,"Pears, raw, bosc (Includes foods for USDA's Food Distribution Program)",Fruits and Fruit Juices,67,0.36,0.09,16.1,1
167779,"Pears, raw, green anjou (Includes foods for USDA's Food Distribution Program)",Fruits and Fruit Juices,66,0.44,0.1,15.79,1
167780,Prune puree,Fruits and Fruit Juices,257,2.1,0.2,65.1,23
167781,Candied fruit,Fruits and Fruit Juices,322,0.34,0.07,82.74,98
167782,"Abiyuch, raw",Fruits and Fruit Juices,69,1.5,0.1,17.6,20
167783,"Rowal, raw",Fruits and Fruit Juices,111,2.3,2,23.9,4
167784,"Guava nectar, canned, with added ascorbic acid",Fruits and Fruit Juices,63,0.09,0.06,16.25,6
167785,"Mango nectar, canned",Fruits and Fruit Juices,51,0.11,0.06,13.12,5
167786,"Tamarind nectar, canned",Fruits and Fruit Juices,57,0.09,0.12,14.73,7
167787,"Pomegranate juice, bottled",Fruits and Fruit Juices,54,0.15,0.29,13.13,9
167788,"Nance, canned, syrup, drained",Fruits and Fruit Juices,95,0.56,1.28,22.79,8
167789,"Nance, frozen, unsweetened",Fruits and Fruit Juices,73,0.66,1.16,16.97,3
167790,"Naranjilla (lulo) pulp, frozen, unsweetened",Fruits and Fruit Juices,25,0.44,0.22,5.9,4
167791,Horned melon (Kiwano),Fruits and Fruit Juices,44,1.78,1.26,7.56,2
167792,Orange Pineapple Juice Blend,Fruits and Fruit Juices,51,0.41,0.08,12.2,4
167793,"Apples, raw, fuji, with skin (Includes foods for USDA's Food Distribution Program)",Fruits and Fruit Juices,63,0.2,0.18,15.22,1
167794,"Orange juice, chilled, includes from concentrate, with added calcium and vitamins A, D, E",Fruits and Fruit Juices,49,0.68,0.12,11.54,2
167795,"Fruit juice smoothie, NAKED JUICE, MIGHTY MANGO",Fruits and Fruit Juices,63,0.42,0,15,4
167796,"Fruit juice smoothie, NAKED JUICE, GREEN MACHINE",Fruits and Fruit Juices,53,0.6,0.26,12.53,6
167797,"Fruit juice smoothie, BOLTHOUSE FARMS, BERRY BOOST",Fruits and Fruit Juices,46,0.63,0.02,10.9,4
167798,"Fruit juice smoothie, BOLTHOUSE FARMS, GREEN GOODNESS",Fruits and Fruit Juices,56,0.63,0.33,13.04,11
167799,"Fruit juice smoothie, BOLTHOUSE FARMS, strawberry banana",Fruits and Fruit Juices,52,0.44,0.3,12.37,5
167800,"Apple juice, canned or bottled, unsweetened, with added ascorbic acid, calcium, and potassium",Fruits and Fruit Juices,48,0.12,0.17,11.49,5
167801,"Lemon juice from concentrate, bottled, CONCORD",Fruits and Fruit Juices,24,0.4,0.07,5.37,29
167802,"Lemon juice from concentrate, bottled, REAL LEMON",Fruits and Fruit Juices,17,0.47,0.07,5.66,26
167803,"Cranberry sauce, whole, canned, OCEAN SPRAY",Fruits and Fruit Juices,158,0.75,0.05,40.4,5
167804,"Cranberry sauce, jellied, canned, OCEAN SPRAY",Fruits and Fruit Juices,160,1.05,0.04,40.61,5
167805,"Ruby Red grapefruit juice blend (grapefruit, grape, apple), OCEAN SPRAY, bottled, with added vitamin C",Fruits and Fruit Juices,44,0.5,0.1,10.53,8
167806,Baobab powder,Fruits and Fruit Juices,250,3.69,0.47,79.65,10
167807,"Cherry juice, tart",Fruits and Fruit Juices,59,0.31,0.54,13.7,4
167808,"Raspberries, puree, seedless",Fruits and Fruit Juices,41,1.02,0.87,7.99,4
167809,"Raspberries, puree, with seeds",Fruits and Fruit Juices,55,1.1,0.97,11.51,4
167810,"Pork, fresh, composite of trimmed leg, loin, shoulder, and spareribs, (includes cuts to be cured), separable lean and fat, raw",Pork Products,211,18.22,14.79,0,57
167811,"Pork, fresh, backfat, raw",Pork Products,812,2.92,88.69,0,11
167812,"Pork, fresh, belly, raw",Pork Products,518,9.34,53.01,0,32
167813,"Pork, fresh, separable fat, raw",Pork Products,632,9.25,65.7,0,47
167814,"Pork, fresh, leg (ham), rump half, separable lean and fat, raw",Pork Products,182,20.27,10.63,0,73
167815,"Pork, fresh, leg (ham), rump half, separable lean and fat, cooked, roasted",Pork Products,209,27.03,10.32,0,77
167816,"Pork, fresh, leg (ham), rump half, separable lean only, raw (Includes foods for USDA's Food Distribution Program)",Pork Products,120,21.81,2.93,0,76
167817,"Pork, fresh, leg (ham), rump half, separable lean only, cooked, roasted",Pork Products,165,28.86,4.62,0,80
167818,"Pork, fresh, loin, whole, separable lean and fat, raw",Pork Products,198,19.74,12.58,0,50
167819,"Pork, fresh, loin, whole, separable lean and fat, cooked, braised",Pork Products,239,27.23,13.62,0,48
167820,"Pork, fresh, loin, whole, separable lean and fat, cooked, broiled",Pork Products,242,27.32,13.92,0,62
167821,"Pork, fresh, loin, whole, separable lean and fat, cooked, roasted",Pork Products,248,27.09,14.65,0,59
167822,"Pork, fresh, loin, blade (chops or roasts), bone-in, separable lean and fat, raw",Pork Products,194,19.56,12.27,0,69
167823,"Pork, fresh, loin, blade (chops), bone-in, separable lean and fat, cooked, braised",Pork Products,255,26.54,15.71,0,69
167824,"Pork, fresh, loin, blade (chops), bone-in, separable lean and fat, cooked, broiled",Pork Products,231,23.72,14.35,0,74
167825,"Pork, fresh, loin, blade (roasts), bone-in, separable lean and fat, cooked, roasted",Pork Products,254,24.29,16.71,0,76
167826,"Pork, fresh, loin, center loin (chops), bone-in, separable lean and fat, cooked, braised",Pork Products,242,28.21,13.51,0,73
167827,"Pork, fresh, loin, center loin (chops), bone-in, separable lean and fat, cooked, broiled",Pork Products,209,25.61,11.06,0,55
167828,"Pork, fresh, loin, center loin (roasts), bone-in, separable lean and fat, cooked, roasted",Pork Products,231,27.01,12.8,0,83
167829,"Pork, fresh, loin, center loin (chops), bone-in, separable lean only, raw",Pork Products,127,21.99,3.71,0,58
167830,"Pork, fresh, loin, center rib (chops), bone-in, separable lean and fat, cooked, braised",Pork Products,261,26.66,16.28,0,70
167831,"Pork, fresh, loin, center rib (chops), bone-in, separable lean and fat, cooked, broiled",Pork Products,222,24.42,13.04,0,55
167832,"Pork, fresh, loin, center rib (roasts), bone-in, separable lean and fat, cooked, roasted",Pork Products,248,26.99,14.68,0,91
167833,"Pork, fresh, loin, center rib (chops or roasts), bone-in, separable lean only, raw",Pork Products,136,21.79,4.8,0,60
167834,"Pork, fresh, loin, sirloin (chops), bone-in, separable lean and fat, cooked, braised",Pork Products,234,28.81,12.31,0,58
167835,"Pork, fresh, loin, sirloin (chops), bone-in, separable lean and fat, cooked, broiled",Pork Products,222,26.96,11.82,0,86
167836,"Pork, fresh, loin, sirloin (roasts), bone-in, separable lean and fat, cooked, roasted",Pork Products,230,26.64,12.87,0,57
167837,"Pork, fresh, loin, sirloin (chops or roasts), bone-in, separable lean only, raw",Pork Products,129,21.65,4.02,0,59
167838,"Pork, fresh, loin, sirloin (chops), bone-in, separable lean only, cooked, braised",Pork Products,195,31,6.9,0,58
167839,"Pork, fresh, loin, top loin (chops), boneless, separable lean and fat, raw",Pork Products,155,21.55,6.94,0,48
167840,"Pork, fresh, loin, top loin (chops), boneless, separable lean and fat, cooked, braised",Pork Products,200,29.2,8.31,0,66
167841,"Pork, fresh, loin, top loin (chops), boneless, separable lean and fat, cooked, broiled",Pork Products,196,26.62,9.14,0,44
167842,"Pork, fresh, loin, top loin (roasts), boneless, separable lean and fat, cooked, roasted",Pork Products,192,26.45,8.82,0,46
167843,"Pork, fresh, shoulder, whole, separable lean and fat, raw",Pork Products,236,17.18,17.99,0,65
167844,"Pork, fresh, shoulder, whole, separable lean and fat, cooked, roasted",Pork Products,292,23.28,21.39,0,68
167845,"Pork, fresh, shoulder, whole, separable lean only, raw",Pork Products,148,19.55,7.14,0,76
167846,"Pork, fresh, shoulder, whole, separable lean only, cooked, roasted",Pork Products,230,25.33,13.54,0,75
167847,"Pork, fresh, shoulder, arm picnic, separable lean only, cooked, braised",Pork Products,194,26.76,8.87,0,100
167848,"Pork, fresh, shoulder, arm picnic, separable lean only, cooked, roasted",Pork Products,228,26.68,12.62,0,80
167849,"Pork, fresh, shoulder, (Boston butt), blade (steaks), separable lean and fat, raw",Pork Products,186,17.42,12.36,0,61
167850,"Pork, fresh, shoulder, (Boston butt), blade (steaks), separable lean and fat, cooked, braised",Pork Products,267,25.07,17.69,0,58
167851,"Pork, fresh, shoulder, blade, boston (steaks), separable lean and fat, cooked, broiled",Pork Products,259,25.58,16.61,0,69
167852,"Pork, fresh, shoulder, blade, boston (roasts), separable lean only, cooked, roasted",Pork Products,232,24.21,14.3,0,88
167853,"Pork, fresh, spareribs, separable lean and fat, raw",Pork Products,277,15.47,23.4,0,81
167854,"Pork, fresh, spareribs, separable lean and fat, cooked, braised",Pork Products,397,29.06,30.3,0,93
167855,"Pork, fresh, composite of trimmed retail cuts (leg, loin, and shoulder), separable lean only, cooked",Pork Products,201,27.51,9.21,0,55
167856,"Pork, fresh, variety meats and by-products, chitterlings, cooked, simmered",Pork Products,233,12.49,20.32,0,18
167857,"Pork, fresh, variety meats and by-products, ears, frozen, raw",Pork Products,234,22.45,15.1,0.6,191
167858,"Pork, fresh, variety meats and by-products, ears, frozen, cooked, simmered",Pork Products,166,15.95,10.8,0.2,167
167859,"Pork, fresh, variety meats and by-products, feet, raw",Pork Products,212,23.16,12.59,0,132
167860,"Pork, fresh, variety meats and by-products, kidneys, cooked, braised",Pork Products,151,25.4,4.7,0,80
167861,"Pork, fresh, variety meats and by-products, leaf fat, raw",Pork Products,857,1.76,94.16,0,5
167862,"Pork, fresh, variety meats and by-products, liver, raw",Pork Products,134,21.39,3.65,2.47,87
167863,"Pork, fresh, variety meats and by-products, liver, cooked, braised",Pork Products,165,26.02,4.4,3.76,49
167864,"Pork, fresh, variety meats and by-products, lungs, raw",Pork Products,85,14.08,2.72,0,153
167865,"Pork, fresh, variety meats and by-products, spleen, raw",Pork Products,100,17.86,2.59,0,98
167866,"Pork, fresh, variety meats and by-products, spleen, cooked, braised",Pork Products,149,28.2,3.2,0,107
167867,"Pork, fresh, variety meats and by-products, stomach, raw",Pork Products,159,16.85,10.14,0,75
167868,"Pork, fresh, loin, blade (chops), bone-in, separable lean only, cooked, pan-fried",Pork Products,222,26.38,12.14,0,88
167869,"Canadian bacon, unprepared",Pork Products,110,20.31,2.62,1.34,751
167870,"Pork, cured, feet, pickled",Pork Products,140,11.63,10.02,0.01,946
167871,"Pork, cured, ham, boneless, extra lean (approximately 5% fat), roasted",Pork Products,145,20.93,5.53,1.5,1203
167872,"Pork, cured, ham, boneless, regular (approximately 11% fat), roasted",Pork Products,178,22.62,9.02,0,1500
167873,"Pork, cured, ham, patties, unheated",Pork Products,315,12.78,28.19,1.69,1088
167874,"Pork, cured, ham, steak, boneless, extra lean, unheated",Pork Products,122,19.56,4.25,0,1269
167875,"Pork, cured, ham, whole, separable lean and fat, unheated",Pork Products,246,18.49,18.52,0.06,1284
167876,"Pork, cured, ham, whole, separable lean only, unheated",Pork Products,147,22.32,5.71,0.05,1516
167877,"Pork, cured, separable fat (from ham and arm picnic), unheated",Pork Products,579,5.68,61.41,0.09,505
167878,"Pork, cured, separable fat (from ham and arm picnic), roasted",Pork Products,591,7.64,61.86,0,624
167879,"Pork, cured, shoulder, arm picnic, separable lean and fat, roasted",Pork Products,280,20.43,21.35,0,1072
167880,"Pork, cured, shoulder, arm picnic, separable lean only, roasted",Pork Products,170,24.94,7.04,0,1231
167881,"Pork, fresh, variety meats and by-products, tail, cooked, simmered",Pork Products,396,17,35.8,0,25
167882,"Pork, fresh, loin, center loin (chops), bone-in, separable lean only, cooked, pan-fried",Pork Products,195,29.56,7.66,0,99
167883,"Pork, fresh, loin, center rib (chops), bone-in, separable lean only, cooked, pan-fried",Pork Products,211,28.84,9.73,0,88
167884,"Pork, fresh, loin, blade (chops), bone-in, separable lean and fat, cooked, pan-fried",Pork Products,256,25.02,16.56,0,85
167885,"Pork, cured, ham, extra lean and regular, canned, unheated",Pork Products,144,17.97,7.46,0,1276
167886,"Pork, cured, ham, extra lean and regular, canned, roasted",Pork Products,167,20.94,8.43,0.49,1068
167887,"Pork, fresh, loin, top loin (chops), boneless, separable lean and fat, cooked, pan-fried",Pork Products,196,29.36,7.86,0,86
167888,"Pork, fresh, composite of trimmed retail cuts (leg, loin, shoulder, and spareribs), separable lean and fat, raw",Pork Products,216,18.95,14.95,0,55
167889,"Pork, fresh, loin, center rib (chops or roasts), boneless, separable lean and fat, raw",Pork Products,211,19.9,14.01,0,42
167890,"Pork, fresh, loin, center rib (chops), boneless, separable lean and fat, cooked, braised",Pork Products,255,26.29,15.79,0,40
167891,"Pork, fresh, loin, center rib (chops), boneless, separable lean and fat, cooked, broiled",Pork Products,260,27.63,15.76,0,62
167892,"Pork, fresh, loin, center rib (chops), boneless, separable lean and fat, cooked, pan-fried",Pork Products,273,25.82,18.05,0,50
167893,"Pork, fresh, loin, center rib (chops), boneless, separable lean only, cooked, pan-fried",Pork Products,224,27.68,11.8,0,52
167894,"Pork, fresh, loin, center rib (roasts), boneless, separable lean only, cooked, roasted",Pork Products,214,28.81,10.13,0,50
167895,"Pork, fresh, loin, country-style ribs, separable lean and fat, raw",Pork Products,189,19.34,11.82,0,63
167896,"Pork, fresh, loin, country-style ribs, separable lean and fat, cooked, braised",Pork Products,273,26.49,17.71,0,58
167897,"Pork, fresh, loin, country-style ribs, separable lean and fat, bone-in, cooked, roasted",Pork Products,359,21.75,29.46,0,52
167898,"Pork, fresh, loin, sirloin (chops), boneless, separable lean and fat, cooked, braised",Pork Products,171,28.41,5.47,0,56
167899,"Pork, fresh, loin, sirloin (chops), boneless, separable lean and fat, cooked, broiled",Pork Products,170,28.19,5.53,0,65
167900,"Pork, fresh, loin, sirloin (roasts), boneless, separable lean and fat, cooked, roasted",Pork Products,192,29.62,7.32,0,66
167901,"Pork, fresh, loin, sirloin (chops or roasts), boneless, separable lean only, raw",Pork Products,121,22.81,2.59,0,63
167902,"Pork, fresh, ground, raw",Pork Products,263,16.88,21.19,0,56
167903,"Pork, fresh, ground, cooked",Pork Products,297,25.69,20.77,0,73
167904,"Pork, fresh, loin, tenderloin, separable lean and fat, cooked, broiled",Pork Products,201,29.86,8.11,0,64
167905,"Pork, fresh, loin, tenderloin, separable lean and fat, cooked, roasted",Pork Products,147,26.04,3.96,0,57
167906,"Pork, fresh, composite of trimmed retail cuts (loin and shoulder blade), separable lean and fat, cooked",Pork Products,235,26.07,13.66,0,55
167907,"Pork, fresh, composite of trimmed retail cuts (loin and shoulder blade), separable lean only, raw",Pork Products,144,21.23,5.88,0,54
167908,"Pork, fresh, composite of trimmed retail cuts (loin and shoulder blade), separable lean only, cooked",Pork Products,211,29.47,9.44,0,57
167909,"HORMEL, Cure 81 Ham",Pork Products,106,18.43,3.59,0.21,1038
167910,"HORMEL ALWAYS TENDER, Pork Tenderloin, Teriyaki-Flavored",Pork Products,119,18.2,3.07,4.63,413
167911,HORMEL Canadian Style Bacon,Pork Products,122,16.88,4.94,1.87,1016
167912,"Pork, fresh, loin, top loin (chops), boneless, separable lean only, with added solution, cooked, pan-broiled",Pork Products,169,28.95,5,0,209
167913,"Pork, fresh, loin, top loin (chops), boneless, separable lean and fat, with added solution, cooked, pan-broiled",Pork Products,190,28.35,7.66,0,205
167914,"Pork, cured, bacon, cooked, baked",Pork Products,548,35.73,43.27,1.35,2193
167915,"Pork, cured, ham -- water added, rump, bone-in, separable lean only, heated, roasted",Pork Products,121,21.41,3.56,0.87,1150
167916,"Pork, cured, ham -- water added, rump, bone-in, separable lean only, unheated",Pork Products,95,15.43,3.48,0.67,1170
167917,"Pork, cured, ham -- water added, shank, bone-in, separable lean only, heated, roasted",Pork Products,128,20.92,4.43,1.2,1060
167918,"Pork, cured, ham -- water added, slice, bone-in, separable lean only, heated, pan-broil",Pork Products,131,22.04,4.3,1.48,1374
167919,"Pork, cured, ham with natural juices, rump, bone-in, separable lean only, heated, roasted",Pork Products,137,24.14,4.25,0.48,861
167920,"Pork, cured, ham with natural juices, shank, bone-in, separable lean only, heated, roasted",Pork Products,145,24.95,4.97,0.34,820
167921,"Pillsbury Grands, Buttermilk Biscuits, refrigerated dough",Baked Products,293,6.16,11.34,42.41,1066
167922,"Heinz, Weight Watcher, Chocolate Eclair, frozen",Baked Products,241,4.4,6.9,40.3,300
167923,"Interstate Brands Corp, Wonder Hamburger Rolls",Baked Products,273,8.07,4.15,50.84,488
167924,"Nabisco, Nabisco Snackwell's Fat Free Devil's Food Cookie Cakes",Baked Products,305,5,1.09,74.25,174
167925,"Crackers, cheese, sandwich-type with cheese filling",Baked Products,490,8.92,24.41,58.76,878
167926,"Pancakes, plain, frozen, ready-to-heat, microwave (includes buttermilk)",Baked Products,239,5.88,4.73,43.33,566
167927,"Toaster Pastries, fruit, frosted (include apples, blueberry, cherry, strawberry)",Baked Products,385,4.01,9.02,71.83,311
167928,"Toaster pastries, fruit, toasted (include apple, blueberry, cherry, strawberry)",Baked Products,409,4.7,11.03,72.7,354
167929,"Muffin, blueberry, commercially prepared, low-fat",Baked Products,255,4.23,4.22,50.05,413
167930,"Pie crust, refrigerated, regular, baked",Baked Products,506,3.41,28.69,58.52,472
167931,"Pie crust, deep dish, frozen, baked, made with enriched flour",Baked Products,521,6.1,31.84,52.47,393
167932,"Pie crust, refrigerated, regular, unbaked",Baked Products,445,2.97,25.46,51.11,409
167933,"Crackers, whole-wheat, reduced fat",Baked Products,416,11.34,7.59,75.52,745
167934,"Crackers, wheat, reduced fat",Baked Products,444,9.34,13.37,71.52,776
167935,"Bread, pan dulce, sweet yeast bread",Baked Products,367,9.42,11.58,56.38,228
167936,"Keikitos (muffins), Latino bakery item",Baked Products,467,6.81,25.24,53.16,515
167937,"Cake, pound, Bimbo Bakeries USA, Panque Casero, home baked style",Baked Products,418,6.62,21.7,48.94,357
167938,"Pan Dulce, La Ricura, Salpora de Arroz con Azucar, cookie-like, contains wheat flour and rice flour",Baked Products,445,8.81,16.11,66.28,445
167939,"Garlic bread, frozen",Baked Products,350,8.36,16.61,41.72,544
167940,"Cinnamon buns, frosted (includes honey buns)",Baked Products,452,4.45,26.61,48.6,305
167941,"Crackers, cheese, reduced fat",Baked Products,418,10,11.67,68.19,1167
167942,"Crackers, saltines, whole wheat (includes multi-grain)",Baked Products,398,7.14,10.71,68.25,1214
167943,"Bread, potato",Baked Products,266,12.5,3.13,47.07,375
167944,"Bread, cheese",Baked Products,408,10.42,20.83,44.83,750
167945,"Focaccia, Italian flatbread, plain",Baked Products,249,8.77,7.89,35.82,561
167946,"SCHIFF,TIGER'S MILK BAR",Sweets,387,16.8,14.29,56.46,168
167947,"Candies, TOBLERONE, milk chocolate with honey and almond nougat",Sweets,489,5.71,28.57,61.21,54
167948,"Snacks, corn-based, extruded, onion-flavor",Snacks,499,7.7,22.6,65.1,950
167949,"Snacks, corn-based, extruded, puffs or twists, cheese-flavor",Snacks,567,5.46,36.54,54.54,928
167950,"Snacks, KRAFT, CORNNUTS, plain",Snacks,446,8.5,15.64,71.86,564
167951,"Snacks, crisped rice bar, chocolate chip",Snacks,404,5.1,13.5,73,278
167952,"Snacks, granola bars, hard, chocolate chip",Snacks,438,7.3,16.3,72.1,344
167953,Fruit syrup,Sweets,341,0,0,85.13,0
167954,"Snacks, granola bars, soft, uncoated, plain",Snacks,443,7.4,17.2,67.3,278
167955,"Snacks, granola bars, soft, uncoated, peanut butter",Snacks,426,10.5,15.8,64.4,409
167956,"Topping, SMUCKER'S MAGIC SHELL",Sweets,609,2.94,44.1,50.07,29
167957,"Syrup, fruit flavored",Sweets,261,0,0.02,65.1,0
167958,"Snacks, oriental mix, rice-based",Snacks,506,17.31,25.58,51.62,413
167959,"Snacks, popcorn, air-popped",Snacks,387,12.94,4.54,77.78,8
167960,"Snacks, popcorn, cheese-flavor",Snacks,526,9.3,33.2,51.6,889
167961,"Snacks, pork skins, plain",Snacks,544,61.3,31.3,0,1818
167962,"Snacks, potato chips, barbecue-flavor",Snacks,487,6.51,31.06,55.92,545
167963,"Snacks, potato chips, sour-cream-and-onion-flavor",Snacks,531,8.1,33.9,51.5,549
167964,"Snacks, M&M MARS, COMBOS Snacks Cheddar Cheese Pretzel",Snacks,463,9.85,16.92,66.5,1117
167965,"Snacks, pretzels, hard, whole-wheat including both salted and unsalted",Snacks,362,11.1,2.6,81.3,203
167966,"Snacks, rice cracker brown rice, plain",Snacks,387,8.2,2.8,81.5,166
167967,"Snacks, rice cakes, brown rice, buckwheat",Snacks,380,9,3.5,80.1,116
167968,"Snacks, trail mix, tropical",Snacks,442,6.3,17.1,65.6,95
167969,"Snacks, trail mix, regular, with chocolate chips, salted nuts and seeds",Snacks,484,14.2,31.9,44.9,121
167970,"Snacks, tortilla chips, taco-flavor",Snacks,480,7.9,24.2,63.1,787
167971,"Candies, TOOTSIE ROLL, chocolate-flavor roll",Sweets,387,1.59,3.31,87.73,44
167972,"Candies, butterscotch",Sweets,391,0.03,3.3,90.4,391
167973,"Candies, carob, unsweetened",Sweets,540,8.15,31.36,56.29,107
167974,"Candies, caramels",Sweets,382,4.6,8.1,77,245
167975,"Candies, CARAMELLO Candy Bar",Sweets,462,6.19,21.19,63.81,122
167976,"Candies, semisweet chocolate",Sweets,480,4.2,30,63.9,11
167977,"Candies, sweet chocolate",Sweets,507,3.9,34.2,60.4,16
167978,"Candies, sweet chocolate coated fondant",Sweets,366,2.2,9.3,80.4,26
167979,"Candies, HERSHEY'S GOLDEN ALMOND SOLITAIRES",Sweets,569,11.97,37.13,46.85,52
167980,"Candies, confectioner's coating, butterscotch",Sweets,539,2.2,29.05,67.1,89
167981,"Ice creams, french vanilla, soft-serve",Sweets,222,4.1,13,22.2,61
167982,"Candies, YORK Peppermint Pattie",Sweets,384,2.19,7.17,80.99,28
167983,"Candies, TWIZZLERS NIBS CHERRY BITS",Sweets,347,2.3,2.64,79.37,195
167984,"Candies, SYMPHONY Milk Chocolate Bar",Sweets,531,8.51,30.57,58.01,101
167985,"Candies, 5TH AVENUE Candy Bar",Sweets,482,8.78,23.98,62.68,225
167986,"Candies, fondant, prepared-from-recipe",Sweets,373,0,0.02,93.18,11
167987,"Candies, fudge, chocolate, prepared-from-recipe",Sweets,410,2.39,10.41,76.7,45
167988,"Candies, fudge, chocolate, with nuts, prepared-from-recipe",Sweets,460,4.38,18.93,68.15,39
167989,"Candies, gumdrops, starch jelly pieces",Sweets,396,0,0,98.9,44
167990,"Candies, hard",Sweets,394,0,0.2,98,38
167991,"Candies, jellybeans",Sweets,375,0,0.05,93.55,50
167992,"Candies, KIT KAT Wafer Bar",Sweets,518,6.51,25.99,64.59,54
167993,"Candies, KRACKEL Chocolate Bar",Sweets,523,6.62,26.58,64.34,196
167994,"Candies, MARS SNACKFOOD US, MARS Almond Bar",Sweets,467,8.1,23,62.7,170
167995,"Candies, marshmallows",Sweets,318,1.8,0.2,81.3,80
167996,"Candies, halavah, plain",Sweets,469,12.49,21.52,60.49,195
167997,"Candies, NESTLE, OH HENRY! Bar",Sweets,462,7.7,23,65.5,193
167998,"Puddings, chocolate, dry mix, instant, prepared with 2% milk",Sweets,105,3.15,1.92,18.89,284
167999,"Baking chocolate, mexican, squares",Sweets,426,3.64,15.59,77.41,3
168000,Chocolate-flavored hazelnut spread,Sweets,539,5.41,29.73,62.36,41
168001,"Candies, milk chocolate coated peanuts",Sweets,519,13.1,33.5,49.7,41
168002,"Glutino, Gluten Free Wafers, Lemon Flavored",Baked Products,515,0,24.18,74.39,111
168003,"Glutino, Gluten Free Wafers, Milk Chocolate",Baked Products,541,4.06,30.42,62.82,122
168004,"Mary's Gone Crackers, Original Crackers, Organic Gluten Free",Baked Products,446,12.06,15.63,64.29,587
168005,"Pepperidge Farm, Goldfish, Baked Snack Crackers, Cheddar",Baked Products,457,11.71,16.11,66.2,874
168006,"Pepperidge Farm, Goldfish, Baked Snack Crackers, Explosive Pizza",Baked Products,458,9.56,16.82,67.2,868
168007,"Sage Valley, Gluten Free Vanilla Sandwich Cookies",Baked Products,499,3.13,22.15,71.88,212
168008,"Schar, Gluten-Free, Classic White Rolls",Baked Products,239,3.34,2.65,50.47,593
168009,"Schar, Gluten-Free, Wheat-Free, Classic White Bread",Baked Products,240,3.81,4.47,46.13,441
168010,"Udi's, Gluten Free, Classic French Dinner Rolls",Baked Products,310,7.99,6.4,55.1,707
168011,"Van's, Gluten Free, Totally Original Waffles",Baked Products,248,2.99,8.22,40.54,508
168012,"Van's, The Perfect 10, Crispy Six Whole Grain + Four Seed Baked Crackers, Gluten Free",Baked Products,471,7.63,18.93,67.57,730
168013,"Bread, multi-grain (includes whole-grain)",Baked Products,265,13.36,4.23,43.34,381
168014,"Cookies, animal crackers (includes arrowroot, tea biscuits)",Baked Products,446,6.9,13.8,74.1,335
168015,"Sweet Potatoes, french fried, crosscut, frozen, unprepared",Vegetables and Vegetable Products,209,1.7,11.1,25.52,214
168016,"Sweet Potato puffs, frozen, unprepared",Vegetables and Vegetable Products,161,1.36,3.58,30.72,250
168088,"Syrups, grenadine",Sweets,268,0,0,66.91,27
168089,"Imitation cheese, american or cheddar, low cholesterol",Dairy and Egg Products,390,25,32,1,670
168092,"Ham, turkey, sliced, extra lean, prepackaged or deli",Sausages and Luncheon Meats,134,19.6,5.8,0.93,1038
168093,"Salad dressing, peppercorn dressing, commercial, regular",Fats and Oils,564,1.2,61.4,3.5,1103
168094,"Mayonnaise, reduced-calorie or diet, cholesterol-free",Fats and Oils,333,0.9,33.3,6.7,733
168095,"Granola bar, soft, milk chocolate coated, peanut butter",Snacks,536,9.6,31.2,54.1,193
168096,"Salad dressing, italian dressing, reduced calorie",Fats and Oils,200,0.3,20,6.7,1074
168097,"Cream substitute, liquid, light",Dairy and Egg Products,71,0.8,3.5,9.1,60
168098,"Cheese, monterey, low fat",Dairy and Egg Products,313,28.2,21.6,0.7,781
168099,"Creamy dressing, made with sour cream and/or buttermilk and oil, reduced calorie, fat-free",Fats and Oils,107,1.4,2.7,20,897
168100,"Creamy dressing, made with sour cream and/or buttermilk and oil, reduced calorie, cholesterol-free",Fats and Oils,140,1,8,16,932
168101,"Bologna, beef, low fat",Sausages and Luncheon Meats,204,11.8,14.8,5.2,821
168102,"Candies, MARS SNACKFOOD US, TWIX chocolate fudge cookie bars",Sweets,553,7.3,33.3,56,266
168103,"Frozen yogurts, chocolate, nonfat milk, sweetened without sugar",Sweets,107,4.4,0.8,19.7,81
168104,"Frozen yogurts, chocolate",Sweets,131,3,3.6,21.6,63
168105,"Frozen yogurts, flavors other than chocolate",Sweets,127,3,3.6,21.6,63
168106,Papad,Legumes and Legume Products,371,25.56,3.25,59.87,1745
168107,"Rice cake, cracker (include hain mini rice cakes)",Snacks,392,7.1,4.3,81.1,71
168108,"Candies, MARS SNACKFOOD US, M&M's Almond Chocolate Candies",Sweets,522,7.53,27.76,60.5,45
168109,"Salad Dressing, coleslaw, reduced fat",Fats and Oils,329,0,20,40,1600
168110,"Pork, cured, ham, low sodium, lean and fat, cooked",Pork Products,172,22.3,8.3,0.3,969
168111,"Pork, cured, ham, boneless, low sodium, extra lean (approximately 5% fat), roasted",Pork Products,145,20.9,5.5,1.5,969
168112,"Salad dressing, mayonnaise and mayonnaise-type, low calorie",Fats and Oils,263,0.9,19,23.9,837
168113,"Frozen novelties, juice type, orange",Sweets,95,0.5,0,23.17,8
168114,"Cheese, cottage, lowfat, 1% milkfat, no sodium added",Dairy and Egg Products,72,12.4,1,2.7,13
168115,"Mayonnaise, low sodium, low calorie or diet",Fats and Oils,231,0.3,19.2,16,110
168116,"Snacks, tortilla chips, unsalted, white corn",Snacks,503,7.79,23.36,65.32,15
168117,"Cranberry juice, unsweetened",Fruits and Fruit Juices,46,0.39,0.13,12.2,2
168118,"Beef, bologna, reduced sodium",Sausages and Luncheon Meats,310,11.7,28.4,2,682
168119,"Turnip greens, canned, no salt added",Vegetables and Vegetable Products,19,1.36,0.3,2.81,29
168120,"Turkey, light or dark meat, smoked, cooked, with skin, bone removed",Poultry Products,208,28.1,9.7,0,996
168121,"Cheese, pasteurized process, cheddar or American, low sodium",Dairy and Egg Products,376,22.2,31.19,1.6,7
168122,"Beverages, coffee, instant, with whitener, reduced calorie",Beverages,509,1.96,29.1,59.94,0
168123,"Beverages, cranberry-apple juice drink, low calorie, with vitamin C added",Beverages,19,0.1,0,4.7,5
168124,"Cheese, swiss, low sodium",Dairy and Egg Products,374,28.4,27.4,3.4,14
168126,"Rolls, pumpernickel",Baked Products,276,10.8,2.8,51.87,492
168127,"Snacks, corn-based, extruded, chips, unsalted",Snacks,557,6.6,33.4,57.4,15
168128,"Beans, baked, canned, no salt added",Legumes and Legume Products,105,4.8,0.4,20.49,1
168129,"Jellyfish, dried, salted",Finfish and Shellfish Products,36,5.5,1.4,0,9690
168130,"Frozen novelties, ice cream type, chocolate or caramel covered, with nuts",Sweets,323,4.4,20.2,30.9,92
168131,"Frankfurter, low sodium",Sausages and Luncheon Meats,312,12,28.51,1.8,311
168132,"Frozen novelties, ice type, pop, with low calorie sweetener",Sweets,24,0,0,5.92,10
168136,"Ice creams, chocolate, rich",Sweets,251,4.72,16.98,19.78,57
168137,"Snacks, tortilla chips, light (baked with less oil)",Snacks,465,8.7,15.2,73.4,400
168138,"Cereals ready-to-eat, POST, HONEY BUNCHES OF OATS, honey roasted",Breakfast Cereals,401,7.12,5.46,81.19,454
168139,"Popcorn, microwave, low fat and sodium",Snacks,429,12.6,9.5,73.39,490
168141,"Cheese, swiss, low fat",Dairy and Egg Products,179,28.4,5.1,3.4,199
168142,"Sweeteners, tabletop, fructose, liquid",Sweets,279,0,0,76.1,2
168143,"Puddings, chocolate flavor, low calorie, instant, dry mix",Sweets,356,5.3,2.4,78.2,2838
168145,"Jellies, reduced sugar, home preserved",Sweets,179,0.3,0.03,46.1,2
168146,"Puddings, all flavors except chocolate, low calorie, instant, dry mix",Sweets,350,0.81,0.9,84.66,3750
168147,Vital wheat gluten,Cereal Grains and Pasta,370,75.16,1.85,13.79,29
168148,"Frog legs, raw",Finfish and Shellfish Products,73,16.4,0.3,0,58
168149,"Fish, mackerel, salted",Finfish and Shellfish Products,305,18.5,25.1,0,4450
168150,"Java-plum, (jambolan), raw",Fruits and Fruit Juices,60,0.72,0.23,15.56,14
168151,"Jujube, raw",Fruits and Fruit Juices,79,1.2,0.2,20.23,3
168152,"Jujube, Chinese, fresh, dried",Fruits and Fruit Juices,281,4.72,0.5,72.52,5
168153,"Kiwifruit, green, raw",Fruits and Fruit Juices,61,1.14,0.52,14.66,3
168154,"Kumquats, raw",Fruits and Fruit Juices,71,1.88,0.86,15.9,10
168155,"Limes, raw",Fruits and Fruit Juices,30,0.7,0.2,10.54,2
168156,"Lime juice, raw",Fruits and Fruit Juices,25,0.42,0.07,8.42,2
168157,"Lime juice, canned or bottled, unsweetened",Fruits and Fruit Juices,21,0.25,0.23,6.69,16
168158,"Blueberries, dried, sweetened",Fruits and Fruit Juices,317,2.5,2.5,80,3
168159,"Prunes, canned, heavy syrup pack, solids and liquids",Fruits and Fruit Juices,105,0.87,0.2,27.8,3
168160,"Prunes, dehydrated (low-moisture), uncooked",Fruits and Fruit Juices,339,3.7,0.73,89.07,5
168161,"Prunes, dehydrated (low-moisture), stewed",Fruits and Fruit Juices,113,1.23,0.24,29.7,2
168162,"Plums, dried (prunes), uncooked",Fruits and Fruit Juices,240,2.18,0.38,63.88,2
168163,"Quinces, raw",Fruits and Fruit Juices,57,0.4,0.1,15.3,4
168164,"Raisins, golden, seedless",Fruits and Fruit Juices,301,3.28,0.2,80.02,24
168165,"Raisins, dark, seedless (Includes foods for USDA's Food Distribution Program)",Fruits and Fruit Juices,299,3.3,0.25,79.32,26
168166,"Raisins, seeded",Fruits and Fruit Juices,296,2.52,0.54,78.47,28
168167,"Rambutan, canned, syrup pack",Fruits and Fruit Juices,82,0.65,0.21,20.87,11
168168,"Rhubarb, frozen, uncooked",Fruits and Fruit Juices,21,0.55,0.11,5.1,2
168169,"Rhubarb, frozen, cooked, with sugar",Fruits and Fruit Juices,116,0.39,0.05,31.2,1
168170,"Roselle, raw",Fruits and Fruit Juices,49,0.96,0.64,11.31,6
168171,"Rose-apples, raw",Fruits and Fruit Juices,25,0.6,0.3,5.7,0
168172,"Strawberries, canned, heavy syrup pack, solids and liquids",Fruits and Fruit Juices,92,0.56,0.26,23.53,4
168173,"Strawberries, frozen, unsweetened (Includes foods for USDA's Food Distribution Program)",Fruits and Fruit Juices,35,0.43,0.11,9.13,2
168174,"Strawberries, frozen, sweetened, sliced",Fruits and Fruit Juices,96,0.53,0.13,25.92,3
168175,"Sugar-apples, (sweetsop), raw",Fruits and Fruit Juices,94,2.06,0.29,23.64,9
168176,"Feijoa, raw",Fruits and Fruit Juices,61,0.71,0.42,15.21,3
168177,"Pears, asian, raw",Fruits and Fruit Juices,42,0.5,0.23,10.65,0
168178,"Fruit cocktail, canned, heavy syrup, drained",Fruits and Fruit Juices,70,0.47,0.1,18.8,6
168179,"Blueberries, canned, light syrup, drained",Fruits and Fruit Juices,88,1.04,0.4,22.66,3
168180,"Blueberries, wild, canned, heavy syrup, drained",Fruits and Fruit Juices,107,0.56,0.34,28.32,1
168181,"Peaches, canned, heavy syrup, drained",Fruits and Fruit Juices,72,0.52,0.18,18.43,6
168182,"Pears, canned, heavy syrup, drained",Fruits and Fruit Juices,74,0.24,0.18,19.08,5
168183,"Plums, canned, heavy syrup, drained",Fruits and Fruit Juices,89,0.44,0.14,23.12,19
168184,"Tangerines, (mandarin oranges), canned, juice pack, drained",Fruits and Fruit Juices,38,0.75,0.04,9.41,5
168185,"Peach nectar, canned, with added ascorbic acid",Fruits and Fruit Juices,50,0.21,0.51,11.93,8
168186,"Pear nectar, canned, with added ascorbic acid",Fruits and Fruit Juices,60,0.11,0.01,15.76,4
168187,"Pineapple juice, canned or bottled, unsweetened, with added ascorbic acid",Fruits and Fruit Juices,53,0.36,0.12,12.87,2
168188,"Apple juice, frozen concentrate, unsweetened, undiluted, with added ascorbic acid",Fruits and Fruit Juices,166,0.51,0.37,41,25
168189,"Grapefruit juice, white, bottled, unsweetened, OCEAN SPRAY",Fruits and Fruit Juices,37,0.54,0.64,7.51,2
168190,"Jackfruit, canned, syrup pack",Fruits and Fruit Juices,92,0.36,0.14,23.94,11
168191,"Dates, medjool",Fruits and Fruit Juices,277,1.81,0.15,74.97,1
168192,"Durian, raw or frozen",Fruits and Fruit Juices,147,1.47,5.33,27.09,2
168193,"Pineapple, raw, traditional varieties",Fruits and Fruit Juices,45,0.55,0.13,11.82,1
168194,"Pineapple, raw, extra sweet variety",Fruits and Fruit Juices,51,0.53,0.11,13.5,1
168195,"Clementines, raw",Fruits and Fruit Juices,47,0.85,0.15,12.02,1
168196,"Guanabana nectar, canned",Fruits and Fruit Juices,59,0.11,0.17,14.93,8
168197,"Juice, apple and grape blend, with added ascorbic acid",Fruits and Fruit Juices,50,0.16,0.12,12.46,7
168198,"Juice, apple, grape and pear blend, with added ascorbic acid and calcium",Fruits and Fruit Juices,52,0.17,0.12,12.96,5
168199,"Plantains, green, fried",Fruits and Fruit Juices,309,1.5,11.81,49.17,2
168200,"Plantains, yellow, fried, Latino restaurant",Fruits and Fruit Juices,236,1.42,7.51,40.77,6
168201,"Apples, raw, red delicious, with skin (Includes foods for USDA's Food Distribution Program)",Fruits and Fruit Juices,59,0.27,0.2,14.06,1
168202,"Apples, raw, golden delicious, with skin",Fruits and Fruit Juices,57,0.28,0.15,13.6,2
168203,"Apples, raw, granny smith, with skin (Includes foods for USDA's Food Distribution Program)",Fruits and Fruit Juices,58,0.44,0.19,13.61,1
168204,"Apples, raw, gala, with skin (Includes foods for USDA's Food Distribution Program)",Fruits and Fruit Juices,57,0.25,0.12,13.68,1
168205,"Pineapple juice, canned, not from concentrate, unsweetened, with added vitamins A, C and E",Fruits and Fruit Juices,50,0.36,0.14,12.18,3
168206,"Fruit juice smoothie, NAKED JUICE, BLUE MACHINE",Fruits and Fruit Juices,71,0.42,0,16.67,4
168207,"Grape juice, canned or bottled, unsweetened, with added ascorbic acid and calcium",Fruits and Fruit Juices,62,0.37,0.13,14.77,5
168208,"Fruit juice smoothie, ODWALLA, ORIGINAL SUPERFOOD",Fruits and Fruit Juices,50,0.63,0.36,11.51,3
168209,"Raspberries, frozen, red, unsweetened",Fruits and Fruit Juices,56,1.15,0.81,12.55,4
168210,"Guava nectar, with sucralose, canned",Fruits and Fruit Juices,48,0.3,0.07,13.3,6
168211,"Kiwifruit, ZESPRI SunGold, raw",Fruits and Fruit Juices,63,1.02,0.28,15.79,3
168212,"Cranberry juice blend, 100% juice, bottled, with added vitamin C and calcium",Fruits and Fruit Juices,45,0.27,0.12,10.91,6
168213,"Fruit juice smoothie, ODWALLA, strawberry banana",Fruits and Fruit Juices,48,0.5,0.32,11.05,2
168214,"Fruit juice smoothie, NAKED JUICE, strawberry banana",Fruits and Fruit Juices,50,0.48,0.27,11.66,2
168215,"Plantains, green, raw",Fruits and Fruit Juices,152,1.25,0.07,36.66,2
168216,"Plantains, green, boiled",Fruits and Fruit Juices,121,1.09,0.08,29.15,2
168217,Raspberry juice concentrate,Fruits and Fruit Juices,221,3.04,1.34,53.19,10
168218,"Pork, fresh, composite of separable fat, with added solution, cooked",Pork Products,585,10.06,60.42,0.32,125
168219,"Pork, fresh, carcass, separable lean and fat, raw",Pork Products,376,13.91,35.07,0,42
168220,"Pork, fresh, composite of trimmed retail cuts (leg, loin, shoulder), separable lean only, raw",Pork Products,134,21.2,4.86,0,59
168221,"Pork, fresh, separable fat, cooked",Pork Products,626,7.06,66.1,0,56
168222,"Pork, fresh, leg (ham), whole, separable lean and fat, raw",Pork Products,245,17.43,18.87,0,47
168223,"Pork, fresh, leg (ham), whole, separable lean and fat, cooked, roasted",Pork Products,273,26.83,17.61,0,60
168224,"Pork, fresh, leg (ham), whole, separable lean only, raw",Pork Products,136,20.48,5.41,0,55
168225,"Pork, fresh, leg (ham), whole, separable lean only, cooked, roasted",Pork Products,211,29.41,9.44,0,64
168226,"Pork, fresh, leg (ham), shank half, separable lean and fat, raw",Pork Products,193,19.87,11.96,0,84
168227,"Pork, fresh, leg (ham), shank half, separable lean and fat, cooked, roasted",Pork Products,232,25.96,13.42,0,81
168228,"Pork, fresh, leg (ham), shank half, separable lean only, raw",Pork Products,119,21.66,2.95,0,90
168229,"Pork, fresh, leg (ham), shank half, separable lean only, cooked, roasted",Pork Products,175,28.69,5.83,0,84
168230,"Pork, fresh, loin, whole, separable lean only, raw",Pork Products,143,21.43,5.66,0,52
168231,"Pork, fresh, loin, whole, separable lean only, cooked, braised",Pork Products,204,28.57,9.12,0,50
168232,"Pork, fresh, loin, whole, separable lean only, cooked, broiled",Pork Products,210,28.57,9.8,0,64
168233,"Pork, fresh, loin, whole, separable lean only, cooked, roasted",Pork Products,209,28.62,9.63,0,58
168234,"Pork, fresh, loin, blade (chops or roasts), bone-in, separable lean only, raw",Pork Products,143,21.22,5.84,0,73
168235,"Pork, fresh, loin, blade (chops), bone-in, separable lean only, cooked, braised",Pork Products,222,28.02,11.29,0,70
168236,"Pork, fresh, loin, blade (chops), bone-in, separable lean only, cooked, broiled",Pork Products,193,24.99,9.56,0,76
168237,"Pork, fresh, loin, blade (roasts), bone-in, separable lean only, cooked, roasted",Pork Products,217,25.7,11.89,0,78
168238,"Pork, fresh, loin, center loin (chops), bone-in, separable lean and fat, raw",Pork Products,170,20.71,9.03,0,55
168239,"Pork, fresh, loin, center loin (chops), bone-in, separable lean only, cooked, braised",Pork Products,200,30.2,7.86,0,75
168240,"Pork, fresh, loin, center loin (chops), bone-in, separable lean only, cooked, broiled",Pork Products,180,26.76,7.29,0,56
168241,"Pork, fresh, loin, center loin (roasts), bone-in, separable lean only, cooked, roasted",Pork Products,194,28.58,7.95,0,86
168242,"Pork, fresh, loin, center rib (chops or roasts), bone-in, separable lean and fat, raw",Pork Products,186,20.28,11.04,0,56
168243,"Pork, fresh, loin, center rib (chops), bone-in, separable lean only, cooked, braised",Pork Products,208,29.03,9.32,0,72
168244,"Pork, fresh, loin, center rib (chops), bone-in, separable lean only, cooked, broiled",Pork Products,186,25.79,8.36,0,57
168245,"Pork, fresh, loin, center rib (roasts), bone-in, separable lean only, cooked, roasted",Pork Products,206,28.82,9.21,0,95
168246,"Pork, fresh, loin, sirloin (chops or roasts), bone-in, separable lean and fat, raw",Pork Products,168,20.48,8.96,0,57
168247,"Pork, fresh, loin, sirloin (chops), bone-in, separable lean only, cooked, broiled",Pork Products,174,29.29,5.45,0,89
168248,"Pork, fresh, loin, sirloin (roasts), bone-in, separable lean only, cooked, roasted",Pork Products,204,27.78,9.44,0,59
168249,"Pork, fresh, loin, tenderloin, separable lean only, raw",Pork Products,109,20.95,2.17,0,53
168250,"Pork, fresh, loin, tenderloin, separable lean only, cooked, roasted",Pork Products,143,26.17,3.51,0,57
168251,"Pork, fresh, loin, top loin (chops), boneless, separable lean only, raw",Pork Products,127,22.41,3.42,0,49
168252,"Pork, fresh, loin, top loin (chops), boneless, separable lean only, cooked, braised",Pork Products,170,30.54,4.34,0,67
168253,"Pork, fresh, loin, top loin (chops), boneless, separable lean only, cooked, broiled",Pork Products,173,27.58,6.08,0,45
168254,"Pork, fresh, loin, top loin (roasts), boneless, separable lean only, cooked, roasted",Pork Products,173,27.23,6.28,0,47
168255,"Pork, fresh, shoulder, arm picnic, separable lean and fat, raw",Pork Products,193,18.71,12.51,0,84
168256,"Pork, fresh, shoulder, arm picnic, separable lean and fat, cooked, braised",Pork Products,235,24.88,14.33,0,96
168257,"Pork, fresh, shoulder, arm picnic, separable lean and fat, cooked, roasted",Pork Products,317,23.47,24.01,0,70
168258,"Pork, fresh, shoulder, arm picnic, separable lean only, raw",Pork Products,120,20.26,3.77,0,90
168259,"Pork, fresh, shoulder, blade, boston (roasts), separable lean and fat, cooked, roasted",Pork Products,269,23.11,18.86,0,67
168260,"Pork, fresh, shoulder, (Boston butt), blade (steaks), separable lean only, raw",Pork Products,132,18.73,5.71,0,65
168261,"Pork, fresh, shoulder, (Boston butt), blade (steaks), separable lean only, cooked, braised",Pork Products,233,26.57,13.2,0,60
168262,"Pork, fresh, shoulder, blade, boston (steaks), separable lean only, cooked, broiled",Pork Products,227,26.74,12.54,0,74
168263,"Pork, fresh, loin, center loin (chops), boneless, separable lean only, raw",Pork Products,123,23.75,3.09,0,87
168264,"Pork, fresh, variety meats and by-products, brain, raw",Pork Products,127,10.28,9.21,0,120
168265,"Pork, fresh, variety meats and by-products, brain, cooked, braised",Pork Products,138,12.14,9.51,0,91
168266,"Pork, fresh, variety meats and by-products, chitterlings, raw",Pork Products,182,7.64,16.61,0,24
168267,"Pork, fresh, variety meats and by-products, heart, raw",Pork Products,118,17.27,4.36,1.33,56
168268,"Pork, fresh, variety meats and by-products, heart, cooked, braised",Pork Products,148,23.6,5.05,0.4,35
168269,"Pork, fresh, variety meats and by-products, jowl, raw",Pork Products,655,6.38,69.61,0,25
168270,"Pork, fresh, variety meats and by-products, kidneys, raw",Pork Products,100,16.46,3.25,0,121
168271,"Pork, fresh, variety meats and by-products, lungs, cooked, braised",Pork Products,99,16.6,3.1,0,81
168272,"Pork, fresh, variety meats and by-products, mechanically separated, raw",Pork Products,304,15.03,26.54,0,50
168273,"Pork, fresh, variety meats and by-products, pancreas, raw",Pork Products,199,18.56,13.24,0,44
168274,"Pork, fresh, variety meats and by-products, pancreas, cooked, braised",Pork Products,219,28.5,10.8,0,42
168275,"Pork, fresh, variety meats and by-products, tongue, raw",Pork Products,225,16.3,17.2,0,110
168276,"Pork, fresh, variety meats and by-products, tongue, cooked, braised",Pork Products,271,24.1,18.6,0,109
168277,"Pork, cured, bacon, unprepared",Pork Products,393,13.66,37.13,0,751
168278,"Pork, cured, breakfast strips, raw or unheated",Pork Products,388,11.74,37.16,0.7,987
168279,"Pork, cured, ham, extra lean (approximately 4% fat), canned, unheated",Pork Products,120,18.49,4.56,0,1255
168280,"Pork, cured, ham, extra lean (approximately 4% fat), canned, roasted",Pork Products,136,21.16,4.88,0.52,1135
168281,"Pork, cured, ham, regular (approximately 13% fat), canned, roasted",Pork Products,226,20.53,15.2,0.42,941
168282,"Pork, cured, ham, center slice, country-style, separable lean only, raw",Pork Products,195,27.8,8.32,0.3,2695
168283,"Pork, cured, ham, center slice, separable lean and fat, unheated",Pork Products,203,20.17,12.9,0.05,1386
168284,"Pork, cured, ham, whole, separable lean only, roasted",Pork Products,157,25.05,5.5,0,1327
168285,"Pork, fresh, loin, center loin (chops), boneless, separable lean only, cooked, pan-broiled",Pork Products,162,30.02,4.65,0,91
168286,"Pork, fresh, loin, center loin (chops), boneless, separable lean and fat, raw",Pork Products,201,21.14,12.96,0,82
168287,"Pork, cured, salt pork, raw",Pork Products,748,5.05,80.5,0,2684
168288,"Pork, cured, shoulder, blade roll, separable lean and fat, unheated",Pork Products,269,16.47,21.98,0,1250
168289,"Pork, cured, shoulder, blade roll, separable lean and fat, roasted",Pork Products,287,17.28,23.48,0.37,973
168290,"Pork, fresh, variety meats and by-products, feet, cooked, simmered",Pork Products,238,21.94,16.05,0,73
168291,"Pork, fresh, variety meats and by-products, tail, raw",Pork Products,378,17.75,33.5,0,63
168292,"Pork, fresh, loin, center loin (chops), bone-in, separable lean and fat, cooked, pan-fried",Pork Products,238,27.63,13.32,0,94
168293,"Pork, fresh, loin, center rib (chops), bone-in, separable lean and fat, cooked, pan-fried",Pork Products,256,26.81,15.71,0,84
168294,"Pork, fresh, loin, top loin (chops), boneless, separable lean only, cooked, pan-fried",Pork Products,172,30.46,4.62,0,87
168295,"Pork, cured, ham, boneless, extra lean and regular, unheated",Pork Products,162,18.26,8.39,2.28,1278
168296,"Pork, cured, ham, boneless, extra lean and regular, roasted",Pork Products,165,21.97,7.66,0.5,1385
168297,"Pork, fresh, composite of trimmed retail cuts (leg, loin, shoulder, and spareribs), separable lean and fat, cooked",Pork Products,238,26.36,13.89,0,57
168298,"Pork, fresh, loin, center loin (chops), boneless, separable lean and fat, cooked, pan-broiled",Pork Products,229,26.68,13.6,0,86
168299,"Pork, fresh, backribs, separable lean and fat, raw",Pork Products,224,19.07,16.33,0,87
168300,"Pork, fresh, backribs, separable lean and fat, cooked, roasted",Pork Products,292,23.01,21.51,0,94
168301,"Pork, fresh, loin, center rib (roasts), boneless, separable lean and fat, cooked, roasted",Pork Products,252,26.99,15.15,0,48
168302,"Pork, fresh, loin, center rib (chops or roasts), boneless, separable lean only, raw",Pork Products,152,21.8,6.48,0,45
168303,"Pork, fresh, loin, center rib (chops), boneless, separable lean only, cooked, braised",Pork Products,211,27.95,10.14,0,41
168304,"Pork, fresh, loin, center rib (chops), boneless, separable lean only, cooked, broiled",Pork Products,216,29.46,10.05,0,65
168305,"Pork, fresh, loin, country-style ribs, separable lean only, raw",Pork Products,140,20.76,5.64,0,67
168306,"Pork, fresh, loin, country-style ribs, separable lean only, cooked, braised",Pork Products,247,27.74,14.26,0,60
168307,"Pork, fresh, loin, country-style ribs, separable lean only, bone-in, cooked, roasted",Pork Products,227,29.2,11.38,0,91
168308,"Pork, fresh, loin, sirloin (chops or roasts), boneless, separable lean and fat, raw",Pork Products,133,22.49,4.05,0,63
168309,"Pork, fresh, loin, sirloin (chops), boneless, separable lean only, cooked, braised",Pork Products,163,28.75,4.5,0,56
168310,"Pork, fresh, loin, sirloin (chops), boneless, separable lean only, cooked, broiled",Pork Products,161,28.6,4.36,0,66
168311,"Pork, fresh, loin, sirloin (roasts), boneless, separable lean only, cooked, roasted",Pork Products,178,30.39,5.31,0,66
168312,"Pork, fresh, loin, tenderloin, separable lean and fat, raw",Pork Products,120,20.65,3.53,0,52
168313,"Pork, fresh, loin, tenderloin, separable lean only, cooked, broiled",Pork Products,187,30.42,6.33,0,65
168314,"Pork, fresh, loin, top loin (roasts), boneless, separable lean and fat, raw",Pork Products,166,21.34,8.33,0,47
168315,"Pork, fresh, loin, top loin (roasts), boneless, separable lean only, raw",Pork Products,132,22.39,4.06,0,49
168316,"Pork, fresh, composite of trimmed retail cuts (loin and shoulder blade), separable lean and fat, raw",Pork Products,177,20.08,10.14,0,54
168317,"HORMEL ALWAYS TENDER, Pork Tenderloin, Peppercorn-Flavored",Pork Products,110,17.21,3.8,1.82,594
168318,"HORMEL ALWAYS TENDER, Pork Loin Filets, Lemon Garlic-Flavored",Pork Products,118,17.83,4.16,1.79,590
168319,"HORMEL ALWAYS TENDER, Center Cut Chops, Fresh Pork",Pork Products,167,18.74,9.62,0.84,378
168320,"HORMEL ALWAYS TENDER, Boneless Pork Loin, Fresh Pork",Pork Products,145,19.02,7.18,0.76,358
168321,"Pork, cured, bacon, cooked, microwaved",Pork Products,476,39.01,34.12,0.48,1783
168322,"Pork, cured, bacon, pre-sliced, cooked, pan-fried",Pork Products,468,33.92,35.09,1.7,1684
168323,"Pork, fresh, variety meats and by-products, stomach, cooked, simmered",Pork Products,157,21.4,7.26,0.09,40
168324,"Pork, bacon, rendered fat, cooked",Pork Products,898,0.07,99.5,0,27
168325,"Pork, cured, ham and water product, slice, bone-in, separable lean only, heated, pan-broil",Pork Products,122,20.9,3.63,1.35,1237
168326,"Pork, cured, ham and water product, slice, boneless, separable lean only, heated, pan-broil",Pork Products,123,15.09,5.06,4.69,1390
168327,"Pork, cured, ham and water product, whole, boneless, separable lean only, heated, roasted",Pork Products,123,13.88,5.46,4.61,1335
168328,"Pork, cured, ham and water product, whole, boneless, separable lean only, unheated",Pork Products,116,14.07,4.86,4.22,1310
168329,"Pork, cured, ham -- water added, slice, boneless, separable lean only, heated, pan-broil",Pork Products,119,18.82,4.09,1.75,1223
168330,"Pork, cured, ham with natural juices, slice, bone-in, separable lean only, heated, pan-broil",Pork Products,150,27.75,4.38,0,835
168331,"Pork, cured, ham with natural juices, spiral slice, meat only, boneless, separable lean only, heated, roasted",Pork Products,126,22.56,3.78,1.08,986
168332,"Pork, cured, ham and water product, rump, bone-in, separable lean only, heated, roasted",Pork Products,131,21.28,4.7,1.15,1267
168333,"Pork, cured, ham with natural juices, slice, boneless, separable lean only, heated, pan-broil",Pork Products,116,20.95,3.16,1.05,1163
168334,"Pork, cured, ham with natural juices, whole, boneless, separable lean only, heated, roasted",Pork Products,113,20.57,3.01,0.84,1180
168335,"Pork, cured, ham with natural juices, whole, boneless, separable lean only, unheated",Pork Products,111,19.44,3.21,1.03,1098
168336,"Pork, cured, ham -- water added, shank, bone-in, separable lean only, unheated",Pork Products,91,18.65,1.87,0.71,1040
168337,"Pork, cured, ham with natural juices, rump, bone-in, separable lean only, unheated",Pork Products,122,22.71,3.47,0.43,893
168338,"Pork, cured, ham with natural juices, shank, bone-in, separable lean only, unheated",Pork Products,130,25.11,3.33,0.3,809
168339,"Pork, cured, ham with natural juices, slice, bone-in, separable lean only, unheated",Pork Products,123,24.34,2.87,0,861
168340,"Pork, cured, ham with natural juices, spiral slice, boneless, separable lean only, unheated",Pork Products,109,19.25,3.26,1.22,895
168341,"Pork, cured, ham with natural juices, spiral slice, boneless, separable lean and fat, unheated",Pork Products,129,18.66,5.75,1.18,881
168342,"Pork, cured, ham with natural juices, slice, bone-in, separable lean and fat, unheated",Pork Products,159,22.82,7.4,0.17,839
168343,"Pork, cured, ham with natural juices, shank, bone-in, separable lean and fat, unheated",Pork Products,191,22.35,11.11,0.32,779
168344,"Pork, cured, ham with natural juices, rump, bone-in, separable lean and fat, unheated",Pork Products,200,19.7,13.26,0.43,838
168345,"Pork, cured, ham -- water added, whole, boneless, separable lean and fat, unheated",Pork Products,121,17.06,5.38,1.42,1126
168346,"Pork, cured, ham -- water added, slice, bone-in, separable lean and fat, unheated",Pork Products,164,15.73,10.77,1.1,1011
168347,"Pork, cured, ham -- water added, shank, bone-in, separable lean and fat, unheated",Pork Products,167,16.65,11.02,0.66,964
168348,"Pork, cured, ham -- water added, rump, bone-in, separable lean and fat, unheated",Pork Products,172,13.99,12.5,0.8,1069
168349,"Pork, cured, ham -- water added, whole, boneless, separable lean and fat, heated, roasted",Pork Products,126,17.77,5.48,1.54,1181
168350,"Pork, cured, ham and water product, rump, bone-in, separable lean and fat, heated, roasted",Pork Products,186,19.46,11.48,1.15,1181
168351,"Pork, cured, ham and water product, shank, bone-in, separable lean and fat, heated, roasted",Pork Products,234,18.17,17.29,1.42,945
168352,"Pork, cured, ham and water product, slice, bone-in, separable lean and fat, heated, pan-broil",Pork Products,155,19.85,7.78,1.41,1188
168353,"Pork, cured, ham with natural juices, slice, boneless, separable lean and fat, heated, pan-broil",Pork Products,118,20.89,3.4,1.04,1160
168354,"Pork, cured, ham with natural juices, spiral slice, boneless, separable lean and fat, heated, roasted",Pork Products,139,22.18,5.1,1.06,977
168355,"Pork, cured, ham with natural juices, whole, boneless, separable lean and fat, heated, roasted",Pork Products,114,20.54,3.13,0.84,1179
168356,"Pork, cured, ham, rump, bone-in, separable lean and fat, heated, roasted",Pork Products,177,23.95,8.88,0.64,826
168357,"Pork, cured, ham, shank, bone-in, separable lean and fat, heated, roasted",Pork Products,191,24.39,9.35,0.64,810
168358,"Pork, cured, ham, shank, bone-in, separable lean and fat, unheated",Pork Products,177,21.61,9.85,0.41,816
168359,"Pork, cured, ham, slice, bone-in, separable lean and fat, heated, pan-broil",Pork Products,181,25.48,8.48,0.7,852
168360,"Pork, cured, ham, slice, bone-in, separable lean only, unheated",Pork Products,130,24.36,3.59,0,760
168361,"Pork, fresh, enhanced, loin, tenderloin, separable lean only, raw",Pork Products,106,20.39,2.09,0,243
168362,"Pork, fresh, shoulder, (Boston butt), blade (steaks), separable lean only, with added solution cooked, braised",Pork Products,227,27.58,12.14,0,154
168363,"Pork, fresh, shoulder, (Boston butt), blade (steaks), separable lean only, with added solution, raw",Pork Products,122,18.29,5.36,0.18,165
168364,"Pork, fresh, loin, top loin (chops), boneless, separable lean only, with added solution, cooked, broiled",Pork Products,170,29.65,5.73,0,315
168365,"Pork, fresh, shoulder, (Boston butt), blade (steaks), separable lean and fat,with added solution, raw",Pork Products,169,17.19,11.12,0.16,155
168366,"Pork, fresh, shoulder, (Boston butt), blade (steaks), separable lean and fat, with added solution, cooked, braised",Pork Products,263,25.84,16.94,0.03,151
168367,"Pork, cured, ham, rump, bone-in, separable lean and fat, unheated",Pork Products,176,22.27,9.38,0.52,722
168368,"Pork, loin, leg cap steak, boneless, separable lean and fat, cooked, broiled",Pork Products,158,27.57,4.41,0,76
168369,"Pork, Shoulder petite tender, boneless, separable lean and fat, raw",Pork Products,128,21.65,3.91,0,50
168370,"Pork, Leg sirloin tip roast, boneless, separable lean and fat, cooked, braised",Pork Products,156,31.11,2.56,0,43
168371,"Pork, Leg sirloin tip roast, boneless, separable lean and fat, raw",Pork Products,113,22.88,1.71,0,50
168372,"Pork, ground, 84% lean / 16% fat, raw",Pork Products,218,17.99,16,0.44,68
168373,"Pork, ground, 72% lean / 28% fat, cooked, pan-broiled",Pork Products,377,22.59,31.42,1.08,91
168374,"Pork, ground, 84% lean / 16% fat, cooked, pan-broiled",Pork Products,301,27.14,21.39,0,89
168375,"Pork, ground, 96% lean / 4% fat, cooked, pan-broiled",Pork Products,185,31.69,6.2,0.57,88
168376,"Pork loin, fresh, backribs, bone-in, raw, lean only",Pork Products,172,20.85,9.84,0,95
168377,"Pork loin, fresh, backribs, bone-in, cooked-roasted, lean only",Pork Products,255,24.15,17.65,0,98
168378,"Pork, fresh, loin, country-style ribs, separable lean only, bone-in, cooked, broiled",Pork Products,216,27.83,11.65,0,84
168379,"Pork, fresh, loin, country-style ribs, separable lean only, boneless, cooked, roasted",Pork Products,219,29.2,11.38,0,72
168380,"Pork, fresh, blade, (chops), boneless, separable lean and fat, cooked, broiled",Pork Products,202,24.73,11.13,0.83,58
168381,"Pork, fresh, loin, blade (chops or roasts), boneless, separable lean and fat only, raw",Pork Products,157,20.54,7.94,0.76,64
168382,"Bacon, pre-sliced, reduced/low sodium, unprepared",Pork Products,407,12.53,39.27,0.83,470
168383,"Canadian bacon, cooked, pan-fried",Pork Products,146,28.31,2.78,1.8,993
168384,"Alfalfa seeds, sprouted, raw",Vegetables and Vegetable Products,23,3.99,0.69,2.1,6
168385,"Amaranth leaves, raw",Vegetables and Vegetable Products,23,2.46,0.33,4.02,20
168386,"Artichokes, (globe or french), cooked, boiled, drained, without salt",Vegetables and Vegetable Products,53,2.89,0.34,11.95,60
168387,"Artichokes, (globe or french), frozen, unprepared",Vegetables and Vegetable Products,38,2.63,0.43,7.75,47
168388,"Artichokes, (globe or french), frozen, cooked, boiled, drained, without salt",Vegetables and Vegetable Products,45,3.11,0.5,9.18,53
168389,"Asparagus, raw",Vegetables and Vegetable Products,20,2.2,0.12,3.88,2
168390,"Asparagus, cooked, boiled, drained",Vegetables and Vegetable Products,22,2.4,0.22,4.11,14
168391,"Balsam-pear (bitter gourd), leafy tips, raw",Vegetables and Vegetable Products,30,5.3,0.69,3.29,11
168392,"Balsam-pear (bitter gourd), leafy tips, cooked, boiled, drained, without salt",Vegetables and Vegetable Products,34,3.6,0.2,6.68,13
168393,"Balsam-pear (bitter gourd), pods, raw",Vegetables and Vegetable Products,17,1,0.17,3.7,5
168394,"Balsam-pear (bitter gourd), pods, cooked, boiled, drained, without salt",Vegetables and Vegetable Products,19,0.84,0.18,4.32,6
168395,"Beans, kidney, mature seeds, sprouted, cooked, boiled, drained, without salt",Vegetables and Vegetable Products,33,4.83,0.58,4.72,7
168396,"Lima beans, immature seeds, raw",Vegetables and Vegetable Products,113,6.84,0.86,20.17,8
168397,"Corn, sweet, yellow, canned, drained solids, rinsed with tap water",Vegetables and Vegetable Products,64,2.18,1.43,13.02,163
168398,"Corn, sweet, yellow, frozen, kernels cut off cob, unprepared (Includes foods for USDA's Food Distribution Program)",Vegetables and Vegetable Products,88,3.02,0.78,20.71,3
168399,"Corn, sweet, yellow, frozen, kernels cut off cob, boiled, drained, without salt",Vegetables and Vegetable Products,81,2.55,0.67,19.3,1
168400,"Corn, sweet, yellow, frozen, kernels on cob, unprepared",Vegetables and Vegetable Products,98,3.28,0.78,23.5,5
168401,"Corn, sweet, yellow, frozen, kernels on cob, cooked, boiled, drained, without salt",Vegetables and Vegetable Products,94,3.11,0.74,22.33,4
168402,"Cowpeas (blackeyes), immature seeds, cooked, boiled, drained, without salt",Vegetables and Vegetable Products,97,3.17,0.38,20.32,4
168403,"Cowpeas (blackeyes), immature seeds, frozen, unprepared",Vegetables and Vegetable Products,139,8.98,0.7,25.13,6
168404,"Cowpeas (blackeyes), immature seeds, frozen, cooked, boiled, drained, without salt",Vegetables and Vegetable Products,132,8.49,0.66,23.76,5
168405,"Cowpeas, young pods with seeds, raw",Vegetables and Vegetable Products,44,3.3,0.3,9.5,4
168406,"Cowpeas, leafy tips, cooked, boiled, drained, without salt",Vegetables and Vegetable Products,22,4.67,0.1,2.8,6
168407,"Cress, garden, raw",Vegetables and Vegetable Products,32,2.6,0.7,5.5,14
168408,"Cress, garden, cooked, boiled, drained, without salt",Vegetables and Vegetable Products,23,1.9,0.6,3.8,8
168409,"Cucumber, with peel, raw",Vegetables and Vegetable Products,15,0.65,0.11,3.63,2
168410,"Edamame, frozen, unprepared",Vegetables and Vegetable Products,109,11.22,4.73,7.61,6
168411,"Edamame, frozen, prepared",Vegetables and Vegetable Products,121,11.91,5.2,8.91,6
168412,"Endive, raw",Vegetables and Vegetable Products,17,1.25,0.2,3.35,22
168413,"Escarole, cooked, boiled, drained, no salt added",Vegetables and Vegetable Products,15,1.15,0.18,3.07,19
168414,"Gourd, dishcloth (towelgourd), raw",Vegetables and Vegetable Products,20,1.2,0.2,4.35,3
168415,"Gourd, dishcloth (towelgourd), cooked, boiled, drained, without salt",Vegetables and Vegetable Products,56,0.66,0.34,14.34,21
168416,"Drumstick leaves, raw",Vegetables and Vegetable Products,64,9.4,1.4,8.28,9
168417,"Drumstick leaves, cooked, boiled, drained, without salt",Vegetables and Vegetable Products,60,5.27,0.93,11.15,9
168418,"Pepeao, dried",Vegetables and Vegetable Products,298,4.82,0.44,81.03,70
168419,"Jute, potherb, raw",Vegetables and Vegetable Products,34,4.65,0.25,5.8,8
168420,"Jute, potherb, cooked, boiled, drained, without salt",Vegetables and Vegetable Products,37,3.68,0.2,7.29,11
168421,"Kale, raw",Vegetables and Vegetable Products,35,2.92,1.49,4.42,53
168422,"Mushrooms, Chanterelle, raw",Vegetables and Vegetable Products,32,1.49,0.53,6.86,9
168423,"Mushrooms, morel, raw",Vegetables and Vegetable Products,31,3.12,0.57,5.1,21
168424,"Kohlrabi, raw",Vegetables and Vegetable Products,27,1.7,0.1,6.2,20
168425,"Kohlrabi, cooked, boiled, drained, without salt",Vegetables and Vegetable Products,29,1.8,0.11,6.69,21
168426,"Leeks, (bulb and lower leaf-portion), cooked, boiled, drained, without salt",Vegetables and Vegetable Products,31,0.81,0.2,7.62,10
168427,"Lentils, sprouted, raw",Vegetables and Vegetable Products,106,8.96,0.55,22.14,11
168428,"Lentils, sprouted, cooked, stir-fried, without salt",Vegetables and Vegetable Products,101,8.8,0.45,21.25,10
168429,"Lettuce, butterhead (includes boston and bibb types), raw",Vegetables and Vegetable Products,13,1.35,0.22,2.23,5
168430,"Lotus root, cooked, boiled, drained, without salt",Vegetables and Vegetable Products,66,1.58,0.07,16.02,45
168431,"Lettuce, red leaf, raw",Vegetables and Vegetable Products,13,1.33,0.22,2.26,25
168432,"Mountain yam, hawaii, raw",Vegetables and Vegetable Products,67,1.34,0.1,16.3,13
168433,"Mountain yam, hawaii, cooked, steamed, without salt",Vegetables and Vegetable Products,82,1.73,0.08,20,12
168434,"Mushrooms, brown, italian, or crimini, raw",Vegetables and Vegetable Products,22,2.5,0.1,4.3,6
168435,"Mushrooms, shiitake, stir-fried",Vegetables and Vegetable Products,39,3.45,0.35,7.68,5
168436,"Mushrooms, shiitake, dried",Vegetables and Vegetable Products,296,9.58,0.99,75.37,13
168437,"Mushrooms, shiitake, cooked, without salt",Vegetables and Vegetable Products,56,1.56,0.22,14.39,4
168438,"Mustard spinach, (tendergreen), raw",Vegetables and Vegetable Products,22,2.2,0.3,3.9,21
168439,"Mustard spinach, (tendergreen), cooked, boiled, drained, without salt",Vegetables and Vegetable Products,16,1.7,0.2,2.8,14
168440,"New Zealand spinach, raw",Vegetables and Vegetable Products,14,1.5,0.2,2.5,130
168441,"New Zealand spinach, cooked, boiled, drained, without salt",Vegetables and Vegetable Products,12,1.3,0.17,2.13,107
168442,"Potatoes, french fried, all types, salt added in processing, frozen, unprepared",Vegetables and Vegetable Products,147,2.24,4.66,24.81,332
168443,"Potato wedges, frozen (Includes foods for USDA's Food Distribution Program)",Vegetables and Vegetable Products,129,2.7,2.2,25.46,49
168444,"Potatoes, french fried, steak fries, salt added in processing, frozen, as purchased",Vegetables and Vegetable Products,130,2.19,3.39,23.51,317
168445,"Potatoes, french fried, steak fries, salt added in processing, frozen, oven-heated",Vegetables and Vegetable Products,148,2.57,3.76,26.98,373
168446,Potato flour,Vegetables and Vegetable Products,357,6.9,0.34,83.1,55
168447,"Pumpkin leaves, cooked, boiled, drained, without salt",Vegetables and Vegetable Products,21,2.72,0.22,3.39,8
168448,"Pumpkin, raw",Vegetables and Vegetable Products,26,1,0.1,6.5,1
168449,"Pumpkin, cooked, boiled, drained, without salt",Vegetables and Vegetable Products,20,0.72,0.07,4.9,1
168450,"Pumpkin, canned, without salt",Vegetables and Vegetable Products,34,1.1,0.28,8.09,5
168451,"Radishes, oriental, raw",Vegetables and Vegetable Products,18,0.6,0.1,4.1,21
168452,"Radishes, oriental, cooked, boiled, drained, without salt",Vegetables and Vegetable Products,17,0.67,0.24,3.43,13
168453,"Radishes, oriental, dried",Vegetables and Vegetable Products,271,7.9,0.72,63.37,278
168454,"Rutabagas, raw",Vegetables and Vegetable Products,37,1.08,0.16,8.62,12
168455,"Rutabagas, cooked, boiled, drained, without salt",Vegetables and Vegetable Products,30,0.93,0.18,6.84,5
168456,"Seaweed, irishmoss, raw",Vegetables and Vegetable Products,49,1.51,0.16,12.29,67
168457,"Seaweed, kelp, raw",Vegetables and Vegetable Products,43,1.68,0.56,9.57,233
168458,"Seaweed, laver, raw",Vegetables and Vegetable Products,35,5.81,0.28,5.11,48
168459,"Sesbania flower, raw",Vegetables and Vegetable Products,27,1.28,0.04,6.73,15
168460,"Soybeans, mature seeds, sprouted, cooked, steamed",Vegetables and Vegetable Products,81,8.47,4.45,6.53,10
168461,"Soybeans, mature seeds, sprouted, cooked, stir-fried",Vegetables and Vegetable Products,125,13.1,7.1,9.4,14
168462,"Spinach, raw",Vegetables and Vegetable Products,23,2.86,0.39,3.63,79
168463,"Spinach, cooked, boiled, drained, without salt",Vegetables and Vegetable Products,23,2.97,0.26,3.75,70
168464,"Squash, summer, crookneck and straightneck, raw",Vegetables and Vegetable Products,19,1.01,0.27,3.88,2
168465,"Squash, summer, crookneck and straightneck, cooked, boiled, drained, without salt",Vegetables and Vegetable Products,19,1.04,0.39,3.79,1
168466,"Squash, summer, crookneck and straightneck, canned, drained, solid, without salt",Vegetables and Vegetable Products,13,0.61,0.07,2.96,5
168467,"Squash, summer, crookneck and straightneck, frozen, unprepared",Vegetables and Vegetable Products,20,0.83,0.14,4.8,5
168468,"Squash, summer, crookneck and straightneck, frozen, cooked, boiled, drained, without salt",Vegetables and Vegetable Products,25,1.28,0.2,5.54,6
168469,"Squash, summer, zucchini, includes skin, frozen, unprepared",Vegetables and Vegetable Products,17,1.16,0.13,3.58,2
168470,"Squash, summer, zucchini, includes skin, frozen, cooked, boiled, drained, without salt",Vegetables and Vegetable Products,17,1.15,0.13,3.56,2
168471,"Squash, summer, zucchini, italian style, canned",Vegetables and Vegetable Products,29,1.03,0.11,6.85,374
168472,"Squash, winter, acorn, raw",Vegetables and Vegetable Products,40,0.8,0.1,10.42,3
168473,"Squash, winter, butternut, frozen, unprepared",Vegetables and Vegetable Products,57,1.76,0.1,14.41,2
168474,"Squash, winter, butternut, frozen, cooked, boiled, without salt",Vegetables and Vegetable Products,39,1.23,0.07,10.05,2
168475,"Squash, winter, hubbard, raw",Vegetables and Vegetable Products,40,2,0.5,8.7,7
168476,"Squash, winter, hubbard, baked, without salt",Vegetables and Vegetable Products,50,2.48,0.62,10.81,8
168477,"Succotash, (corn and limas), cooked, boiled, drained, without salt",Vegetables and Vegetable Products,115,5.07,0.8,24.38,17
168478,"Succotash, (corn and limas), canned, with cream style corn",Vegetables and Vegetable Products,77,2.64,0.54,17.61,245
168479,"Succotash, (corn and limas), canned, with whole kernel corn, solids and liquids",Vegetables and Vegetable Products,63,2.6,0.49,13.98,221
168480,"Succotash, (corn and limas), frozen, unprepared",Vegetables and Vegetable Products,93,4.31,0.89,19.94,45
168481,"Succotash, (corn and limas), frozen, cooked, boiled, drained, without salt",Vegetables and Vegetable Products,93,4.31,0.89,19.95,45
168482,"Sweet potato, raw, unprepared (Includes foods for USDA's Food Distribution Program)",Vegetables and Vegetable Products,86,1.57,0.05,20.12,55
168483,"Sweet potato, cooked, baked in skin, flesh, without salt",Vegetables and Vegetable Products,90,2.01,0.15,20.71,36
168484,"Sweet potato, cooked, boiled, without skin",Vegetables and Vegetable Products,76,1.37,0.14,17.72,27
168485,"Sweet potato, canned, vacuum pack",Vegetables and Vegetable Products,91,1.65,0.2,21.12,53
168486,"Taro, cooked, without salt",Vegetables and Vegetable Products,142,0.52,0.11,34.6,15
168487,"Taro leaves, raw",Vegetables and Vegetable Products,42,4.98,0.74,6.7,3
168488,"Taro leaves, cooked, steamed, without salt",Vegetables and Vegetable Products,24,2.72,0.41,4.02,2
168489,"Taro shoots, raw",Vegetables and Vegetable Products,11,0.92,0.09,2.32,1
168490,"Arrowroot, raw",Vegetables and Vegetable Products,65,4.24,0.2,13.39,26
168491,"Chrysanthemum leaves, raw",Vegetables and Vegetable Products,24,3.36,0.56,3.01,118
168492,"Amaranth leaves, cooked, boiled, drained, with salt",Vegetables and Vegetable Products,21,2.11,0.18,4.11,257
168493,"Arrowhead, cooked, boiled, drained, with salt",Vegetables and Vegetable Products,78,4.49,0.1,16.14,254
168494,"Asparagus, frozen, cooked, boiled, drained, with salt",Vegetables and Vegetable Products,18,2.95,0.42,1.92,240
168495,"Balsam-pear (bitter gourd), leafy tips, cooked, boiled, drained, with salt",Vegetables and Vegetable Products,32,3.6,0.2,6.16,249
168496,"Balsam-pear (bitter gourd), pods, cooked, boiled, drained, with salt",Vegetables and Vegetable Products,19,0.84,0.18,4.32,242
168497,"Bamboo shoots, cooked, boiled, drained, with salt",Vegetables and Vegetable Products,11,1.53,0.22,1.52,240
168498,"Lima beans, immature seeds, frozen, fordhook, cooked, boiled, drained, with salt",Vegetables and Vegetable Products,103,6.07,0.34,19.32,289
168499,"Mung beans, mature seeds, sprouted, cooked, boiled, drained, with salt",Vegetables and Vegetable Products,19,2.03,0.09,3.6,246
168500,"Beans, navy, mature seeds, sprouted, cooked, boiled, drained, with salt",Vegetables and Vegetable Products,78,7.07,0.81,15.01,250
168501,"Beans, pinto, immature seeds, frozen, cooked, boiled, drained, with salt",Vegetables and Vegetable Products,162,9.31,0.48,30.87,319
168502,"Beans, snap, green, canned, no salt added, solids and liquids",Vegetables and Vegetable Products,15,0.8,0.1,3.5,14
168503,"Beans, snap, yellow, canned, regular pack, solids and liquids",Vegetables and Vegetable Products,15,0.8,0.1,3.5,259
168504,"Beans, snap, yellow, canned, no salt added, solids and liquids",Vegetables and Vegetable Products,15,0.8,0.1,3.5,14
168505,"Beans, snap, green, canned, no salt added, drained solids",Vegetables and Vegetable Products,22,1.12,0.46,4.32,2
168506,"Beets, cooked, boiled. drained, with salt",Vegetables and Vegetable Products,44,1.68,0.18,9.96,285
168507,"Beets, canned, no salt added, solids and liquids",Vegetables and Vegetable Products,28,0.8,0.07,6.57,21
168508,"Beet greens, cooked, boiled, drained, with salt",Vegetables and Vegetable Products,27,2.57,0.2,5.46,477
168509,"Borage, cooked, boiled, drained, with salt",Vegetables and Vegetable Products,25,2.09,0.81,3.55,324
168510,"Broccoli, cooked, boiled, drained, with salt",Vegetables and Vegetable Products,35,2.38,0.41,7.18,262
168511,"Broccoli, frozen, chopped, cooked, boiled, drained, with salt",Vegetables and Vegetable Products,28,3.1,0.12,5.35,260
168512,"Broccoli, frozen, spears, cooked, boiled, drained, with salt",Vegetables and Vegetable Products,28,3.1,0.11,5.35,260
168513,"Brussels sprouts, cooked, boiled, drained, with salt",Vegetables and Vegetable Products,36,2.55,0.5,7.1,257
168514,"Cabbage, common, cooked, boiled, drained, with salt",Vegetables and Vegetable Products,23,1.27,0.06,5.51,255
168515,"Cabbage, red, cooked, boiled, drained, with salt",Vegetables and Vegetable Products,29,1.51,0.09,6.94,244
168516,"Cabbage, savoy, cooked, boiled, drained, with salt",Vegetables and Vegetable Products,24,1.8,0.09,5.41,260
168517,"Cabbage, chinese (pak-choi), cooked, boiled, drained, with salt",Vegetables and Vegetable Products,12,1.56,0.16,1.78,270
168518,"Carrots, canned, no salt added, drained solids",Vegetables and Vegetable Products,25,0.64,0.19,5.54,42
168519,"Carrots, frozen, cooked, boiled, drained, with salt",Vegetables and Vegetable Products,37,0.58,0.68,7.73,295
168520,"Cauliflower, cooked, boiled, drained, with salt",Vegetables and Vegetable Products,23,1.84,0.45,4.11,242
168521,"Cauliflower, frozen, cooked, boiled, drained, with salt",Vegetables and Vegetable Products,17,1.61,0.22,3.16,254
168522,"Chrysanthemum, garland, cooked, boiled, drained, with salt",Vegetables and Vegetable Products,20,1.64,0.09,4.31,289
168523,"Collards, cooked, boiled, drained, with salt",Vegetables and Vegetable Products,33,2.71,0.72,5.65,252
168524,"Collards, frozen, chopped, cooked, boiled, drained, with salt",Vegetables and Vegetable Products,36,2.97,0.41,7.1,286
168525,"Corn, sweet, yellow, cooked, boiled, drained, with salt",Vegetables and Vegetable Products,96,3.41,1.5,20.98,253
168526,"Cowpeas (blackeyes), immature seeds, cooked, boiled, drained, with salt",Vegetables and Vegetable Products,94,3.17,0.38,19.73,240
168527,"Cowpeas (blackeyes), immature seeds, frozen, cooked, boiled, drained, with salt",Vegetables and Vegetable Products,131,8.49,0.66,23.5,241
168528,"Cowpeas, young pods with seeds, cooked, boiled, drained, with salt",Vegetables and Vegetable Products,34,2.6,0.3,7,239
168529,"Cowpeas, leafy tips, cooked, boiled, drained, with salt",Vegetables and Vegetable Products,22,4.67,0.1,2.8,242
168530,"Gourd, dishcloth (towelgourd), cooked, boiled, drained, with salt",Vegetables and Vegetable Products,54,0.66,0.34,13.75,257
168531,"Drumstick leaves, cooked, boiled, drained, with salt",Vegetables and Vegetable Products,60,5.27,0.93,11.15,245
168532,"Drumstick pods, cooked, boiled, drained, with salt",Vegetables and Vegetable Products,36,2.09,0.19,8.18,279
168533,"Hyacinth-beans, immature seeds, cooked, boiled, drained, with salt",Vegetables and Vegetable Products,50,2.95,0.27,9.2,238
168534,"Lambsquarters, cooked, boiled, drained, with salt",Vegetables and Vegetable Products,32,3.2,0.7,5,265
168535,"Leeks, (bulb and lower leaf-portion), cooked, boiled, drained, with salt",Vegetables and Vegetable Products,31,0.81,0.2,7.62,246
168536,"Lotus root, cooked, boiled, drained, with salt",Vegetables and Vegetable Products,66,1.58,0.07,16.02,281
168537,"Mushrooms, white, cooked, boiled, drained, with salt",Vegetables and Vegetable Products,28,2.17,0.47,5.29,238
168538,"Corn, sweet, white, raw",Vegetables and Vegetable Products,86,3.22,1.18,19.02,15
168539,"Corn, sweet, white, cooked, boiled, drained, without salt",Vegetables and Vegetable Products,97,3.34,1.41,21.71,3
168540,"Corn, sweet, white, cooked, boiled, drained, with salt",Vegetables and Vegetable Products,97,3.34,1.41,21.71,253
168541,"Corn, sweet, white, canned, whole kernel, regular pack, solids and liquids",Vegetables and Vegetable Products,64,1.95,0.5,15.41,213
168542,"Corn, sweet, white, canned, vacuum pack, regular pack",Vegetables and Vegetable Products,79,2.41,0.5,19.44,272
168543,"Corn, sweet, white, canned, vacuum pack, no salt added",Vegetables and Vegetable Products,79,2.41,0.5,19.44,3
168544,"Corn, sweet, white, frozen, kernels cut off cob, unprepared",Vegetables and Vegetable Products,88,3.02,0.77,20.73,3
168545,"Corn, sweet, white, frozen, kernels cut off cob, boiled, drained, without salt",Vegetables and Vegetable Products,80,2.75,0.43,19.56,5
168546,"Peppers, sweet, red, canned, solids and liquids",Vegetables and Vegetable Products,18,0.8,0.3,3.9,1369
168547,"Peppers, sweet, red, frozen, chopped, unprepared",Vegetables and Vegetable Products,20,1.08,0.21,4.45,5
168548,"Peppers, sweet, red, frozen, chopped, boiled, drained, without salt",Vegetables and Vegetable Products,16,0.95,0.18,3.31,4
168549,"Peppers, sweet, red, frozen, chopped, boiled, drained, with salt",Vegetables and Vegetable Products,16,0.95,0.18,3.31,240
168550,"Peppers, sweet, red, sauteed",Vegetables and Vegetable Products,133,1.04,12.75,6.57,21
168551,"Lentils, sprouted, cooked, stir-fried, with salt",Vegetables and Vegetable Products,101,8.8,0.45,21.25,246
168552,"Mountain yam, hawaii, cooked, steamed, with salt",Vegetables and Vegetable Products,82,1.73,0.08,19.99,248
168553,"Tree fern, cooked, with salt",Vegetables and Vegetable Products,40,0.29,0.07,10.78,241
168554,"Potatoes, mashed, prepared from granules, without milk, whole milk and margarine",Vegetables and Vegetable Products,108,2.05,4.93,14.4,263
168555,"Potatoes, mashed, home-prepared, whole milk and butter added",Vegetables and Vegetable Products,113,1.86,4.22,16.81,317
168556,Catsup,Vegetables and Vegetable Products,101,1.04,0.1,27.4,907
168557,"Mushrooms, brown, italian, or crimini, exposed to ultraviolet light, raw",Vegetables and Vegetable Products,22,2.5,0.1,4.3,6
168558,"Pickles, cucumber, dill or kosher dill",Vegetables and Vegetable Products,12,0.5,0.3,2.41,809
168559,"Pimento, canned",Vegetables and Vegetable Products,23,1.1,0.3,5.1,14
168560,"Pickle relish, hot dog",Vegetables and Vegetable Products,91,1.5,0.46,23.35,1091
168561,"Pickle relish, sweet",Vegetables and Vegetable Products,130,0.37,0.47,35.06,811
168562,"Pickles, cucumber, sour, low sodium",Vegetables and Vegetable Products,11,0.33,0.2,2.26,18
168563,"Pickles, cucumber, dill, reduced sodium",Vegetables and Vegetable Products,12,0.5,0.3,2.41,18
168564,"Radicchio, raw",Vegetables and Vegetable Products,23,1.43,0.25,4.48,22
168565,"Squash, zucchini, baby, raw",Vegetables and Vegetable Products,21,2.71,0.4,3.11,3
168566,"Tomatillos, raw",Vegetables and Vegetable Products,32,0.96,1.02,5.84,1
168567,"Tomatoes, sun-dried",Vegetables and Vegetable Products,258,14.11,2.97,55.76,107
168568,"Carrots, baby, raw",Vegetables and Vegetable Products,35,0.64,0.13,8.24,78
168569,"Hearts of palm, canned",Vegetables and Vegetable Products,28,2.52,0.62,4.62,426
168570,"Peppers, hot chile, sun-dried",Vegetables and Vegetable Products,324,10.58,5.81,69.86,91
168571,"Nopales, raw",Vegetables and Vegetable Products,16,1.32,0.09,3.33,21
168572,"Cabbage, napa, cooked",Vegetables and Vegetable Products,12,1.1,0.17,2.23,11
168573,"Lemon grass (citronella), raw",Vegetables and Vegetable Products,99,1.82,0.49,25.31,6
168574,"Beans, fava, in pod, raw",Vegetables and Vegetable Products,88,7.92,0.73,17.63,25
168575,"Grape leaves, raw",Vegetables and Vegetable Products,93,5.6,2.12,17.31,9
168576,"Peppers, jalapeno, raw",Vegetables and Vegetable Products,29,0.91,0.37,6.5,3
168577,"Peppers, chili, green, canned",Vegetables and Vegetable Products,21,0.72,0.27,4.6,397
168578,"Peppers, hungarian, raw",Vegetables and Vegetable Products,29,0.8,0.41,6.7,1
168579,"Peppers, pasilla, dried",Vegetables and Vegetable Products,345,12.35,15.85,51.13,89
168580,"Mushrooms, oyster, raw",Vegetables and Vegetable Products,33,3.31,0.41,6.09,18
168581,"Fungi, Cloud ears, dried",Vegetables and Vegetable Products,284,9.25,0.73,73.01,35
168582,"Mushrooms, straw, canned, drained solids",Vegetables and Vegetable Products,32,3.83,0.68,4.64,384
168583,"Wasabi, root, raw",Vegetables and Vegetable Products,109,4.8,0.63,23.54,17
168584,"Fiddlehead ferns, frozen, unprepared",Vegetables and Vegetable Products,34,4.31,0.35,5.74,0
168585,"Nuts, coconut meat, dried (desiccated), creamed",Nut and Seed Products,684,5.3,69.08,21.52,37
168586,"Nuts, coconut meat, dried (desiccated), sweetened, shredded",Nut and Seed Products,501,2.88,35.49,47.67,262
168587,"Seeds, sisymbrium sp. seeds, whole, dried",Nut and Seed Products,318,12.14,4.6,58.26,92
168588,"Nuts, almond butter, plain, without salt added",Nut and Seed Products,614,20.96,55.5,18.82,7
168589,"Nuts, chestnuts, japanese, boiled and steamed",Nut and Seed Products,56,0.82,0.19,12.64,5
168590,"Nuts, chestnuts, japanese, roasted",Nut and Seed Products,201,2.97,0.8,45.13,19
168591,"Seeds, lotus seeds, raw",Nut and Seed Products,89,4.13,0.53,17.28,1
168592,"Nuts, almonds, honey roasted, unblanched",Nut and Seed Products,594,18.17,49.9,27.9,130
168593,"Seeds, sunflower seed kernels, oil roasted, with salt added",Nut and Seed Products,592,20.06,51.3,22.89,303
168594,"Seeds, sunflower seed kernels, toasted, with salt added",Nut and Seed Products,619,17.21,56.8,20.59,613
168595,"Seeds, sunflower seed butter, with salt added (Includes foods for USDA's Food Distribution Program)",Nut and Seed Products,617,17.28,55.2,23.32,331
168596,"Nuts, almonds, dry roasted, with salt added",Nut and Seed Products,598,20.96,52.54,21.01,234
168597,"Nuts, cashew butter, plain, with salt added",Nut and Seed Products,609,12.12,53.03,30.3,295
168598,"Nuts, macadamia nuts, dry roasted, with salt added",Nut and Seed Products,716,7.79,76.08,12.83,353
168599,"Nuts, mixed nuts, dry roasted, with peanuts, with salt added",Nut and Seed Products,594,17.3,51.45,25.35,345
168600,"Nuts, mixed nuts, oil roasted, with peanuts, with salt added",Nut and Seed Products,607,20.04,53.95,21.05,273
168601,"Seeds, pumpkin and squash seeds, whole, roasted, with salt added",Nut and Seed Products,446,18.55,19.4,53.75,2541
168602,"Nuts, almonds, oil roasted, lightly salted",Nut and Seed Products,607,21.23,55.17,17.68,143
168603,"Nuts, almond butter, plain, with salt added",Nut and Seed Products,614,20.96,55.5,18.82,227
168604,"Seeds, sesame butter, tahini, type of kernels unspecified",Nut and Seed Products,592,17.4,53.01,21.5,35
168605,"Beef, retail cuts, separable fat, raw",Beef Products,674,8.21,70.89,0,26
168606,"Beef, retail cuts, separable fat, cooked",Beef Products,680,10.65,70.33,0,23
168607,"Beef, brisket, whole, separable lean only, all grades, raw",Beef Products,157,20.72,7.37,0.6,79
168608,"Beef, grass-fed, ground, raw",Beef Products,198,19.42,12.73,0,68
168609,"Beef, flank, steak, separable lean only, trimmed to 0"" fat, choice, raw",Beef Products,149,21.72,6.29,0,57
168610,"Beef, flank, steak, separable lean only, trimmed to 0"" fat, choice, cooked, braised",Beef Products,237,28.02,13,0,72
168611,"Beef, flank, steak, separable lean only, trimmed to 0"" fat, choice, cooked, broiled",Beef Products,194,27.82,8.32,0,56
168612,"Beef, rib, eye, small end (ribs 10-12), separable lean and fat, trimmed to 0"" fat, choice, raw",Beef Products,274,17.51,22.07,0,56
168613,"Beef, rib, shortribs, separable lean and fat, choice, cooked, braised",Beef Products,471,21.57,41.98,0,50
168614,"Beef, rib, shortribs, separable lean only, choice, raw",Beef Products,175,19.05,10.19,0.4,65
168615,"Beef, rib, shortribs, separable lean only, choice, cooked, braised",Beef Products,295,30.76,18.13,0,58
168616,"Beef, round, full cut, separable lean only, trimmed to 1/4"" fat, choice, cooked, broiled",Beef Products,191,29.21,7.31,0,64
168617,"Beef, round, full cut, separable lean only, trimmed to 1/4"" fat, select, cooked, broiled",Beef Products,172,29.25,5.22,0,64
168618,"Beef, short loin, porterhouse steak, separable lean only, trimmed to 1/8"" fat, choice, cooked, grilled",Beef Products,221,27.65,11.36,0,67
168619,"Beef, short loin, t-bone steak, bone-in, separable lean only, trimmed to 1/8"" fat, choice, raw",Beef Products,160,22.1,7.27,0,35
168620,"Beef, short loin, t-bone steak, bone-in, separable lean only, trimmed to 1/8"" fat, choice, cooked, grilled",Beef Products,217,27.48,11.05,0,68
168621,"Beef, rib eye, small end (ribs 10-12), separable lean only, trimmed to 0"" fat, select, raw",Beef Products,149,21.17,6.57,0,52
168622,"Beef, variety meats and by-products, brain, raw",Beef Products,143,10.86,10.3,1.05,126
168623,"Beef, variety meats and by-products, brain, cooked, pan-fried",Beef Products,196,12.57,15.83,0,158
168624,"Beef, variety meats and by-products, brain, cooked, simmered",Beef Products,151,11.67,10.53,1.48,108
168625,"Beef, variety meats and by-products, heart, raw",Beef Products,112,17.72,3.94,0.14,98
168626,"Beef, variety meats and by-products, liver, cooked, braised",Beef Products,191,29.08,5.26,5.13,79
168627,"Beef, variety meats and by-products, liver, cooked, pan-fried",Beef Products,175,26.52,4.68,5.16,77
168628,"Beef, variety meats and by-products, lungs, raw",Beef Products,92,16.2,2.5,0,198
168629,"Beef, variety meats and by-products, lungs, cooked, braised",Beef Products,120,20.4,3.7,0,101
168630,"Beef, variety meats and by-products, mechanically separated beef, raw",Beef Products,276,14.97,23.52,0,57
168631,"Beef, loin, top loin steak, boneless, lip off, separable lean and fat, trimmed to 0"" fat, select, cooked, grilled",Beef Products,207,29.16,9.12,0,57
168632,"Beef, loin, top loin steak, boneless, lip off, separable lean only, trimmed to 0"" fat, all grades, cooked, grilled",Beef Products,202,29.53,8.41,0,61
168633,"Beef, top sirloin, steak, separable lean and fat, trimmed to 0"" fat, select, cooked, broiled",Beef Products,206,29.65,8.8,0,63
168634,"Beef, top sirloin, steak, separable lean only, trimmed to 0"" fat, all grades, cooked, broiled",Beef Products,183,30.55,5.79,0,64
168635,"Beef, top sirloin, steak, separable lean only, trimmed to 0"" fat, choice, cooked, broiled",Beef Products,188,30.29,6.55,0,63
168636,"Beef, top sirloin, steak, separable lean only, trimmed to 0"" fat, select, cooked, broiled",Beef Products,177,30.8,5.03,0,66
168637,"Beef, short loin, porterhouse steak, separable lean only,  trimmed to 1/8"" fat, all grades, cooked, grilled",Beef Products,213,28.16,10.32,0,68
168638,"Beef, short loin, porterhouse steak, separable lean only, trimmed to 0"" fat, all grades, cooked, broiled",Beef Products,212,26.07,11.18,0,69
168639,"Beef, short loin, porterhouse steak, separable lean only, trimmed to 0"" fat, choice, cooked, broiled",Beef Products,224,25.51,12.8,0,69
168640,"Beef, short loin, porterhouse steak, separable lean only, trimmed to 1/8"" fat, select, raw",Beef Products,145,22.61,5.41,0,43
168641,"Beef, short loin, porterhouse steak, separable lean only, trimmed to 1/8"" fat, select, cooked, grilled",Beef Products,203,28.92,8.76,0,67
168642,"Beef, short loin, t-bone steak, bone-in, separable lean only, trimmed to 1/8"" fat, all grades, raw",Beef Products,153,22.22,6.5,0,42
168643,"Beef, short loin, t-bone steak, bone-in, separable lean only, trimmed to 1/8"" fat, all grades, cooked, grilled",Beef Products,212,27.86,10.37,0,67
168644,"Beef, short loin, t-bone steak, separable lean only, trimmed to 0"" fat, choice, cooked, broiled",Beef Products,198,25.98,9.61,0,71
168645,"Beef, short loin, t-bone steak, bone-in, separable lean only, trimmed to 1/8"" fat, select, raw",Beef Products,144,22.41,5.34,0,57
168646,"Beef, round, tip round, roast, separable lean and fat, trimmed to 0"" fat, choice, raw",Beef Products,156,20.16,7.73,0,51
168647,"Beef, round, tip round, roast, separable lean and fat, trimmed to 0"" fat, select, raw",Beef Products,145,20.8,6.28,0,58
168648,"Beef, rib, eye, small end (ribs 10- 12) separable lean only, trimmed to 0"" fat, select, cooked, broiled",Beef Products,182,29.93,6.05,0,63
168649,"Beef, round, top round steak, boneless, separable lean only, trimmed to 0"" fat, all grades, cooked, grilled",Beef Products,162,30.09,3.77,0,75
168650,"Beef, ground, 70% lean meat / 30% fat, patty cooked, pan-broiled",Beef Products,238,22.86,15.54,0,92
168651,"Beef, ground, 70% lean meat / 30% fat, patty, cooked, broiled",Beef Products,277,25.38,18.66,0,81
168652,"Beef, ground, 70% lean meat / 30% fat, raw",Beef Products,332,14.35,30,0,66
168653,"Beef, chuck, under blade center steak, boneless, Denver Cut, separable lean only, trimmed to 0"" fat, select, raw",Beef Products,157,19.71,8.54,0.21,77
168654,"Beef, shoulder top blade steak, boneless, separable lean only, trimmed to 0"" fat, all grades, cooked, grilled",Beef Products,196,28.15,9.23,0,87
168655,"Beef, shoulder top blade steak, boneless, separable lean only, trimmed to 0"" fat, select, raw",Beef Products,133,20.39,5.73,0,87
168656,"Beef, brisket, flat half, boneless separable lean only, trimmed to 0"" fat, all grades, raw",Beef Products,132,21.47,5.11,0,83
168657,"Beef, brisket, flat half, boneless, separable lean only, trimmed to 0"" fat, choice, raw",Beef Products,137,21.28,5.75,0,82
168658,"Beef, brisket, flat half, boneless, separable lean only, trimmed to 0"" fat, select, raw",Beef Products,124,21.74,4.14,0,85
168659,"Beef, shoulder top blade steak, boneless, separable lean and fat, trimmed to 0"" fat, choice, cooked, grilled",Beef Products,220,27.51,12.26,0,84
168660,"Beef, chuck eye roast, boneless, America's Beef Roast, separable lean and fat, trimmed to 0"" fat, all grades, raw",Beef Products,180,19.18,11.48,0,81
168661,"Beef, chuck eye roast, boneless, America's Beef Roast, separable lean and fat, trimmed to 0"" fat, choice, raw",Beef Products,185,19.14,12.02,0,80
168662,"Beef, chuck eye roast, boneless, America's Beef Roast, separable lean and fat, trimmed to 0"" fat, select, raw",Beef Products,173,19.25,10.67,0,82
168663,"Beef, composite of trimmed retail cuts, separable lean and fat, trimmed to 1/8"" fat, select, cooked",Beef Products,245,26.06,15.09,0,51
168664,"Beef, brisket, whole, separable lean and fat, trimmed to 1/8"" fat, all grades, raw",Beef Products,253,18.42,19.06,0.56,69
168665,"Beef, brisket, whole, separable lean and fat, trimmed to 1/8"" fat, all grades, cooked, braised",Beef Products,331,25.85,24.5,0,64
168666,"Beef, brisket, flat half, separable lean and fat, trimmed to 1/8"" fat, all grades, raw",Beef Products,277,17.94,22.18,0,59
168667,"Beef, chuck, arm pot roast, separable lean and fat, trimmed to 1/8"" fat, all grades, cooked, braised",Beef Products,302,30.12,19.22,0,50
168668,"Beef, chuck, arm pot roast, separable lean and fat, trimmed to 1/8"" fat, choice, raw",Beef Products,249,19.14,18.57,0,63
168669,"Beef, chuck, arm pot roast, separable lean and fat, trimmed to 1/8"" fat, choice, cooked, braised",Beef Products,309,30.2,19.93,0,49
168670,"Beef, chuck, arm pot roast, separable lean and fat, trimmed to 1/8"" fat, select, raw",Beef Products,239,19.33,17.39,0,62
168671,"Beef, chuck, blade roast, separable lean and fat, trimmed to 1/8"" fat, choice, cooked, braised",Beef Products,359,26.37,27.26,0,64
168672,"Beef, chuck, blade roast, separable lean and fat, trimmed to 1/8"" fat, select, raw",Beef Products,230,17.37,17.33,0,69
168673,"Beef, chuck, blade roast, separable lean and fat, trimmed to 1/8"" fat, select, cooked, braised",Beef Products,318,27.33,22.35,0,66
168674,"Beef, chuck eye roast, boneless, America's Beef Roast, separable lean only, trimmed to 0"" fat, all grades, cooked, roasted",Beef Products,183,26.65,8.46,0,80
168675,"Beef, rib, whole (ribs 6-12), separable lean and fat, trimmed to 1/8"" fat, choice, raw",Beef Products,322,16.34,27.93,0,54
168676,"Beef, rib, whole (ribs 6-12), separable lean and fat, trimmed to 1/8"" fat, choice, cooked, broiled",Beef Products,352,22.26,28.5,0,63
168677,"Beef, rib, whole (ribs 6-12), separable lean and fat, trimmed to 1/8"" fat, choice, cooked, roasted",Beef Products,365,22.6,29.79,0,64
168678,"Beef, rib, whole (ribs 6-12), separable lean and fat, trimmed to 1/8"" fat, select, raw",Beef Products,288,16.75,23.95,0,55
168679,"Beef, rib, whole (ribs 6-12), separable lean and fat, trimmed to 1/8"" fat, prime, cooked, roasted",Beef Products,400,22.57,33.7,0,65
168680,"Beef, rib, large end (ribs 6-9), separable lean and fat, trimmed to 1/8"" fat, all grades, raw",Beef Products,316,16.26,27.29,0,55
168681,"Beef, rib, large end (ribs 6-9), separable lean and fat, trimmed to 1/8"" fat, all grades, cooked, broiled",Beef Products,338,21.55,27.22,0,64
168682,"Beef, rib, large end (ribs 6-9), separable lean and fat, trimmed to 1/8"" fat, all grades, cooked, roasted",Beef Products,355,23.01,28.51,0,64
168683,"Beef, rib, large end (ribs 6-9), separable lean and fat, trimmed to 1/8"" fat, select, cooked, broiled",Beef Products,324,21.55,25.71,0,64
168684,"Beef, rib, large end (ribs 6-9), separable lean and fat, trimmed to 1/8"" fat, select, cooked, roasted",Beef Products,333,23.4,25.84,0,65
168685,"Beef, rib, large end (ribs 6-9), separable lean and fat, trimmed to 1/8"" fat, prime, raw",Beef Products,367,15.77,33.26,0,53
168686,"Beef, rib, large end (ribs 6-9), separable lean and fat, trimmed to 1/8"" fat, prime, cooked, broiled",Beef Products,404,20.65,34.97,0,62
168687,"Beef, rib, large end (ribs 6-9), separable lean and fat, trimmed to 1/8"" fat, prime, cooked, roasted",Beef Products,393,22.86,32.74,0,64
168688,"Beef, rib, small end (ribs 10-12), separable lean and fat, trimmed to 1/8"" fat, choice, cooked, broiled",Beef Products,304,24.53,22.09,0,49
168689,"Beef, rib, small end (ribs 10-12), separable lean and fat, trimmed to 1/8"" fat, choice, cooked, roasted",Beef Products,359,22.28,29.21,0,63
168690,"Beef, rib, small end (ribs 10-12), separable lean and fat, trimmed to 1/8"" fat, select, raw",Beef Products,246,19.56,18,0,49
168691,"Beef, rib, small end (ribs 10-12), separable lean and fat, trimmed to 1/8"" fat, select, cooked, broiled",Beef Products,278,27.17,18,0,58
168692,"Beef, shoulder top blade steak, boneless, separable lean and fat, trimmed to 0"" fat, select, cooked, grilled",Beef Products,194,27.7,9.29,0,88
168693,"Beef, shoulder top blade steak, boneless, separable lean and fat, trimmed to 0"" fat, all grades, raw",Beef Products,146,20.16,7.25,0,82
168694,"Beef, round, full cut, separable lean and fat, trimmed to 1/8"" fat, choice, raw",Beef Products,195,20.56,11.92,0,54
168695,"Beef, round, full cut, separable lean and fat, trimmed to 1/8"" fat, choice, cooked, broiled",Beef Products,235,27.54,12.98,0,62
168696,"Beef, round, bottom round, roast, separable lean and fat, trimmed to 1/8"" fat, all grades, cooked, roasted",Beef Products,218,26.41,11.64,0,35
168697,"Beef, round, bottom round, steak, separable lean and fat, trimmed to 1/8"" fat, choice, raw",Beef Products,198,20.71,12.15,0,53
168698,"Beef, round, bottom round, steak, separable lean and fat, trimmed to 1/8"" fat, choice, cooked, braised",Beef Products,254,32.85,12.56,0,42
168699,"Beef, round, bottom round, roast, separable lean and fat, trimmed to 1/8"" fat, choice, cooked, roasted",Beef Products,223,26.05,12.44,0,34
168700,"Beef, round, bottom round, steak, separable lean and fat, trimmed to 1/8"" fat, select, raw",Beef Products,187,20.68,10.93,0,60
168701,"Beef, round, eye of round, roast, separable lean and fat, trimmed to 1/8"" fat, choice, raw",Beef Products,173,21.68,8.91,0,55
168702,"Beef, round, eye of round, roast, separable lean and fat, trimmed to 1/8"" fat, choice, cooked, roasted",Beef Products,212,28.48,10.05,0,37
168703,"Beef, round, eye of round, roast, separable lean and fat, trimmed to 1/8"" fat, select, raw",Beef Products,160,21.3,7.57,0.08,62
168704,"Beef, round, eye of round, roast, separable lean and fat, trimmed to 1/8"" fat, select, cooked, roasted",Beef Products,204,28.13,9.26,0,37
168705,"Beef, round, tip round, separable lean and fat, trimmed to 1/8"" fat, select, raw",Beef Products,178,19.74,10.39,0,58
168706,"Beef, round, tip round, roast, separable lean and fat, trimmed to 1/8"" fat, select, cooked, roasted",Beef Products,210,27.63,10.24,0,64
168707,"Beef, shoulder top blade steak, boneless, separable lean and fat, trimmed to 0"" fat, choice, raw",Beef Products,152,20.07,7.94,0,81
168708,"Beef, round, top round, separable lean only, trimmed to 1/8"" fat, choice, cooked, pan-fried",Beef Products,228,33.93,8.33,2.03,65
168709,"Beef, round, top round, separable lean and fat, trimmed to 1/8"" fat, choice, cooked, braised",Beef Products,250,34.09,11.61,0,45
168710,"Beef, round, top round, steak, separable lean and fat, trimmed to 1/8"" fat, choice, cooked, broiled",Beef Products,224,30.7,10.27,0,40
168711,"Beef, round, top round, separable lean and fat, trimmed to 1/8"" fat, choice, cooked, pan-fried",Beef Products,266,32.99,13.83,0,68
168712,"Beef, round, top round, steak, separable lean and fat, trimmed to 1/8"" fat, select, raw",Beef Products,164,22.18,7.68,0,63
168713,"Beef, round, top round, separable lean and fat, trimmed to 1/8"" fat, select, cooked, braised",Beef Products,225,34.6,8.54,0,45
168714,"Beef, brisket, flat half, boneless, separable lean and fat, trimmed to 0"" fat, all grades, raw",Beef Products,165,20.32,9.29,0,80
168715,"Beef, short loin, porterhouse steak, separable lean and fat, trimmed to 1/8"" fat, choice, raw",Beef Products,218,20.36,14.58,0,52
168716,"Beef, short loin, porterhouse steak, separable lean and fat, trimmed to 1/8"" fat, choice, cooked, grilled",Beef Products,284,24.85,19.78,0,63
168717,"Beef, short loin, t-bone steak, separable lean and fat, trimmed to 1/8"" fat, choice, raw",Beef Products,228,20,15.83,0,35
168718,"Beef, short loin, top loin, steak, separable lean and fat, trimmed to 1/8"" fat, choice, cooked, grilled",Beef Products,278,26.16,18.45,0,52
168719,"Beef, loin, top loin, separable lean and fat, trimmed to 1/8"" fat, select, raw",Beef Products,224,20.59,15.04,0,52
168720,"Beef, loin, top loin, separable lean and fat, trimmed to 1/8"" fat, select, cooked, grilled",Beef Products,250,26.72,15.11,0,57
168721,"Beef, short loin, top loin, steak, separable lean and fat, trimmed to 1/8"" fat, prime, raw",Beef Products,281,19,22.17,0,53
168722,"Beef, tenderloin, steak, separable lean and fat, trimmed to 1/8"" fat, choice, cooked, broiled",Beef Products,273,26.43,17.78,0,52
168723,"Beef, tenderloin, roast, separable lean and fat, trimmed to 1/8"" fat, choice, cooked, roasted",Beef Products,331,23.9,25.39,0,65
168724,"Beef, tenderloin, steak, separable lean and fat, trimmed to 1/8"" fat, select, raw",Beef Products,249,19.37,18.46,0,50
168725,"Beef, tenderloin, steak, separable lean and fat, trimmed to 1/8"" fat, select, cooked, broiled",Beef Products,262,26.48,16.53,0,57
168726,"Beef, top sirloin, steak, separable lean and fat, trimmed to 1/8"" fat, all grades, raw",Beef Products,201,20.3,12.71,0,52
168727,"Beef, top sirloin, steak, separable lean and fat, trimmed to 1/8"" fat, all grades, cooked, broiled",Beef Products,243,26.96,14.23,0,56
168728,"Beef, top sirloin, steak, separable lean and fat, trimmed to 1/8"" fat, choice, raw",Beef Products,214,19.92,14.28,0,51
168729,"Beef, top sirloin, steak, separable lean and fat, trimmed to 1/8"" fat, choice, cooked, broiled",Beef Products,257,26.8,15.75,0,54
168730,"Beef, chuck, clod roast, separable lean only, trimmed to 0"" fat, select, cooked, roasted",Beef Products,172,28.09,5.82,0,74
168731,"Beef, shoulder steak, boneless, separable lean only, trimmed to 0"" fat, choice, cooked, grilled",Beef Products,178,28.54,6.25,0,68
168732,"Beef, shoulder steak, boneless, separable lean only, trimmed to 0"" fat, select, cooked, grilled",Beef Products,169,28.71,5.17,0,68
168733,"Beef, flank, steak, separable lean and fat, trimmed to 0"" fat, all grades, cooked, broiled",Beef Products,192,27.66,8.23,0,56
168734,"Beef, bottom sirloin, tri-tip roast, separable lean and fat, trimmed to 0"" fat, all grades, raw",Beef Products,165,20.64,8.55,0,52
168735,"Beef, bottom sirloin, tri-tip roast, separable lean and fat, trimmed to 0"" fat, choice, cooked, roasted",Beef Products,221,25.66,12.36,0,50
168736,"Beef, bottom sirloin, tri-tip roast, separable lean and fat, trimmed to 0"" fat, choice, raw",Beef Products,174,20.64,9.51,0,51
168737,"Beef, bottom sirloin, tri-tip roast, separable lean and fat, trimmed to 0"" fat, select, cooked, roasted",Beef Products,201,26.44,9.78,0,56
168738,"Beef, chuck, top blade, separable lean only, trimmed to 0"" fat, choice, cooked, broiled",Beef Products,217,26.11,11.65,0,68
168739,"Beef, chuck, top blade, separable lean only, trimmed to 0"" fat, select, cooked, broiled",Beef Products,184,26.16,8,0,68
168740,"Beef, round, top round steak, boneless, separable lean and fat, trimmed to 0"" fat, choice, cooked, grilled",Beef Products,170,30.12,4.62,0,78
168741,"Beef, round, top round steak, boneless, separable lean and fat, trimmed to 0"" fat, select, cooked, grilled",Beef Products,162,29.7,3.85,0,76
168742,"Beef, chuck eye roast, boneless, America's Beef Roast, separable lean only, trimmed to 0"" fat, select, raw",Beef Products,133,20.52,5.71,0,86
168743,"Beef, brisket, flat half, boneless, separable lean and fat, trimmed to 0"" fat, choice, raw",Beef Products,169,20.15,9.86,0,79
168744,"Beef, plate, inside skirt steak, separable lean only, trimmed to 0"" fat, all grades, cooked, broiled",Beef Products,205,26.66,10.06,0,76
168745,"Beef, plate, outside skirt steak, separable lean only, trimmed to 0"" fat, all grades, cooked, broiled",Beef Products,233,24.18,14.37,0,94
168746,"Alcoholic beverage, beer, regular, all",Beverages,43,0.46,0,3.55,4
168747,"Alcoholic beverage, beer, regular, BUDWEISER",Beverages,41,0.36,0,2.97,3
168748,"Alcoholic beverage, beer, light, BUDWEISER SELECT",Beverages,28,0.2,0,0.87,3
168749,"Alcoholic beverage, beer, light",Beverages,29,0.24,0,1.64,4
168750,"Alcoholic beverage, pina colada, canned",Beverages,237,0.6,7.6,27.6,71
168751,"Beverages, almond milk, sweetened, vanilla flavor, ready-to-drink",Beverages,38,0.42,1.04,6.59,63
168752,"Alcoholic beverage, pina colada, prepared-from-recipe",Beverages,174,0.42,1.88,22.66,6
168753,"Alcoholic beverage, tequila sunrise, canned",Beverages,110,0.3,0.1,11.3,57
168754,"Candies, milk chocolate, with almonds",Sweets,526,9,34.4,53.4,74
168755,"Candies, milk chocolate, with rice cereal",Sweets,511,7.64,29.37,59.67,86
168756,"Candies, MARS SNACKFOOD US, MILKY WAY Bar",Sweets,456,4.01,17.23,71.17,167
168757,"Candies, HERSHEY'S SKOR Toffee Bar",Sweets,541,3.13,30.37,63.73,317
168758,"Toppings, strawberry",Sweets,254,0.2,0.1,66.3,21
168759,"Candies, MOUNDS Candy Bar",Sweets,493,4.6,26.6,58.88,145
168760,"Candies, MR. GOODBAR Chocolate Bar",Sweets,538,10.22,33.21,54.34,41
168761,"Candies, NESTLE, 100 GRAND Bar",Sweets,468,2.5,19.33,70.97,203
168762,"Candies, NESTLE, CRUNCH Bar and Dessert Topping",Sweets,500,5,26,67,150
168763,"Candies, REESE'S Peanut Butter Cups",Sweets,515,10.24,30.53,55.36,357
168764,"Candies, REESE'S PIECES Candy",Sweets,497,12.46,24.77,59.86,194
168765,"Candies, ROLO Caramels in Milk Chocolate",Sweets,474,5.08,20.93,67.95,188
168766,"Candies, NESTLE, AFTER EIGHT Mints",Sweets,432,1.67,11.9,79.53,1
168767,"Candies, MARS SNACKFOOD US, 3 MUSKETEERS Bar",Sweets,436,2.6,12.75,77.77,194
168768,"Candies, MARS SNACKFOOD US, TWIX Caramel Cookie Bars",Sweets,502,4.91,24.85,64.8,198
168769,"Candies, MARS SNACKFOOD US, TWIX Peanut Butter Cookie Bars",Sweets,547,9.18,32.67,54.14,226
168770,"Candies, WHATCHAMACALLIT Candy Bar",Sweets,494,8.04,23.68,63.23,299
168771,Chewing gum,Sweets,360,0,0.3,96.7,1
168772,"Egg custards, dry mix",Sweets,410,6.9,6.4,82.8,281
168773,"Egg custards, dry mix, prepared with whole milk",Sweets,122,3.99,4,17.6,84
168774,"Cocoa, dry powder, unsweetened, HERSHEY'S European Style Cocoa",Sweets,410,20,10,60,0
168775,"Gelatin desserts, dry mix",Sweets,381,7.8,0,90.5,466
168776,"Candies, YORK BITES",Sweets,394,1.78,7.32,81.64,46
168777,"Desserts, mousse, chocolate, prepared-from-recipe",Sweets,225,4.14,16,16.07,38
168778,"Puddings, chocolate, ready-to-eat",Sweets,142,2.09,4.6,23.01,152
168779,"Puddings, chocolate, dry mix, instant",Sweets,378,2.3,1.9,87.9,1771
168780,"Puddings, chocolate, dry mix, regular, prepared with 2% milk",Sweets,111,3.28,2.06,19.76,102
168781,"Puddings, coconut cream, dry mix, instant, prepared with 2% milk",Sweets,107,2.9,2.3,19.2,246
168782,"Puddings, rice, ready-to-eat",Sweets,108,3.23,2.15,18.39,97
168783,"Puddings, rice, dry mix",Sweets,376,2.7,0.1,91.2,366
168784,"Puddings, vanilla, dry mix, instant",Sweets,377,0,0.6,92.9,1400
168785,"Puddings, vanilla, dry mix, instant, prepared with whole milk",Sweets,114,2.7,2.9,19.7,286
168786,"Puddings, lemon, dry mix, instant, prepared with 2% milk",Sweets,107,2.76,1.71,20.2,268
168787,"Egg custards, dry mix, prepared with 2% milk",Sweets,112,4.13,2.83,17.61,87
168788,"Puddings, vanilla, dry mix, regular, prepared with 2% milk",Sweets,101,2.94,1.73,18.53,159
168789,"Rennin, chocolate, dry mix, prepared with 2% milk",Sweets,85,3.24,2.06,13.47,52
168790,"Rennin, vanilla, dry mix, prepared with 2% milk",Sweets,77,3.06,1.77,12.34,46
168791,"Candies, praline, prepared-from-recipe",Sweets,485,3.3,25.9,59.59,48
168792,"Desserts, rennin, vanilla, dry mix",Sweets,383,0,0,99,6
168793,"Rennin, vanilla, dry mix, prepared with whole milk",Sweets,89,3.03,3.07,12.21,46
168794,"Desserts, rennin, tablets, unsweetened",Sweets,84,1,0.1,19.8,26050
168795,"Frostings, chocolate, creamy, ready-to-eat",Sweets,397,1.1,17.6,63.2,183
168796,"Flan, caramel custard, dry mix, prepared with whole milk",Sweets,113,2.95,3,18.68,112
168797,"Puddings, vanilla, ready-to-eat, fat free",Sweets,89,2.02,0,20.16,191
168798,"Puddings, tapioca, ready-to-eat, fat free",Sweets,94,1.44,0.35,21.31,187
168799,"Puddings, chocolate, ready-to-eat, fat free",Sweets,93,1.93,0.3,20.87,154
168800,"Frostings, chocolate, creamy, dry mix, prepared with butter",Sweets,408,1.11,13.06,71.8,124
168801,"Candies, HEATH BITES",Sweets,530,3.94,30.38,63.39,245
168802,"Frostings, vanilla, creamy, dry mix",Sweets,410,0.3,4.9,93.8,13
168803,"Frostings, white, fluffy, dry mix",Sweets,371,2.3,0,94.9,234
168804,"Candies, MARS SNACKFOOD US, DOVE Milk Chocolate",Sweets,546,5.94,31.72,59.78,63
168805,"Candies, MARS SNACKFOOD US, DOVE Dark Chocolate",Sweets,520,5.19,32.45,59.4,4
168806,"Candies, MARS SNACKFOOD US, MILKY WAY Caramels, milk chocolate covered",Sweets,463,4.28,19.17,68.49,273
168807,"Candies, MARS SNACKFOOD US, MILKY WAY Caramels. dark chocolate covered",Sweets,458,3.82,20.42,67.56,246
168808,"Snacks, GENERAL MILLS, BETTY CROCKER Fruit Roll Ups, berry flavored, with vitamin C",Snacks,373,0.1,3.5,85.2,317
168809,"Ice creams, chocolate",Sweets,216,3.8,11,28.2,76
168810,"Ice creams, strawberry",Sweets,192,3.2,8.4,27.6,60
168811,"Snacks, FARLEY CANDY, FARLEY Fruit Snacks, with vitamins A, C, and E",Snacks,341,4.4,0,80.9,36
168812,"Frozen novelties, ice type, italian, restaurant-prepared",Sweets,53,0.03,0.02,13.5,4
168813,"Frozen novelties, ice type, pop",Sweets,79,0,0.24,19.23,7
168814,"Candies, MARS SNACKFOOD US, M&M's Crispy Chocolate Candies",Sweets,475,4.28,19.32,72.4,136
168815,"Frozen yogurts, vanilla, soft-serve",Sweets,159,4,5.6,24.2,87
168816,"Fruit butters, apple",Sweets,173,0.39,0.3,42.47,15
168817,"Candies, fudge, chocolate marshmallow, with nuts, prepared-by-recipe",Sweets,474,3.24,21.11,67.69,79
168818,"Candies, MARS SNACKFOOD US, SNICKERS Almond bar",Sweets,472,5.4,22.4,64.67,156
168819,"Marmalade, orange",Sweets,246,0.3,0,66.3,56
168820,Molasses,Sweets,290,0,0.1,74.73,37
168821,"Pectin, unsweetened, dry mix",Sweets,325,0.3,0.3,90.4,200
168822,"Pie fillings, apple, canned",Sweets,100,0.1,0.1,26.1,47
168823,"Candies, MARS SNACKFOOD US, STARBURST Fruit Chews, Tropical fruits",Sweets,409,0.41,8.31,82.76,2
168824,"Pie fillings, canned, cherry",Sweets,115,0.37,0.07,28,18
168825,"Puddings, banana, dry mix, regular, prepared with whole milk",Sweets,111,2.74,2.89,18.44,158
168826,"Puddings, coconut cream, dry mix, instant",Sweets,415,0.9,10,83.5,1040
168827,"Puddings, coconut cream, dry mix, instant, prepared with whole milk",Sweets,117,2.9,3.5,19.1,246
168828,"Puddings, coconut cream, dry mix, regular",Sweets,434,1,11.36,81.84,682
168829,"Puddings, coconut cream, dry mix, regular, prepared with whole milk",Sweets,114,3,3.8,17.7,162
168830,"Puddings, lemon, dry mix, instant, prepared with whole milk",Sweets,115,2.7,2.9,20.1,267
168831,"Puddings, lemon, dry mix, regular",Sweets,363,0.1,0.5,91.8,506
168832,"Pudding, lemon, dry mix, regular, prepared with sugar, egg yolk and water",Sweets,109,0.65,1.12,24.2,63
168833,"Sugars, brown",Sweets,380,0.12,0,98.09,28
168834,"Syrups, chocolate, HERSHEY'S Genuine Chocolate Flavored Lite Syrup",Sweets,153,1.4,0.97,34.56,100
168835,"Syrups, chocolate, fudge-type",Sweets,350,4.6,8.9,62.9,346
168836,"Syrups, corn, dark",Sweets,286,0,0,77.59,155
168837,"Syrups, corn, light",Sweets,283,0,0.2,76.79,62
168838,"Syrups, table blends, pancake, with 2% maple",Sweets,265,0,0.1,69.6,61
168839,"Syrups, table blends, corn, refiner, and sugar",Sweets,319,0,0,83.9,71
168840,"Candies, MARS SNACKFOOD US, SKITTLES Wild Berry Bite Size Candies",Sweets,402,0.19,4.25,90.76,15
168841,"Toppings, butterscotch or caramel",Sweets,216,1.21,0,57.01,341
168842,"Candies, MARS SNACKFOOD US, SKITTLES Sours Original",Sweets,401,0.18,4,91.02,14
168843,"Candies, MARS SNACKFOOD US, SKITTLES Original Bite Size Candies",Sweets,405,0.19,4.37,90.78,15
168844,"Frostings, vanilla, creamy, dry mix, prepared with margarine",Sweets,413,0.34,12.74,74.28,114
168845,"Frostings, chocolate, creamy, dry mix, prepared with margarine",Sweets,404,1.1,12.87,71.02,163
168846,"Candies, divinity, prepared-from-recipe",Sweets,364,1.32,0.06,89.05,34
168847,"Frozen novelties, ice type, pineapple-coconut",Sweets,113,0,2.6,23.9,35
168848,"Frozen yogurts, chocolate, soft-serve",Sweets,160,4,6,24.9,98
168849,"Snacks, banana chips",Snacks,519,2.3,33.6,58.4,6
168850,"Snacks, beef sticks, smoked",Snacks,550,21.5,49.6,5.4,1531
168851,"Snacks, pork skins, barbecue-flavor",Snacks,538,57.9,31.8,1.6,2667
168852,"Frostings, glaze, chocolate, prepared-from-recipe, with butter, NFSMI Recipe No. C-32",Sweets,359,1.42,7.17,72.18,132
168853,"Snack, potato chips, made from dried potatoes, plain",Snacks,545,4.62,35.28,55.38,529
168854,"Snacks, potato sticks",Snacks,522,6.7,34.4,53.3,633
168855,"Snacks, rice cakes, brown rice, rye",Snacks,386,8.1,3.8,79.9,110
168856,"Snacks, sesame sticks, wheat-based, salted",Snacks,541,10.9,36.7,46.5,1488
168857,"Snacks, corn cakes",Snacks,387,8.1,2.4,83.4,488
168858,"Snacks, tortilla chips, nacho-flavor, reduced fat",Snacks,445,8.7,15.2,71.6,1003
168859,"Tortilla chips, low fat, baked without fat",Snacks,448,11,5.7,80.2,517
168860,"Cheese puffs and twists, corn based, baked, low fat",Snacks,432,8.5,12.1,72.35,842
168861,"Snacks, granola bar, fruit-filled, nonfat",Snacks,342,5.9,0.9,77.6,16
168862,"Snacks, KELLOGG, KELLOGG'S, NUTRI-GRAIN Cereal Bars, fruit",Snacks,365,4.22,8.67,67.61,354
168863,"Snacks, tortilla chips, low fat, made with olestra, nacho cheese",Snacks,318,8.44,3.53,65.22,705
168864,"Snacks, potato chips, made from dried potatoes, fat-free, made with olestra",Snacks,253,5.06,0.93,56,429
168865,"Snacks, taro chips",Snacks,498,2.3,24.9,68.1,342
168866,"Puddings, banana, dry mix, instant, with added oil",Sweets,386,0,4.4,89,1499
168867,"Cornmeal, degermed, enriched, yellow",Cereal Grains and Pasta,370,7.11,1.75,79.45,7
168868,"Cornmeal, yellow, self-rising, bolted, plain, enriched",Cereal Grains and Pasta,334,8.28,3.4,70.28,1247
168869,"Cornmeal, yellow, self-rising, bolted, with wheat flour added, enriched",Cereal Grains and Pasta,348,8.41,2.85,73.43,1319
168870,"Cornmeal, yellow, self-rising, degermed, enriched",Cereal Grains and Pasta,355,8.41,1.72,74.79,1348
168871,"Millet, cooked",Cereal Grains and Pasta,119,3.51,1,23.67,2
168872,"Oat bran, raw",Cereal Grains and Pasta,246,17.3,7.03,66.22,4
168873,"Oat bran, cooked",Cereal Grains and Pasta,40,3.21,0.86,11.44,1
168874,"Quinoa, uncooked",Cereal Grains and Pasta,368,14.12,6.07,64.16,5
168875,"Rice, brown, medium-grain, cooked (Includes foods for USDA's Food Distribution Program)",Cereal Grains and Pasta,112,2.32,0.83,23.51,1
168876,"Rice, brown, parboiled, dry, UNCLE BEN'S",Cereal Grains and Pasta,370,7.6,2.75,78.68,6
168877,"Rice, white, long-grain, regular, raw, enriched",Cereal Grains and Pasta,365,7.13,0.66,79.95,5
168878,"Rice, white, long-grain, regular, enriched, cooked",Cereal Grains and Pasta,130,2.69,0.28,28.17,1
168879,"Rice, white, medium-grain, raw, enriched",Cereal Grains and Pasta,360,6.61,0.58,79.34,1
168880,"Rice, white, medium-grain, enriched, cooked",Cereal Grains and Pasta,130,2.38,0.21,28.59,0
168881,"Rice, white, short-grain, enriched, uncooked",Cereal Grains and Pasta,358,6.5,0.52,79.15,1
168882,"Rice, white, short-grain, enriched, cooked",Cereal Grains and Pasta,130,2.36,0.19,28.73,0
168883,"Rice, white, glutinous, unenriched, uncooked",Cereal Grains and Pasta,370,6.81,0.55,81.68,7
168884,Rye grain,Cereal Grains and Pasta,338,10.34,1.63,75.86,2
168885,"Rye flour, dark",Cereal Grains and Pasta,325,15.91,2.22,68.63,2
168886,"Rye flour, medium",Cereal Grains and Pasta,349,10.88,1.52,75.43,2
168887,"Rye flour, light",Cereal Grains and Pasta,357,9.82,1.33,76.68,2
168888,"Triticale flour, whole-grain",Cereal Grains and Pasta,338,13.18,1.81,73.14,2
168889,"Wheat, hard red spring",Cereal Grains and Pasta,329,15.4,1.92,68.03,2
168890,"Wheat, hard red winter",Cereal Grains and Pasta,327,12.61,1.54,71.18,2
168891,"Wheat, soft red winter",Cereal Grains and Pasta,331,10.35,1.56,74.24,2
168892,"Wheat germ, crude",Cereal Grains and Pasta,360,23.15,9.72,51.8,12
168893,"Wheat flour, whole-grain (Includes foods for USDA's Food Distribution Program)",Cereal Grains and Pasta,340,13.21,2.5,71.97,2
168894,"Wheat flour, white, all-purpose, enriched, bleached",Cereal Grains and Pasta,364,10.33,0.98,76.31,2
168895,"Wheat flour, white, all-purpose, self-rising, enriched",Cereal Grains and Pasta,354,9.89,0.97,74.22,1193
168896,"Wheat flour, white, bread, enriched",Cereal Grains and Pasta,361,11.98,1.66,72.53,2
168897,"Wild rice, cooked",Cereal Grains and Pasta,101,3.99,0.34,21.34,3
168898,"Rice flour, brown",Cereal Grains and Pasta,363,7.23,2.78,76.48,8
168899,"Pasta, gluten-free, corn, dry",Cereal Grains and Pasta,357,7.46,2.08,79.26,3
168900,"Pasta, gluten-free, corn, cooked",Cereal Grains and Pasta,126,2.63,0.73,27.91,0
168901,"Pasta, homemade, made with egg, cooked",Cereal Grains and Pasta,130,5.28,1.74,23.54,83
168902,"Pasta, homemade, made without egg, cooked",Cereal Grains and Pasta,124,4.37,0.98,25.12,74
168903,"Macaroni, vegetable, enriched, dry",Cereal Grains and Pasta,367,13.14,1.04,74.88,43
168904,"Macaroni, vegetable, enriched, cooked",Cereal Grains and Pasta,128,4.53,0.11,26.61,6
168905,"Noodles, chinese, chow mein",Cereal Grains and Pasta,471,10.88,21.24,63.64,866
168906,"Noodles, japanese, soba, dry",Cereal Grains and Pasta,336,14.38,0.71,74.62,792
168907,"Noodles, japanese, soba, cooked",Cereal Grains and Pasta,99,5.06,0.1,21.44,60
168908,"Noodles, japanese, somen, dry",Cereal Grains and Pasta,356,11.35,0.81,74.1,1840
168909,"Noodles, japanese, somen, cooked",Cereal Grains and Pasta,131,4,0.18,27.54,161
168910,"Pasta, whole-wheat, cooked (Includes foods for USDA's Food Distribution Program)",Cereal Grains and Pasta,149,5.99,1.71,30.07,4
168911,"Spaghetti, spinach, dry",Cereal Grains and Pasta,372,13.35,1.57,74.81,36
168912,"Spaghetti, spinach, cooked",Cereal Grains and Pasta,130,4.58,0.63,26.15,14
168913,"Wheat flours, bread, unenriched",Cereal Grains and Pasta,361,11.98,1.66,72.53,2
168914,"Rice noodles, cooked",Cereal Grains and Pasta,108,1.79,0.2,24.01,19
168915,"Pasta, whole grain, 51% whole wheat, remaining unenriched semolina, dry",Cereal Grains and Pasta,362,13.51,2.68,73.1,11
168916,"Pasta, whole grain, 51% whole wheat, remaining unenriched semolina, cooked",Cereal Grains and Pasta,159,5.82,1.5,31.51,6
168917,"Quinoa, cooked",Cereal Grains and Pasta,120,4.4,1.92,21.3,7
168918,"Teff, cooked",Cereal Grains and Pasta,101,3.87,0.65,19.86,8
168919,"Noodles, egg, cooked, enriched, with added salt",Cereal Grains and Pasta,138,4.54,2.07,25.16,165
168920,"Corn grain, white",Cereal Grains and Pasta,365,9.42,4.74,74.26,35
168921,"Corn flour, whole-grain, blue (harina de maiz morado)",Cereal Grains and Pasta,364,8.75,5.09,73.89,5
168922,"Cornmeal, degermed, enriched, white",Cereal Grains and Pasta,370,7.11,1.75,79.45,7
168923,"Cornmeal, white, self-rising, bolted, plain, enriched",Cereal Grains and Pasta,334,8.28,3.4,70.28,1247
168924,"Cornmeal, white, self-rising, bolted, with wheat flour added, enriched",Cereal Grains and Pasta,348,8.41,2.85,73.43,1319
168925,"Cornmeal, white, self-rising, degermed, enriched",Cereal Grains and Pasta,355,8.41,1.72,74.79,1348
168926,"Noodles, egg, unenriched, cooked, without added salt",Cereal Grains and Pasta,138,4.54,2.07,25.16,5
168927,"Pasta, dry, unenriched",Cereal Grains and Pasta,371,13.04,1.51,74.67,6
168928,"Pasta, cooked, unenriched, without added salt",Cereal Grains and Pasta,158,5.8,0.93,30.86,1
168929,"Cornmeal, degermed, unenriched, yellow",Cereal Grains and Pasta,370,7.11,1.75,79.45,7
168930,"Rice, white, medium-grain, cooked, unenriched",Cereal Grains and Pasta,130,2.38,0.21,28.59,0
168931,"Rice, white, short-grain, raw, unenriched",Cereal Grains and Pasta,358,6.5,0.52,79.15,1
168932,"Rice, white, short-grain, cooked, unenriched",Cereal Grains and Pasta,130,2.36,0.19,28.73,0
168933,"Semolina, unenriched",Cereal Grains and Pasta,360,12.68,1.05,72.83,1
168934,"Spaghetti, protein-fortified, cooked, enriched (n x 6.25)",Cereal Grains and Pasta,164,8.86,0.21,30.88,5
168935,"Rice, white, long-grain, regular, cooked, unenriched, with salt",Cereal Grains and Pasta,130,2.69,0.28,28.17,382
168936,"Wheat flour, white, all-purpose, enriched, unbleached",Cereal Grains and Pasta,364,10.33,0.98,76.31,2
168937,"Spaghetti, protein-fortified, dry, enriched (n x 6.25)",Cereal Grains and Pasta,374,21.78,2.23,65.65,8
168938,"Wheat flour, white (industrial), 10% protein, unbleached, enriched",Cereal Grains and Pasta,366,9.71,1.48,76.22,2
168939,"Wheat flour, white (industrial), 11.5% protein, bleached, enriched",Cereal Grains and Pasta,363,11.5,1.45,73.81,2
168940,"Wheat flour, white (industrial), 11.5% protein, bleached, unenriched",Cereal Grains and Pasta,363,11.5,1.45,73.81,2
168941,"Wheat flour, white (industrial), 11.5% protein, unbleached, enriched",Cereal Grains and Pasta,363,11.5,1.45,73.81,2
168942,"Wheat flour, white (industrial), 13% protein, bleached, enriched",Cereal Grains and Pasta,362,13.07,1.38,72.2,2
168943,"Sorghum flour, whole-grain",Cereal Grains and Pasta,359,8.43,3.34,76.64,3
168944,"Wheat flour, whole-grain, soft wheat",Cereal Grains and Pasta,332,9.61,1.95,74.48,3
168945,"Potatoes, yellow fleshed, hash brown, shredded, salt added in processing, frozen, unprepared",Vegetables and Vegetable Products,81,2.04,0.07,17.98,330
168946,"Potatoes, french fried, wedge cut, frozen, unprepared",Vegetables and Vegetable Products,162,2.56,7.47,22.22,380
168947,"Potatoes, french fried, steak cut, salt not added in processing, frozen, unprepared",Vegetables and Vegetable Products,134,2.4,3.42,24.31,30
168948,"Potatoes, french fried, cross cut, frozen, unprepared",Vegetables and Vegetable Products,187,2.7,10,22.95,393
169039,"Cereals ready-to-eat, frosted oat cereal with marshmallows",Breakfast Cereals,400,7.1,3.33,84.7,533
169040,"Cereals ready-to-eat, WEETABIX whole grain cereal",Breakfast Cereals,371,11.43,2.86,81.5,371
169041,"Cereals ready-to-eat, POST, GREAT GRAINS, Raisin, Date & Pecan",Breakfast Cereals,378,7.9,7.1,74.3,247
169044,"Beverages, Orange juice drink",Beverages,54,0.2,0,13.41,2
169045,"Gums, seed gums (includes locust bean, guar)",Sweets,332,4.6,0.5,77.3,125
169046,"Snacks, potato chips, white, restructured, baked",Snacks,469,5,18.2,71.4,536
169050,"Cheese, muenster, low fat",Dairy and Egg Products,271,24.7,17.6,3.5,600
169051,"Cheese, mozzarella, nonfat",Dairy and Egg Products,141,31.7,0,3.5,743
169052,"Margarine-like, butter-margarine blend, 80% fat, stick, without salt",Fats and Oils,718,0.9,80.7,0.6,28
169053,"Margarine-like, vegetable oil-butter spread, reduced calorie, tub, with salt",Fats and Oils,450,1,50,1,607
169055,"Salad dressing, caesar dressing, regular",Fats and Oils,542,2.17,57.85,3.3,1209
169056,"Salad dressing, coleslaw",Fats and Oils,404,0.85,34.53,22.4,850
169057,"Salad dressing, green goddess, regular",Fats and Oils,427,1.9,43.33,7.36,867
169058,"Jams and preserves, no sugar (with sodium saccharin), any flavor",Sweets,132,0.3,0.3,53.42,0
169059,"Candies, chocolate covered, caramel with nuts",Sweets,470,9.5,21,60.67,156
169060,"Candies, nougat, with almonds",Sweets,398,3.33,1.67,92.39,33
169061,"Candies, gum drops, no sugar or low calorie (sorbitol)",Sweets,354,0,0.2,88.1,7
169062,"Pie fillings, cherry, low calorie",Sweets,53,0.82,0.16,11.98,12
169063,"Breakfast bars, oats, sugar, raisins, coconut (include granola bar)",Snacks,464,9.8,17.6,66.7,251
169064,"Pretzels, soft",Snacks,338,8.2,3.1,69.39,203
169065,"Beans, chili, barbecue, ranch style, cooked",Legumes and Legume Products,97,5,1,16.9,725
169066,"Luncheon slices, meatless",Legumes and Legume Products,189,17.78,11.11,4.44,711
169067,"Meatballs, meatless",Legumes and Legume Products,197,21,9,8,550
169068,Vegetarian fillets,Legumes and Legume Products,290,23,18,9,490
169069,"Sandwich spread, meatless",Legumes and Legume Products,149,8,9,9,630
169070,"Alcoholic beverage, wine, cooking",Beverages,50,0.5,0,6.3,626
169071,"Alcoholic beverage, wine, light",Beverages,49,0.07,0,1.17,7
169072,"Sweeteners, tabletop, saccharin (sodium saccharin)",Sweets,360,0.94,0,89.11,428
169073,"Beverage, instant breakfast powder, chocolate, not reconstituted",Dairy and Egg Products,353,19.9,1.4,66.2,385
169074,"Tomato sauce, canned, no salt added",Vegetables and Vegetable Products,24,1.2,0.3,5.31,11
169075,"Cereals ready-to-eat, ALPEN",Breakfast Cereals,352,11.2,3.3,75.7,27
169076,"Cereals ready-to-eat, FAMILIA",Breakfast Cereals,388,9.5,6.3,73.8,8
169077,"Cereals ready-to-eat, wheat and bran, presweetened with nuts and fruits",Breakfast Cereals,385,7.1,5.6,76.2,245
169078,"Cheese, cottage, with vegetables",Dairy and Egg Products,95,10.9,4.2,3,403
169079,"Cheese, cream, low fat",Dairy and Egg Products,208,7.85,16.67,6.73,317
169080,"Cheese, pasteurized process, American, low fat",Dairy and Egg Products,180,24.6,7,3.5,1789
169081,"Cheese spread, cream cheese base",Dairy and Egg Products,295,7.1,28.6,3.5,436
169082,"Pork, oriental style, dehydrated",Pork Products,615,11.8,62.4,1.4,685
169083,"Soybean, curd cheese",Legumes and Legume Products,151,12.5,8.1,6.9,20
169084,"Potatoes, canned, drained solids, no salt added",Vegetables and Vegetable Products,60,1.4,0.2,13.6,5
169085,"Vegetables, mixed (corn, lima beans, peas, green beans, carrots) canned, no salt added",Vegetables and Vegetable Products,37,1.4,0.2,7.31,26
169086,"Litchis, raw",Fruits and Fruit Juices,66,0.83,0.44,16.53,1
169087,"Litchis, dried",Fruits and Fruit Juices,277,3.8,1.2,70.7,3
169088,"Loganberries, frozen",Fruits and Fruit Juices,55,1.52,0.31,13.02,1
169089,"Longans, raw",Fruits and Fruit Juices,60,1.31,0.1,15.14,0
169090,"Mangosteen, canned, syrup pack",Fruits and Fruit Juices,73,0.41,0.58,17.91,7
169091,"Mango, dried, sweetened",Fruits and Fruit Juices,319,2.45,1.18,78.58,162
169092,"Melons, cantaloupe, raw",Fruits and Fruit Juices,34,0.84,0.19,8.16,16
169093,"Melons, casaba, raw",Fruits and Fruit Juices,28,1.11,0.1,6.58,9
169094,"Olives, ripe, canned (small-extra large)",Fruits and Fruit Juices,116,0.84,10.9,6.04,735
169095,"Olives, ripe, canned (jumbo-super colossal)",Fruits and Fruit Juices,81,0.97,6.87,5.61,735
169096,"Olives, pickled, canned or bottled, green",Fruits and Fruit Juices,145,1.03,15.32,3.84,1556
169097,"Oranges, raw, all commercial varieties",Fruits and Fruit Juices,47,0.94,0.12,11.75,0
169098,"Orange juice, raw (Includes foods for USDA's Food Distribution Program)",Fruits and Fruit Juices,45,0.7,0.2,10.4,1
169099,"Orange juice, canned, unsweetened",Fruits and Fruit Juices,47,0.68,0.15,11.01,4
169100,"Orange juice, chilled, includes from concentrate",Fruits and Fruit Juices,49,0.68,0.12,11.54,2
169101,"Orange juice, chilled, includes from concentrate, with added calcium and vitamin D",Fruits and Fruit Juices,47,0.68,0.12,11.27,2
169102,"Orange juice, frozen concentrate, unsweetened, diluted with 3 volume water",Fruits and Fruit Juices,37,0.6,0.06,8.8,4
169103,"Orange peel, raw",Fruits and Fruit Juices,97,1.5,0.2,25,3
169104,"Orange-grapefruit juice, canned or bottled, unsweetened",Fruits and Fruit Juices,43,0.6,0.1,10.28,3
169105,"Tangerines, (mandarin oranges), raw",Fruits and Fruit Juices,53,0.81,0.31,13.34,2
169106,"Tangerines, (mandarin oranges), canned, juice pack",Fruits and Fruit Juices,37,0.62,0.03,9.57,5
169107,"Papaya nectar, canned",Fruits and Fruit Juices,57,0.17,0.15,14.51,5
169108,"Passion-fruit, (granadilla), purple, raw",Fruits and Fruit Juices,97,2.2,0.7,23.38,28
169109,"Passion-fruit juice, purple, raw",Fruits and Fruit Juices,51,0.39,0.05,13.6,6
169110,"Passion-fruit juice, yellow, raw",Fruits and Fruit Juices,60,0.67,0.18,14.45,6
169111,"Peaches, canned, light syrup pack, solids and liquids",Fruits and Fruit Juices,54,0.45,0.03,14.55,5
169112,"Peaches, canned, heavy syrup pack, solids and liquids",Fruits and Fruit Juices,74,0.45,0.1,19.94,6
169113,"Peaches, canned, extra heavy syrup pack, solids and liquids",Fruits and Fruit Juices,96,0.47,0.03,26.06,8
169114,"Peaches, spiced, canned, heavy syrup pack, solids and liquids",Fruits and Fruit Juices,75,0.41,0.1,20.08,4
169115,"Peaches, dried, sulfured, stewed, with added sugar",Fruits and Fruit Juices,103,1.06,0.22,26.6,2
169116,"Peaches, frozen, sliced, sweetened",Fruits and Fruit Juices,94,0.63,0.13,23.98,6
169117,"Peach nectar, canned, with sucralose, without added ascorbic acid",Fruits and Fruit Juices,49,0.1,0.57,11.61,11
169118,"Pears, raw",Fruits and Fruit Juices,57,0.36,0.14,15.23,1
169119,"Pears, canned, water pack, solids and liquids",Fruits and Fruit Juices,29,0.19,0.03,7.81,2
169120,"Pears, canned, extra heavy syrup pack, solids and liquids",Fruits and Fruit Juices,97,0.19,0.13,25.25,5
169121,"Pears, dried, sulfured, uncooked",Fruits and Fruit Juices,262,1.87,0.63,69.7,6
169122,"Pears, dried, sulfured, stewed, without added sugar",Fruits and Fruit Juices,127,0.91,0.31,33.81,3
169123,"Pears, dried, sulfured, stewed, with added sugar",Fruits and Fruit Juices,140,0.86,0.29,37.14,3
169124,"Pineapple, raw, all varieties",Fruits and Fruit Juices,50,0.54,0.12,13.12,1
169125,"Pineapple, canned, water pack, solids and liquids",Fruits and Fruit Juices,32,0.43,0.09,8.3,1
169126,"Pineapple, canned, juice pack, solids and liquids",Fruits and Fruit Juices,60,0.42,0.08,15.7,1
169127,"Pineapple, canned, light syrup pack, solids and liquids",Fruits and Fruit Juices,52,0.36,0.12,13.45,1
169128,"Pineapple juice, frozen concentrate, unsweetened, diluted with 3 volume water",Fruits and Fruit Juices,51,0.4,0.03,12.67,1
169129,"Pitanga, (surinam-cherry), raw",Fruits and Fruit Juices,33,0.8,0.4,7.49,3
169130,"Plantains, yellow, raw",Fruits and Fruit Juices,122,1.3,0.35,31.89,4
169131,"Plantains, yellow, baked",Fruits and Fruit Juices,155,1.52,0.16,41.37,2
169132,"Plums, canned, purple, heavy syrup pack, solids and liquids",Fruits and Fruit Juices,89,0.36,0.1,23.24,19
169133,"Plums, canned, purple, extra heavy syrup pack, solids and liquids",Fruits and Fruit Juices,101,0.36,0.1,26.31,19
169134,"Pomegranates, raw",Fruits and Fruit Juices,83,1.67,1.17,18.7,3
169135,"Lima beans, immature seeds, cooked, boiled, drained, without salt",Vegetables and Vegetable Products,123,6.81,0.32,23.64,17
169136,"Lima beans, immature seeds, canned, regular pack, solids and liquids",Vegetables and Vegetable Products,71,4.07,0.29,13.33,252
169137,"Mung beans, mature seeds, sprouted, cooked, boiled, drained, without salt",Vegetables and Vegetable Products,21,2.03,0.09,4.19,10
169138,"Mung beans, mature seeds, sprouted, cooked, stir-fried",Vegetables and Vegetable Products,50,4.3,0.21,10.59,9
169139,"Beans, navy, mature seeds, sprouted, raw",Vegetables and Vegetable Products,67,6.15,0.7,13.05,13
169140,"Beans, navy, mature seeds, sprouted, cooked, boiled, drained, without salt",Vegetables and Vegetable Products,78,7.07,0.81,15.01,14
169141,"Beans, snap, green, cooked, boiled, drained, without salt",Vegetables and Vegetable Products,35,1.89,0.28,7.88,1
169142,"Beans, snap, green, canned, regular pack, solids and liquids",Vegetables and Vegetable Products,15,0.72,0.17,3.27,192
169143,"Beans, snap, green, canned, regular pack, drained solids",Vegetables and Vegetable Products,21,1.05,0.41,4.19,268
169144,"Beans, snap, canned, all styles, seasoned, solids and liquids",Vegetables and Vegetable Products,16,0.83,0.2,3.49,373
169145,"Beets, raw",Vegetables and Vegetable Products,43,1.61,0.17,9.56,78
169146,"Beets, cooked, boiled, drained",Vegetables and Vegetable Products,44,1.68,0.18,9.96,77
169147,"Beets, canned, regular pack, solids and liquids",Vegetables and Vegetable Products,30,0.73,0.09,7.14,143
169148,"Pork, cured, ham -- water added, whole, boneless, separable lean only, heated, roasted",Pork Products,117,17.99,4.39,1.57,1193
169149,"Pork, cured, ham -- water added, whole, boneless, separable lean only, unheated",Pork Products,110,17.34,3.97,1.45,1141
169150,"Pork, cured, ham and water product, shank, bone-in, separable lean only, heated, roasted",Pork Products,132,21.69,4.45,1.26,1045
169151,"Pork, cured, ham -- water added, slice, bone-in, separable lean only, unheated",Pork Products,95,17.38,2.29,1.23,1090
169152,"Pork, cured, ham and water product, rump, bone-in, separable lean only, unheated",Pork Products,107,17.93,3.38,1.24,1070
169153,"Pork, cured, ham and water product, slice, bone-in, separable lean only, unheated",Pork Products,103,14.47,3.78,2.82,1160
169154,"Pork, cured, ham and water product, shank, bone-in, unheated, separable lean only",Pork Products,113,17.53,4.18,1.2,1090
169155,"Pork, cured, ham, separable fat, boneless, heated",Pork Products,507,8.77,51.57,2,677
169156,"Pork, cured, ham, separable fat, boneless, unheated",Pork Products,515,7.5,53,1.87,616
169157,"Pork, pickled pork hocks",Pork Products,171,19.11,10.54,0,1050
169158,"Pork, cured, ham, slice, bone-in, separable lean only, heated, pan-broil",Pork Products,148,27.18,4.09,0.74,870
169159,"Pork, cured, ham with natural juices, whole, boneless, separable lean and fat, unheated",Pork Products,112,19.38,3.43,1.02,1096
169160,"Pork, cured, ham and water product, whole, boneless, separable lean and fat, unheated",Pork Products,117,14.05,4.99,4.21,1308
169161,"Pork, cured, ham and water product, slice, bone-in, separable lean and fat, unheated",Pork Products,149,13.69,9.29,2.72,1099
169162,"Pork, cured, ham and water product, shank, bone-in, separable lean and fat, unheated",Pork Products,243,14.28,20,1.42,936
169163,"Pork, cured, ham and water product, rump, bone-in, separable lean and fat, unheated",Pork Products,179,16.09,12.13,1.35,990
169164,"Pork, cured, ham -- water added, rump, bone-in, separable lean and fat, heated, roasted",Pork Products,161,20.1,8.56,0.99,1101
169165,"Pork, cured, ham -- water added, shank, bone-in, separable lean and fat, heated, roasted",Pork Products,200,18.62,13.37,1.35,988
169166,"Pork, cured, ham -- water added, slice, bone-in, separable lean and fat, heated, pan-broil",Pork Products,166,20.8,8.73,1.54,1309
169167,"Pork, cured, ham -- water added, slice, boneless, separable lean and fat, heated, pan-broil",Pork Products,125,18.62,5.05,1.72,1212
169168,"Pork, cured, ham and water product, slice, boneless, separable lean and fat, heated, pan-broil",Pork Products,124,15.08,5.13,4.69,1389
169169,"Pork, cured, ham and water product, whole, boneless, separable lean and fat, heated, roasted",Pork Products,123,13.88,5.46,4.61,1335
169170,"Pork, cured, ham with natural juices, rump, bone-in, separable lean and fat, heated, roasted",Pork Products,177,22.47,9.39,0.6,841
169171,"Pork, cured, ham with natural juices, shank, bone-in, separable lean and fat, heated, roasted",Pork Products,191,22.88,10.93,0.33,801
169172,"Pork, cured, ham with natural juices, slice, bone-in, separable lean and fat, heated, pan-broil",Pork Products,180,26.18,8.28,0.17,821
169173,"Pork, cured, ham, rump, bone-in, separable lean only, heated, roasted",Pork Products,132,26.02,3.07,0.68,846
169174,"Pork, cured, ham, rump, bone-in, separable lean only, unheated",Pork Products,125,24.46,2.92,0.32,737
169175,"Pork, cured, ham, shank, bone-in, separable lean only, heated, roasted",Pork Products,139,26.49,3.68,0.68,828
169176,"Pork, cured, ham, shank, bone-in, separable lean only, unheated",Pork Products,125,23.79,3.19,0.18,846
169177,"Pork, cured, ham, slice, bone-in, separable lean and fat, unheated",Pork Products,173,22.45,9.17,0.21,744
169178,"Pork, fresh, spareribs, separable lean and fat, cooked, roasted",Pork Products,361,20.89,30.86,0,91
169179,"Pork, fresh, composite of separable fat, with added solution, raw",Pork Products,508,9.27,52.33,0,81
169180,"Pork, fresh, loin, tenderloin, separable lean only, with added solution, cooked, roasted",Pork Products,116,21.61,3.15,0.31,231
169181,"Pork, fresh, loin, top loin (chops), boneless, separable lean only, with added solution, raw",Pork Products,117,21.09,3.48,0.22,278
169182,"Pork, fresh, loin, top loin (chops), boneless, separable lean and fat, with added solution, raw",Pork Products,171,19.45,10.26,0,251
169183,"Pork, fresh, loin, top loin (chops), boneless, separable lean and fat, with added solution, cooked, broiled",Pork Products,198,28.33,9.42,0.02,302
169184,"Pork, fresh, loin, tenderloin, separable lean and fat, with added solution, raw",Pork Products,114,20.16,3.14,0,239
169185,"Pork, fresh, loin, tenderloin, separable lean and fat, with added solution, cooked, roasted",Pork Products,121,21.5,3.7,0.31,230
169186,"Pork, Leg Cap Steak, boneless, separable lean and fat, raw",Pork Products,123,21.64,3.39,0,73
169187,"Pork, Shoulder breast, boneless, separable lean and fat, raw",Pork Products,127,22.54,3.4,0,54
169188,"Pork, Shoulder breast, boneless, separable lean and fat, cooked, broiled",Pork Products,162,28.47,4.49,0,54
169189,"Pork, shoulder, petite tender, boneless, separable lean and fat, cooked, broiled",Pork Products,155,27.47,4.23,0,53
169190,"Pork, ground, 96% lean / 4% fat, raw",Pork Products,121,21.1,4,0.21,67
169191,"Pork, ground, 72% lean / 28% fat, cooked, crumbles",Pork Products,393,22.83,32.93,1.39,94
169192,"Pork, ground, 84% lean / 16% fat, cooked, crumbles",Pork Products,289,26.69,20.04,0.58,89
169193,"Pork, ground, 96% lean / 4% fat, cooked, crumbles",Pork Products,187,30.55,7.15,0,84
169194,"Pork, fresh, loin, blade (chops or roasts), boneless, separable lean only, raw",Pork Products,123,21.35,3.78,0.82,65
169195,"Pork, fresh, loin, blade (roasts), boneless, separable lean only, cooked, roasted",Pork Products,175,27.58,7.14,0,68
169196,"Pork, fresh, loin, blade (chops), boneless, separable lean only, boneless, cooked, broiled",Pork Products,169,26.14,6.74,0.89,58
169197,"Pork, fresh, loin, country-style ribs, separable lean only, boneless, cooked, broiled",Pork Products,216,27.83,11.65,0,58
169198,"Pork, fresh, loin, blade (roasts), boneless, separable lean and fat, cooked, roasted",Pork Products,199,26.48,10.32,0,67
169199,"Pork, fresh, loin, country-style ribs, separable lean and fat, boneless, cooked, broiled",Pork Products,247,26.28,15.73,0,58
169200,"Pork, fresh, loin, country-style ribs, separable lean and fat, bone-in, cooked, broiled",Pork Products,260,25.58,17.56,0,81
169201,"Pork, fresh, loin, country-style ribs, separable lean and fat, boneless, cooked, roasted",Pork Products,270,26.4,18.31,0,70
169202,"Amaranth leaves, cooked, boiled, drained, without salt",Vegetables and Vegetable Products,21,2.11,0.18,4.11,21
169203,"Arrowhead, raw",Vegetables and Vegetable Products,99,5.33,0.29,20.23,22
169204,"Arrowhead, cooked, boiled, drained, without salt",Vegetables and Vegetable Products,78,4.49,0.1,16.14,18
169205,"Artichokes, (globe or french), raw",Vegetables and Vegetable Products,47,3.27,0.15,10.51,94
169206,"Asparagus, canned, regular pack, solids and liquids",Vegetables and Vegetable Products,15,1.8,0.18,2.48,284
169207,"Asparagus, canned, drained solids",Vegetables and Vegetable Products,19,2.14,0.65,2.46,287
169208,"Asparagus, frozen, unprepared",Vegetables and Vegetable Products,24,3.23,0.23,4.1,8
169209,"Asparagus, frozen, cooked, boiled, drained, without salt",Vegetables and Vegetable Products,18,2.95,0.42,1.92,3
169210,"Bamboo shoots, raw",Vegetables and Vegetable Products,27,2.6,0.3,5.2,4
169211,"Bamboo shoots, cooked, boiled, drained, without salt",Vegetables and Vegetable Products,12,1.53,0.22,1.92,4
169212,"Bamboo shoots, canned, drained solids",Vegetables and Vegetable Products,19,1.72,0.4,3.22,7
169213,"Beans, kidney, mature seeds, sprouted, raw",Vegetables and Vegetable Products,29,4.2,0.5,4.1,6
169214,"Corn, sweet, yellow, canned, whole kernel, drained solids",Vegetables and Vegetable Products,67,2.29,1.22,14.34,205
169215,"Corn, sweet, yellow, canned, cream style, regular pack",Vegetables and Vegetable Products,72,1.74,0.42,18.13,261
169216,"Corn, sweet, yellow, canned, vacuum pack, regular pack",Vegetables and Vegetable Products,79,2.41,0.5,19.44,272
169217,"Corn, yellow, whole kernel, frozen, microwaved",Vegetables and Vegetable Products,113,3.62,1.42,25.87,4
169218,"Corn with red and green peppers, canned, solids and liquids",Vegetables and Vegetable Products,75,2.33,0.55,18.17,347
169219,"Cornsalad, raw",Vegetables and Vegetable Products,21,2,0.4,3.6,4
169220,"Cowpeas (blackeyes), immature seeds, raw",Vegetables and Vegetable Products,90,2.95,0.35,18.83,4
169221,"Cowpeas, young pods with seeds, cooked, boiled, drained, without salt",Vegetables and Vegetable Products,34,2.6,0.3,7,3
169222,"Yardlong bean, raw",Vegetables and Vegetable Products,47,2.8,0.4,8.35,4
169223,"Yardlong bean, cooked, boiled, drained, without salt",Vegetables and Vegetable Products,47,2.53,0.1,9.18,4
169224,"Cowpeas, leafy tips, raw",Vegetables and Vegetable Products,29,4.1,0.25,4.82,7
169225,"Cucumber, peeled, raw",Vegetables and Vegetable Products,10,0.59,0.16,2.16,2
169226,"Dandelion greens, raw",Vegetables and Vegetable Products,45,2.7,0.7,9.2,76
169227,"Dandelion greens, cooked, boiled, drained, without salt",Vegetables and Vegetable Products,33,2,0.6,6.4,44
169228,"Eggplant, raw",Vegetables and Vegetable Products,25,0.98,0.18,5.88,2
169229,"Eggplant, cooked, boiled, drained, without salt",Vegetables and Vegetable Products,35,0.83,0.23,8.73,1
169230,"Garlic, raw",Vegetables and Vegetable Products,149,6.36,0.5,33.06,17
169231,"Ginger root, raw",Vegetables and Vegetable Products,80,1.82,0.75,17.77,13
169232,"Gourd, white-flowered (calabash), raw",Vegetables and Vegetable Products,14,0.62,0.02,3.39,2
169233,"Gourd, white-flowered (calabash), cooked, boiled, drained, without salt",Vegetables and Vegetable Products,15,0.6,0.02,3.69,2
169234,"Hyacinth-beans, immature seeds, raw",Vegetables and Vegetable Products,46,2.1,0.2,9.19,2
169235,"Hyacinth-beans, immature seeds, cooked, boiled, drained, without salt",Vegetables and Vegetable Products,50,2.95,0.27,9.2,2
169236,"Jerusalem-artichokes, raw",Vegetables and Vegetable Products,73,2,0.01,17.44,4
169237,"Jew's ear, (pepeao), raw",Vegetables and Vegetable Products,25,0.48,0.04,6.75,9
169238,"Kale, cooked, boiled, drained, without salt",Vegetables and Vegetable Products,36,2.94,1.21,5.3,16
169239,"Kale, frozen, unprepared",Vegetables and Vegetable Products,28,2.66,0.46,4.88,15
169240,"Kale, frozen, cooked, boiled, drained, without salt",Vegetables and Vegetable Products,36,2.94,1.21,5.3,16
169241,"Kanpyo, (dried gourd strips)",Vegetables and Vegetable Products,258,8.58,0.56,65.03,15
169242,"Mushrooms, shiitake, raw",Vegetables and Vegetable Products,34,2.24,0.49,6.79,9
169243,"Mushrooms, portabella, grilled",Vegetables and Vegetable Products,29,3.28,0.58,4.44,11
169244,"Lambsquarters, raw",Vegetables and Vegetable Products,43,4.2,0.8,7.3,43
169245,"Lambsquarters, cooked, boiled, drained, without salt",Vegetables and Vegetable Products,32,3.2,0.7,5,29
169246,"Leeks, (bulb and lower leaf-portion), raw",Vegetables and Vegetable Products,61,1.5,0.3,14.15,20
169247,"Lettuce, cos or romaine, raw",Vegetables and Vegetable Products,17,1.23,0.3,3.29,8
169248,"Lettuce, iceberg (includes crisphead types), raw",Vegetables and Vegetable Products,14,0.9,0.14,2.97,10
169249,"Lettuce, green leaf, raw",Vegetables and Vegetable Products,15,1.36,0.15,2.87,28
169250,"Lotus root, raw",Vegetables and Vegetable Products,74,2.6,0.1,17.23,40
169251,"Mushrooms, white, raw",Vegetables and Vegetable Products,22,3.09,0.34,3.26,5
169252,"Mushrooms, white, cooked, boiled, drained, without salt",Vegetables and Vegetable Products,28,2.17,0.47,5.29,2
169253,"Mushrooms, white, stir-fried",Vegetables and Vegetable Products,26,3.58,0.33,4.04,12
169254,"Mushrooms, canned, drained solids",Vegetables and Vegetable Products,25,1.87,0.29,5.09,425
169255,"Mushrooms, portabella, raw",Vegetables and Vegetable Products,22,2.11,0.35,3.87,9
169256,"Mustard greens, raw",Vegetables and Vegetable Products,27,2.86,0.42,4.67,20
169257,"Mustard greens, cooked, boiled, drained, without salt",Vegetables and Vegetable Products,26,2.56,0.47,4.51,9
169258,"Mustard greens, frozen, unprepared",Vegetables and Vegetable Products,20,2.49,0.27,3.41,29
169259,"Mustard greens, frozen, cooked, boiled, drained, without salt",Vegetables and Vegetable Products,19,2.27,0.25,3.11,25
169260,"Okra, raw",Vegetables and Vegetable Products,33,1.93,0.19,7.45,7
169261,"Okra, cooked, boiled, drained, without salt",Vegetables and Vegetable Products,22,1.87,0.21,4.51,6
169262,"Okra, frozen, unprepared",Vegetables and Vegetable Products,30,1.69,0.25,6.63,3
169263,"Okra, frozen, cooked, boiled, drained, without salt",Vegetables and Vegetable Products,29,1.63,0.24,6.41,3
169264,"Potatoes, french fried, all types, salt added in processing, frozen, home-prepared, oven heated",Vegetables and Vegetable Products,158,2.75,5.48,25.55,324
169265,"Potatoes, french fried, cottage-cut, salt not added in processing, frozen, as purchased",Vegetables and Vegetable Products,153,2.42,5.78,23.98,32
169266,"Potatoes, french fried, cottage-cut, salt not added in processing, frozen, oven-heated",Vegetables and Vegetable Products,218,3.44,8.2,34.03,45
169267,"Potatoes, frozen, french fried, par fried, extruded, unprepared",Vegetables and Vegetable Products,260,2.83,14.95,30.15,490
169268,"Potatoes, frozen, french fried, par fried, extruded, prepared, heated in oven, without salt",Vegetables and Vegetable Products,333,3.55,18.71,39.68,613
169269,"Potato salad, home-prepared",Vegetables and Vegetable Products,143,2.68,8.2,11.17,529
169270,"Pumpkin flowers, raw",Vegetables and Vegetable Products,15,1.03,0.07,3.28,5
169271,"Pumpkin flowers, cooked, boiled, drained, without salt",Vegetables and Vegetable Products,15,1.09,0.08,3.3,6
169272,"Pumpkin leaves, raw",Vegetables and Vegetable Products,19,3.15,0.4,2.33,11
169273,"Pumpkin pie mix, canned",Vegetables and Vegetable Products,104,1.09,0.13,26.39,208
169274,"Purslane, raw",Vegetables and Vegetable Products,20,2.03,0.36,3.39,45
169275,"Purslane, cooked, boiled, drained, without salt",Vegetables and Vegetable Products,18,1.49,0.19,3.55,44
169276,"Radishes, raw",Vegetables and Vegetable Products,16,0.68,0.1,3.4,39
169277,"Salsify, (vegetable oyster), raw",Vegetables and Vegetable Products,82,3.3,0.2,18.6,20
169278,"Salsify, cooked, boiled, drained, without salt",Vegetables and Vegetable Products,68,2.73,0.17,15.36,16
169279,"Sauerkraut, canned, solids and liquids",Vegetables and Vegetable Products,19,0.91,0.14,4.28,661
169280,"Seaweed, agar, raw",Vegetables and Vegetable Products,26,0.54,0.03,6.75,9
169281,"Sesbania flower, cooked, steamed, without salt",Vegetables and Vegetable Products,22,1.14,0.05,5.23,11
169282,"Soybeans, green, raw",Vegetables and Vegetable Products,147,12.95,6.8,11.05,15
169283,"Soybeans, green, cooked, boiled, drained, without salt",Vegetables and Vegetable Products,141,12.35,6.4,11.05,14
169284,"Soybeans, mature seeds, sprouted, raw",Vegetables and Vegetable Products,122,13.09,6.7,9.57,14
169285,"Spinach, canned, regular pack, solids and liquids",Vegetables and Vegetable Products,19,2.11,0.37,2.92,319
169286,"Spinach, canned, regular pack, drained solids",Vegetables and Vegetable Products,23,2.81,0.5,3.4,322
169287,"Spinach, frozen, chopped or leaf, unprepared (Includes foods for USDA's Food Distribution Program)",Vegetables and Vegetable Products,29,3.63,0.57,4.21,74
169288,"Spinach, frozen, chopped or leaf, cooked, boiled, drained, without salt",Vegetables and Vegetable Products,34,4.01,0.87,4.8,97
169289,"Squash, summer, scallop, raw",Vegetables and Vegetable Products,18,1.2,0.2,3.84,1
169290,"Squash, summer, scallop, cooked, boiled, drained, without salt",Vegetables and Vegetable Products,16,1.03,0.17,3.3,1
169291,"Squash, summer, zucchini, includes skin, raw",Vegetables and Vegetable Products,17,1.21,0.32,3.11,8
169292,"Squash, summer, zucchini, includes skin, cooked, boiled, drained, without salt",Vegetables and Vegetable Products,15,1.14,0.36,2.69,3
169293,"Squash, winter, acorn, cooked, baked, without salt",Vegetables and Vegetable Products,56,1.12,0.14,14.58,4
169294,"Squash, winter, acorn, cooked, boiled, mashed, without salt",Vegetables and Vegetable Products,34,0.67,0.08,8.79,3
169295,"Squash, winter, butternut, raw",Vegetables and Vegetable Products,45,1,0.1,11.69,4
169296,"Squash, winter, butternut, cooked, baked, without salt",Vegetables and Vegetable Products,40,0.9,0.09,10.49,4
169297,"Squash, winter, hubbard, cooked, boiled, mashed, without salt",Vegetables and Vegetable Products,30,1.48,0.37,6.46,5
169298,"Squash, winter, spaghetti, raw",Vegetables and Vegetable Products,31,0.64,0.57,6.91,17
169299,"Squash, winter, spaghetti, cooked, boiled, drained, or baked, without salt",Vegetables and Vegetable Products,27,0.66,0.26,6.46,18
169300,"Succotash, (corn and limas), raw",Vegetables and Vegetable Products,99,5.03,1.02,19.59,4
169301,"Water convolvulus,raw",Vegetables and Vegetable Products,19,2.6,0.2,3.13,113
169302,"Water convolvulus, cooked, boiled, drained, without salt",Vegetables and Vegetable Products,20,2.08,0.24,3.7,122
169303,"Sweet potato leaves, raw",Vegetables and Vegetable Products,42,2.49,0.51,8.82,6
169304,"Sweet potato leaves, cooked, steamed, without salt",Vegetables and Vegetable Products,35,2.18,0.34,7.38,7
169305,"Sweet potato, canned, mashed",Vegetables and Vegetable Products,101,1.98,0.2,23.19,75
169306,"Sweet potato, frozen, unprepared (Includes foods for USDA's Food Distribution Program)",Vegetables and Vegetable Products,96,1.71,0.18,22.22,6
169307,"Sweet potato, frozen, cooked, baked, without salt",Vegetables and Vegetable Products,100,1.71,0.12,23.4,8
169308,"Taro, raw",Vegetables and Vegetable Products,112,1.5,0.2,26.46,11
169309,"Taro shoots, cooked, without salt",Vegetables and Vegetable Products,14,0.73,0.08,3.2,2
169310,"Taro, tahitian, raw",Vegetables and Vegetable Products,44,2.79,0.97,6.91,50
169311,"Artichokes, (globe or french), cooked, boiled, drained, with salt",Vegetables and Vegetable Products,51,2.89,0.34,11.39,296
169312,"Artichokes, (globe or french), frozen, cooked, boiled, drained, with salt",Vegetables and Vegetable Products,45,3.11,0.5,9.18,289
169313,"Asparagus, cooked, boiled, drained, with salt",Vegetables and Vegetable Products,22,2.4,0.22,4.11,240
169314,"Asparagus, canned, no salt added, solids and liquids",Vegetables and Vegetable Products,15,1.8,0.18,2.48,26
169315,"Beans, kidney, mature seeds, sprouted, cooked, boiled, drained, with salt",Vegetables and Vegetable Products,33,4.83,0.58,4.72,243
169316,"Lima beans, immature seeds, cooked, boiled, drained, with salt",Vegetables and Vegetable Products,123,6.81,0.32,23.64,253
169317,"Lima beans, immature seeds, canned, no salt added, solids and liquids",Vegetables and Vegetable Products,71,4.07,0.29,13.33,4
169318,"Lima beans, immature seeds, frozen, baby, cooked, boiled, drained, with salt",Vegetables and Vegetable Products,105,6.65,0.3,19.45,265
169319,"Beans, pinto, mature seeds, sprouted, cooked, boiled, drained, with salt",Vegetables and Vegetable Products,20,1.86,0.32,3.5,287
169320,"Beans, snap, yellow, raw",Vegetables and Vegetable Products,31,1.82,0.12,7.13,6
169321,"Beans, snap, green, cooked, boiled, drained, with salt",Vegetables and Vegetable Products,35,1.89,0.28,7.88,239
169322,"Beans, snap, yellow, cooked, boiled, drained, without salt",Vegetables and Vegetable Products,35,1.89,0.28,7.88,3
169323,"Beans, snap, yellow, cooked, boiled, drained, with salt",Vegetables and Vegetable Products,35,1.89,0.28,7.88,239
169324,"Beans, snap, yellow, frozen, all styles, unprepared",Vegetables and Vegetable Products,33,1.8,0.21,7.58,3
169325,"Beans, snap, green, frozen, cooked, boiled, drained, with salt",Vegetables and Vegetable Products,28,1.49,0.17,6.45,245
169326,"Beans, snap, yellow, frozen, cooked, boiled, drained, without salt",Vegetables and Vegetable Products,28,1.49,0.17,6.45,9
169327,"Beans, snap, yellow, frozen, cooked, boiled, drained, with salt",Vegetables and Vegetable Products,28,1.49,0.17,6.45,245
169328,"Broadbeans, immature seeds, cooked, boiled, drained, with salt",Vegetables and Vegetable Products,62,4.8,0.5,10.1,277
169329,"Broccoli, leaves, raw",Vegetables and Vegetable Products,28,2.98,0.35,5.06,27
169330,"Broccoli, flower clusters, raw",Vegetables and Vegetable Products,28,2.98,0.35,5.06,27
169331,"Broccoli, stalks, raw",Vegetables and Vegetable Products,28,2.98,0.35,5.24,27
169332,"Brussels sprouts, frozen, cooked, boiled, drained, with salt",Vegetables and Vegetable Products,42,3.64,0.39,8.32,259
169333,"Burdock root, cooked, boiled, drained, with salt",Vegetables and Vegetable Products,88,2.09,0.14,21.15,240
169334,"Butterbur, cooked, boiled, drained, with salt",Vegetables and Vegetable Products,8,0.23,0.02,2.16,240
169335,"Cabbage, common (danish, domestic, and pointed types), freshly harvest, raw",Vegetables and Vegetable Products,24,1.21,0.18,5.37,18
169336,"Cabbage, common (danish, domestic, and pointed types), stored, raw",Vegetables and Vegetable Products,24,1.21,0.18,5.37,18
169337,"Cabbage, chinese (pe-tsai), cooked, boiled, drained, with salt",Vegetables and Vegetable Products,14,1.5,0.17,2.41,245
169338,"Cardoon, cooked, boiled, drained, with salt",Vegetables and Vegetable Products,20,0.76,0.11,4.74,412
169339,"Carrots, cooked, boiled, drained, with salt",Vegetables and Vegetable Products,35,0.76,0.18,8.22,302
169340,"Carrots, canned, no salt added, solids and liquids",Vegetables and Vegetable Products,23,0.59,0.14,5.36,34
169341,"Celeriac, cooked, boiled, drained, with salt",Vegetables and Vegetable Products,27,0.96,0.19,5.9,297
169342,"Celery, cooked, boiled, drained, with salt",Vegetables and Vegetable Products,18,0.83,0.16,4,327
169343,"Chard, swiss, cooked, boiled, drained, with salt",Vegetables and Vegetable Products,20,1.88,0.08,4.13,415
169344,"Chayote, fruit, cooked, boiled, drained, with salt",Vegetables and Vegetable Products,22,0.62,0.48,4.5,237
169345,"Corn, sweet, yellow, canned, no salt added, solids and liquids (Includes foods for USDA's Food Distribution Program)",Vegetables and Vegetable Products,61,1.95,0.77,13.86,12
169346,"Corn, sweet, yellow, canned, cream style, no salt added",Vegetables and Vegetable Products,72,1.74,0.42,18.13,3
169347,"Corn, sweet, yellow, canned, vacuum pack, no salt added",Vegetables and Vegetable Products,79,2.41,0.5,19.44,3
169348,"Corn, sweet, yellow, frozen, kernels, cut off cob, boiled, drained, with salt",Vegetables and Vegetable Products,79,2.55,0.67,18.71,245
169349,"Corn, sweet, yellow, frozen, kernels on cob, cooked, boiled, drained, with salt",Vegetables and Vegetable Products,94,3.11,0.74,22.33,240
169350,"Cress, garden, cooked, boiled, drained, with salt",Vegetables and Vegetable Products,23,1.9,0.6,3.8,244
169351,"Dandelion greens, cooked, boiled, drained, with salt",Vegetables and Vegetable Products,33,2,0.6,6.4,280
169352,"Eggplant, cooked, boiled, drained, with salt",Vegetables and Vegetable Products,33,0.83,0.23,8.14,239
169353,"Gourd, white-flowered (calabash), cooked, boiled, drained, with salt",Vegetables and Vegetable Products,13,0.6,0.02,3.1,238
169354,"Jute, potherb, cooked, boiled, drained, with salt",Vegetables and Vegetable Products,37,3.68,0.2,7.29,247
169355,"Kale, cooked, boiled, drained, with salt",Vegetables and Vegetable Products,44,2.94,1.21,5.3,252
169356,"Kale, frozen, cooked, boiled, drained, with salt",Vegetables and Vegetable Products,36,2.94,1.21,5.3,252
169357,"Kohlrabi, cooked, boiled, drained, with salt",Vegetables and Vegetable Products,29,1.8,0.11,6.69,257
169358,"Yambean (jicama), cooked, boiled, drained, with salt",Vegetables and Vegetable Products,36,0.72,0.09,8.23,242
169359,"Yardlong bean, cooked, boiled, drained, with salt",Vegetables and Vegetable Products,47,2.53,0.1,9.17,240
169360,"Corn, sweet, white, canned, whole kernel, no salt added, solids and liquids",Vegetables and Vegetable Products,64,1.95,0.5,15.41,12
169361,"Corn, sweet, white, canned, whole kernel, drained solids",Vegetables and Vegetable Products,67,2.29,1.22,14.34,205
169362,"Corn, sweet, white, canned, cream style, regular pack",Vegetables and Vegetable Products,74,1.74,0.42,18.62,261
169363,"Corn, sweet, white, canned, cream style, no salt added",Vegetables and Vegetable Products,72,1.74,0.42,18.13,3
169364,"Corn, sweet, white, frozen, kernels cut off cob, boiled, drained, with salt",Vegetables and Vegetable Products,80,2.75,0.43,19.56,245
169365,"Corn, sweet, white, frozen, kernels on cob, unprepared",Vegetables and Vegetable Products,98,3.28,0.78,23.5,5
169366,"Corn, sweet, white, frozen, kernels on cob, cooked, boiled, drained, without salt",Vegetables and Vegetable Products,94,3.11,0.74,22.33,4
169367,"Corn, sweet, white, frozen, kernels on cob, cooked, boiled, drained, with salt",Vegetables and Vegetable Products,94,3.11,0.74,22.33,240
169368,"Sesbania flower, cooked, steamed, with salt",Vegetables and Vegetable Products,21,1.14,0.05,5.1,247
169369,"Soybeans, mature seeds, sprouted, cooked, steamed, with salt",Vegetables and Vegetable Products,81,8.47,4.45,6.53,246
169370,"Soybeans, mature seeds, sprouted, cooked, stir-fried, with salt",Vegetables and Vegetable Products,125,13.1,7.1,9.4,250
169371,"Dock, cooked, boiled, drained, with salt",Vegetables and Vegetable Products,20,1.83,0.64,2.93,239
169372,"Potatoes, mashed, dehydrated, prepared from flakes without milk, whole milk and margarine added",Vegetables and Vegetable Products,113,1.9,5.6,15.02,332
169373,"Peppers, sweet, red, freeze-dried",Vegetables and Vegetable Products,314,17.9,3,68.7,193
169374,"Beans, snap, yellow, canned, regular pack, drained solids",Vegetables and Vegetable Products,20,1.15,0.1,4.5,251
169375,"Beans, snap, yellow, canned, no salt added, drained solids",Vegetables and Vegetable Products,20,1.15,0.1,4.5,2
169376,"Mushroom, white, exposed to ultraviolet light, raw",Vegetables and Vegetable Products,22,3.09,0.34,3.26,5
169377,"Mushrooms, portabella, exposed to ultraviolet light, grilled",Vegetables and Vegetable Products,29,3.28,0.58,4.44,11
169378,"Pickles, cucumber, sweet (includes bread and butter pickles)",Vegetables and Vegetable Products,91,0.58,0.41,21.15,457
169379,"Pickles, cucumber, sour",Vegetables and Vegetable Products,11,0.33,0.2,2.26,1208
169380,"Pickles, cucumber, sweet, low sodium (includes bread and butter pickles)",Vegetables and Vegetable Products,122,0.37,0.26,33.73,18
169381,"Catsup, low sodium",Vegetables and Vegetable Products,101,1.04,0.1,27.4,20
169382,"Mushrooms, enoki, raw",Vegetables and Vegetable Products,37,2.66,0.29,7.81,3
169383,"Peppers, sweet, yellow, raw",Vegetables and Vegetable Products,27,1,0.21,6.32,2
169384,"Tomatoes, sun-dried, packed in oil, drained",Vegetables and Vegetable Products,213,5.06,14.08,23.33,266
169385,"Fennel, bulb, raw",Vegetables and Vegetable Products,31,1.24,0.2,7.3,52
169386,"Pickle relish, hamburger",Vegetables and Vegetable Products,129,0.63,0.54,34.48,1096
169387,"Arugula, raw",Vegetables and Vegetable Products,25,2.58,0.66,3.65,27
169388,"Nopales, cooked, without salt",Vegetables and Vegetable Products,15,1.35,0.05,3.28,20
169389,"Cauliflower, green, raw",Vegetables and Vegetable Products,31,2.95,0.3,6.09,23
169390,"Cauliflower, green, cooked, no salt added",Vegetables and Vegetable Products,32,3.04,0.31,6.28,23
169391,"Cauliflower, green, cooked, with salt",Vegetables and Vegetable Products,32,3.04,0.31,6.28,259
169392,"Broccoli, chinese, cooked",Vegetables and Vegetable Products,22,1.14,0.72,3.81,7
169393,"Grape leaves, canned",Vegetables and Vegetable Products,69,4.27,1.97,11.71,2853
169394,"Pepper, banana, raw",Vegetables and Vegetable Products,27,1.66,0.45,5.35,13
169395,"Peppers, serrano, raw",Vegetables and Vegetable Products,32,1.74,0.44,6.7,10
169396,"Peppers, ancho, dried",Vegetables and Vegetable Products,281,11.86,8.2,51.42,43
169397,"Pickles, chowchow, with cauliflower onion mustard, sweet",Vegetables and Vegetable Products,121,1.5,0.9,26.64,527
169398,"Epazote, raw",Vegetables and Vegetable Products,32,0.33,0.52,7.44,43
169399,"Fireweed, leaves, raw",Vegetables and Vegetable Products,103,4.71,2.75,19.22,34
169400,"Malabar spinach, cooked",Vegetables and Vegetable Products,23,2.98,0.78,2.71,55
169401,"Yautia (tannier), raw",Vegetables and Vegetable Products,98,1.46,0.4,23.63,21
169402,"Mushrooms, white, microwaved",Vegetables and Vegetable Products,35,3.91,0.46,6.04,17
169403,"Mushrooms, maitake, raw",Vegetables and Vegetable Products,31,1.94,0.19,6.97,1
169404,"Broccoli, chinese, raw",Vegetables and Vegetable Products,26,1.2,0.76,4.67,7
169405,"Fiddlehead ferns, raw",Vegetables and Vegetable Products,34,4.55,0.4,5.54,1
169406,"Seeds, sesame butter, tahini, from unroasted kernels (non-chemically removed seed coat)",Nut and Seed Products,607,17.95,56.44,17.89,1
169407,"Seeds, watermelon seed kernels, dried",Nut and Seed Products,557,28.33,47.37,15.31,99
169408,"Nuts, chestnuts, japanese, dried",Nut and Seed Products,360,5.25,1.24,81.43,34
169409,"Nuts, coconut milk, frozen (liquid expressed from grated meat and water)",Nut and Seed Products,202,1.61,20.8,5.58,12
169410,"Seeds, sesame butter, tahini, from raw and stone ground kernels",Nut and Seed Products,570,17.81,48,26.19,74
169411,"Nuts, formulated, wheat-based, all flavors except macadamia, without salt",Nut and Seed Products,647,13.11,62.3,20.79,91
169412,"Seeds, sesame seed kernels, dried (decorticated)",Nut and Seed Products,631,20.45,61.21,11.73,47
169413,"Nuts, chestnuts, japanese, raw",Nut and Seed Products,154,2.25,0.53,34.91,14
169414,"Seeds, flaxseed",Nut and Seed Products,534,18.29,42.16,28.88,30
169415,"Seeds, pumpkin and squash seed kernels, roasted, with salt added",Nut and Seed Products,574,29.84,49.05,14.71,256
169416,"Seeds, sesame seed kernels, toasted, with salt added (decorticated)",Nut and Seed Products,567,16.96,48,26.04,588
169417,"Seeds, sunflower seed kernels from shell, dry roasted, with salt added",Nut and Seed Products,546,19.33,49.8,15.31,6008
169418,"Seeds, sunflower seed kernels, dry roasted, with salt added",Nut and Seed Products,582,19.33,49.8,24.07,655
169419,"Nuts, almonds, oil roasted, with salt added",Nut and Seed Products,607,21.23,55.17,17.68,339
169420,"Nuts, almonds, oil roasted, with salt added, smoke flavor",Nut and Seed Products,607,21.43,55.89,17.86,548
169421,"Nuts, cashew nuts, dry roasted, with salt added",Nut and Seed Products,574,15.31,46.35,32.69,640
169422,"Nuts, cashew nuts, oil roasted, with salt added",Nut and Seed Products,581,16.84,47.77,30.16,308
169423,"Nuts, mixed nuts, oil roasted, without peanuts, with salt added",Nut and Seed Products,615,15.52,56.17,22.27,306
169424,"Nuts, pecans, dry roasted, with salt added",Nut and Seed Products,710,9.5,74.27,13.55,383
169425,"Nuts, pecans, oil roasted, with salt added",Nut and Seed Products,715,9.2,75.23,13.01,393
169426,"Nuts, pistachio nuts, dry roasted, with salt added",Nut and Seed Products,569,21.05,45.82,27.55,428
169427,"Nuts, mixed nuts, oil roasted, with peanuts, lightly salted",Nut and Seed Products,607,20.04,53.95,21.05,161
169428,"Nuts, mixed nuts, oil roasted, without peanuts, lightly salted",Nut and Seed Products,607,17.86,50,25,143
169429,"Beef, grass-fed, strip steaks, lean only, raw",Beef Products,117,23.07,2.69,0,55
169430,"Beef, carcass, separable lean and fat, choice, raw",Beef Products,291,17.32,24.05,0,59
169431,"Beef, carcass, separable lean and fat, select, raw",Beef Products,278,17.48,22.55,0,59
169432,"Beef, brisket, flat half, separable lean and fat, trimmed to 1/8"" fat, select, cooked, braised",Beef Products,280,28.97,17.37,0,49
169433,"Beef, flank, steak, separable lean and fat, trimmed to 0"" fat, choice, raw",Beef Products,165,21.22,8.29,0,54
169434,"Beef, flank, steak, separable lean and fat, trimmed to 0"" fat, choice, cooked, braised",Beef Products,263,26.98,16.44,0,70
169435,"Beef, flank, steak, separable lean and fat, trimmed to 0"" fat, choice, cooked, broiled",Beef Products,202,27.55,9.31,0,53
169436,"Beef, rib, eye, small end (ribs 10-12), separable lean and fat, trimmed to 0"" fat, choice, cooked, broiled",Beef Products,265,26.58,16.76,0,53
169437,"Beef, rib, eye, small end (ribs 10-12), separable lean only, trimmed to 0"" fat, choice, raw",Beef Products,161,20.13,8.3,0,63
169438,"Beef, rib, eye, small end (ribs 10-12), separable lean only, trimmed to 0"" fat, choice, cooked, broiled",Beef Products,205,28.88,9.01,0,60
169439,"Beef, rib, shortribs, separable lean and fat, choice, raw",Beef Products,390,14.4,36.23,0.4,49
169440,"Beef, brisket, flat half, separable lean and fat, trimmed to 0"" fat, choice, cooked, braised",Beef Products,221,32.21,9.24,0,52
169441,"Beef, shank crosscuts, separable lean only, trimmed to 1/4"" fat, choice, raw",Beef Products,128,21.75,3.85,0,63
169442,"Beef, shank crosscuts, separable lean only, trimmed to 1/4"" fat, choice, cooked, simmered",Beef Products,201,33.68,6.36,0,64
169443,"Beef, short loin, porterhouse steak, separable lean only, trimmed to 1/8"" fat, choice, raw",Beef Products,161,22.13,7.39,0,56
169444,"Beef, chuck, under blade pot roast, boneless, separable lean only, trimmed to 0"" fat, all grades, cooked, braised",Beef Products,216,30.54,10.46,0,65
169445,"Beef, chuck, under blade pot roast or steak, boneless, separable lean only, trimmed to 0"" fat, all grades, raw",Beef Products,140,21.13,6.07,0.31,81
169446,"Beef, chuck, under blade pot roast or steak, boneless, separable lean only, trimmed to 0"" fat, choice, raw",Beef Products,145,21.19,6.51,0.39,80
169447,"Beef, ground, patties, frozen, cooked, broiled",Beef Products,295,23.05,21.83,0,77
169448,"Beef, variety meats and by-products, heart, cooked, simmered",Beef Products,165,28.48,4.73,0.15,59
169449,"Beef, variety meats and by-products, kidneys, raw",Beef Products,99,17.4,3.09,0.29,182
169450,"Beef, variety meats and by-products, kidneys, cooked, simmered",Beef Products,158,27.27,4.65,0,94
169451,"Beef, variety meats and by-products, liver, raw",Beef Products,135,20.36,3.63,3.89,69
169452,"Beef, variety meats and by-products, pancreas, raw",Beef Products,235,15.7,18.6,0,67
169453,"Beef, variety meats and by-products, pancreas, cooked, braised",Beef Products,271,27.1,17.2,0,60
169454,"Beef, variety meats and by-products, spleen, raw",Beef Products,105,18.3,3,0,85
169455,"Beef, loin, top loin steak, boneless, lip off, separable lean only, trimmed to 0"" fat, choice, cooked, grilled",Beef Products,211,29.22,9.52,0,59
169456,"Beef, loin, top loin steak, boneless, lip off, separable lean only, trimmed to 0"" fat, select, cooked, grilled",Beef Products,189,29.99,6.74,0,58
169457,"Beef, top sirloin, steak, separable lean and fat, trimmed to 0"" fat, all grades, cooked, broiled",Beef Products,212,29.33,9.67,0,61
169458,"Beef, top sirloin, steak, separable lean and fat, trimmed to 0"" fat, choice, cooked, broiled",Beef Products,219,29.02,10.54,0,58
169459,"Beef, short loin, porterhouse steak, separable lean and fat, trimmed to 0"" fat, all grades, cooked, broiled",Beef Products,276,23.96,19.27,0,65
169460,"Beef, short loin, porterhouse steak, separable lean and fat, trimmed to 0"" fat, USDA choice, cooked, broiled",Beef Products,283,23.61,20.15,0,65
169461,"Beef, short loin, porterhouse steak, separable lean and fat, trimmed to 0"" fat, USDA select, cooked, broiled",Beef Products,267,24.47,17.98,0,65
169462,"Beef, short loin, porterhouse steak, separable lean only, trimmed to 1/8"" fat, all grades, raw",Beef Products,155,22.32,6.6,0,51
169463,"Beef, short loin, porterhouse steak, separable lean only, trimmed to 0"" fat, select, cooked, broiled",Beef Products,194,26.89,8.81,0,69
169464,"Beef, short loin, t-bone steak, separable lean and fat, trimmed to 0"" fat, all grades, cooked, broiled",Beef Products,247,24.18,15.93,0,67
169465,"Beef, short loin, t-bone steak, separable lean and fat, trimmed to 0"" fat, USDA choice, cooked, broiled",Beef Products,258,24.05,17.26,0,67
169466,"Beef, short loin, t-bone steak, separable lean and fat, trimmed to 0"" fat, USDA select, cooked, broiled",Beef Products,230,24.38,14,0,68
169467,"Beef, short loin, t-bone steak, bone-in, separable lean only, trimmed to 1/8"" fat, select, cooked, grilled",Beef Products,206,28.45,9.35,0,66
169468,"Beef, short loin, t-bone steak, separable lean only, trimmed to 0"" fat, select, cooked, broiled",Beef Products,177,26,7.36,0,71
169469,"Beef, brisket, flat half, separable lean only, trimmed to 0"" fat, select, cooked, braised",Beef Products,198,33.9,5.92,0,56
169470,"Beef, round, tip round, roast, separable lean and fat, trimmed to 0"" fat, all grades, raw",Beef Products,151,20.48,7.01,0,55
169471,"Beef, round, top round steak, boneless, separable lean only, trimmed to 0"" fat, choice, cooked, grilled",Beef Products,166,30.24,4.11,0,78
169472,"Beef, round, top round steak, boneless, separable lean only, trimmed to 0"" fat, select, cooked, grilled",Beef Products,158,29.81,3.37,0,76
169473,"Beef, ground, 70% lean meat / 30% fat, crumbles, cooked, pan-browned",Beef Products,270,25.56,17.86,0,96
169474,"Beef, ground, 70% lean meat / 30% fat, loaf, cooked, baked",Beef Products,241,23.87,15.37,0,73
169475,"Beef, shoulder top blade steak, boneless, separable lean only, trimmed to 0"" fat, choice, cooked, grilled",Beef Products,202,28.28,9.83,0,85
169476,"Beef, shoulder top blade steak, boneless, separable lean only, trimmed to 0"" fat, select, cooked, grilled",Beef Products,187,27.96,8.34,0,89
169477,"Beef, shoulder top blade steak, boneless, separable lean only, trimmed to 0"" fat, all grades, raw",Beef Products,139,20.36,6.42,0,83
169478,"Beef, shoulder top blade steak, boneless, separable lean only, trimmed to 0"" fat, choice, raw",Beef Products,143,20.35,6.88,0,82
169479,"Beef, shoulder top blade steak, boneless, separable lean and fat, trimmed to 0"" fat, all grades, cooked, grilled",Beef Products,210,27.59,11.07,0,85
169480,"Beef, shoulder pot roast or steak, boneless, separable lean only, trimmed to 0"" fat, all grades, raw",Beef Products,123,21.64,4.09,0,73
169481,"Beef, shoulder pot roast or steak, boneless, separable lean only, trimmed to 0"" fat, choice, raw",Beef Products,125,21.45,4.35,0.11,74
169482,"Beef, shoulder pot roast or steak, boneless, separable lean only, trimmed to 0"" fat, select, raw",Beef Products,121,21.93,3.7,0,71
169483,"Beef, composite of trimmed retail cuts, separable lean and fat, trimmed to 1/8"" fat, all grades, raw",Beef Products,215,20.01,14.42,0,52
169484,"Beef, composite of trimmed retail cuts, separable lean and fat, trimmed to 1/8"" fat, all grades, cooked",Beef Products,259,26.11,16.59,0,50
169485,"Beef, composite of trimmed retail cuts, separable lean and fat, trimmed to 1/8"" fat, choice, raw",Beef Products,224,19.79,15.42,0,50
169486,"Beef, composite of trimmed retail cuts, separable lean and fat, trimmed to 1/8"" fat, choice, cooked",Beef Products,268,25.85,17.68,0,49
169487,"Beef, composite of trimmed retail cuts, separable lean and fat, trimmed to 1/8"" fat, select, raw",Beef Products,193,19.06,12.4,0,51
169488,"Beef, brisket, flat half, separable lean and fat, trimmed to 1/8"" fat, all grades, cooked, braised",Beef Products,289,28.82,18.42,0,48
169489,"Beef, brisket, point half, separable lean and fat, trimmed to 1/8"" fat, all grades, raw",Beef Products,267,17.65,20.98,0.59,72
169490,"Beef, brisket, point half, separable lean and fat, trimmed to 1/8"" fat, all grades, cooked, braised",Beef Products,349,24.4,27.17,0,69
169491,"Beef, chuck, arm pot roast, separable lean and fat, trimmed to 1/8"" fat, all grades, raw",Beef Products,244,19.23,17.98,0,62
169492,"Beef, chuck, arm pot roast, separable lean and fat, trimmed to 1/8"" fat, select, cooked, braised",Beef Products,295,30.05,18.5,0,50
169493,"Beef, chuck, blade roast, separable lean and fat, trimmed to 1/8"" fat, all grades, raw",Beef Products,248,17.16,19.41,0,68
169494,"Beef, chuck, blade roast, separable lean and fat, trimmed to 1/8"" fat, all grades, cooked, braised",Beef Products,341,26.78,25.12,0,65
169495,"Beef, chuck, blade roast, separable lean and fat, trimmed to 1/8"" fat, choice, raw",Beef Products,268,16.98,21.31,0.97,67
169496,"Beef, chuck eye roast, boneless, America's Beef Roast, separable lean only, trimmed to 0"" fat, choice, cooked, roasted",Beef Products,190,26.41,9.36,0,79
169497,"Beef, chuck eye roast, boneless, America's Beef Roast, separable lean only, trimmed to 0"" fat, select, cooked, roasted",Beef Products,172,27.02,7.12,0,81
169498,"Beef, rib, whole (ribs 6-12), separable lean and fat, trimmed to 1/8"" fat, all grades, raw",Beef Products,306,16.53,26.1,0,55
169499,"Beef, rib, whole (ribs 6-12), separable lean and fat, trimmed to 1/8"" fat, all grades, cooked, broiled",Beef Products,337,22.42,26.75,0,63
169500,"Beef, rib, whole (ribs 6-12), separable lean and fat, trimmed to 1/8"" fat, all grades, cooked, roasted",Beef Products,351,22.77,28.11,0,64
169501,"Beef, rib, whole (ribs 6-12), separable lean and fat, trimmed to 1/8"" fat, select, cooked, broiled",Beef Products,315,22.73,24.2,0,64
169502,"Beef, rib, whole (ribs 6-12), separable lean and fat, trimmed to 1/8"" fat, select, cooked, roasted",Beef Products,330,23.1,25.63,0,65
169503,"Beef, rib, whole (ribs 6-12), separable lean and fat, trimmed to 1/8"" fat, prime, raw",Beef Products,355,16.15,31.66,0,53
169504,"Beef, rib, whole (ribs 6-12), separable lean and fat, trimmed to 1/8"" fat, prime, cooked, broiled",Beef Products,386,21.95,32.38,0,62
169505,"Beef, rib, large end (ribs 6-9), separable lean and fat, trimmed to 1/8"" fat, choice, raw",Beef Products,333,16.03,29.34,0,54
169506,"Beef, rib, large end (ribs 6-9), separable lean and fat, trimmed to 1/8"" fat, choice, cooked, broiled",Beef Products,370,20.86,31.18,0,63
169507,"Beef, rib, large end (ribs 6-9), separable lean and fat, trimmed to 1/8"" fat, choice, cooked, roasted",Beef Products,378,22.5,31.28,0,63
169508,"Beef, rib, large end (ribs 6-9), separable lean and fat, trimmed to 1/8"" fat, select, raw",Beef Products,295,16.52,24.85,0,56
169509,"Beef, rib, small end (ribs 10-12), separable lean and fat, trimmed to 1/8"" fat, all grades, raw",Beef Products,254,19.33,19.06,0,49
169510,"Beef, rib, small end (ribs 10-12), separable lean and fat, trimmed to 1/8"" fat, all grades, cooked, broiled",Beef Products,291,25.85,20.04,0,53
169511,"Beef, rib, small end (ribs 10-12), separable lean and fat, trimmed to 1/8"" fat, all grades, cooked, roasted",Beef Products,341,22.54,27.14,0,63
169512,"Beef, rib, small end (ribs 10-12), separable lean and fat, trimmed to 1/8"" fat, choice, raw",Beef Products,263,19.09,20.13,0,48
169513,"Beef, rib, small end (ribs 10-12), separable lean and fat, trimmed to 1/8"" fat, select, cooked, roasted",Beef Products,323,22.76,25.02,0,64
169514,"Beef, rib, small end (ribs 10-12), separable lean and fat, trimmed to 1/8"" fat, prime, raw",Beef Products,335,16.74,29.18,0.06,53
169515,"Beef, rib, small end (ribs 10-12), separable lean and fat, trimmed to 1/8"" fat, prime, cooked, broiled",Beef Products,354,24.13,27.86,0,63
169516,"Beef, rib, small end (ribs 10-12), separable lean and fat, trimmed to 1/8"" fat, prime, cooked, roasted",Beef Products,411,22.15,35.12,0,65
169517,"Beef, round, full cut, separable lean and fat, trimmed to 1/8"" fat, select, raw",Beef Products,184,20.56,10.68,0,54
169518,"Beef, round, full cut, separable lean and fat, trimmed to 1/8"" fat, select, cooked, broiled",Beef Products,218,27.58,11.08,0,62
169519,"Beef, round, bottom round, steak, separable lean and fat, trimmed to 1/8"" fat, all grades, raw",Beef Products,192,20.7,11.54,0,56
169520,"Beef, round, bottom round, steak, separable lean and fat, trimmed to 1/8"" fat, all grades, cooked, braised",Beef Products,247,32.76,11.87,0,43
169521,"Beef, round, bottom round, steak, separable lean and fat, trimmed to 1/8"" fat, select, cooked, braised",Beef Products,240,32.67,11.19,0,43
169522,"Beef, round, bottom round, roast, separable lean and fat, trimmed to 1/8"" fat, select, cooked, roasted",Beef Products,212,26.77,10.85,0,35
169523,"Beef, round, eye of round, roast, separable lean and fat, trimmed to 1/8"" fat, all grades, raw",Beef Products,166,21.49,8.24,0,58
169524,"Beef, round, eye of round, roast, separable lean and fat, trimmed to 1/8"" fat, all grades, cooked, roasted",Beef Products,208,28.31,9.65,0,37
169525,"Beef, round, tip round, separable lean and fat, trimmed to 1/8"" fat, all grades, raw",Beef Products,189,19.6,11.67,0,58
169526,"Beef, round, tip round, roast, separable lean and fat, trimmed to 1/8"" fat, all grades, cooked, roasted",Beef Products,219,27.45,11.34,0,63
169527,"Beef, round, tip round, separable lean and fat, trimmed to 1/8"" fat, choice, raw",Beef Products,199,19.48,12.83,0,58
169528,"Beef, round, tip round, roast, separable lean and fat, trimmed to 1/8"" fat, choice, cooked, roasted",Beef Products,228,27.27,12.34,0,63
169529,"Beef, round, top round, steak, separable lean and fat, trimmed to 1/8"" fat, all grades, raw",Beef Products,166,22.06,7.93,0,60
169530,"Beef, round, top round, separable lean and fat, trimmed to 1/8"" fat, all grades, cooked, braised",Beef Products,238,34.34,10.13,0,45
169531,"Beef, round, top round steak, separable lean and fat, trimmed to 1/8"" fat, all grades, cooked, broiled",Beef Products,204,30.67,9,0,41
169532,"Beef, round, top round, steak, separable lean and fat, trimmed to 1/8"" fat, choice, raw",Beef Products,168,21.94,8.19,0,57
169533,"Beef, round, top round, steak, separable lean and fat, trimmed to 1/8"" fat, select, cooked, broiled",Beef Products,201,30.63,7.73,0,41
169534,"Beef, round, top round, separable lean and fat, trimmed to 1/8"" fat, prime, raw",Beef Products,173,22.24,8.67,0,51
169535,"Beef, round, top round, steak, separable lean and fat, trimmed to 1/8"" fat, prime, cooked, broiled",Beef Products,225,31.27,10.1,0,61
169536,"Beef, shoulder top blade steak, boneless, separable lean and fat, trimmed to 0"" fat, select, raw",Beef Products,137,20.28,6.21,0,86
169537,"Beef, short loin, t-bone steak, separable lean and fat, trimmed to 1/8"" fat, choice, cooked, grilled",Beef Products,294,24.21,21.13,0,63
169538,"Beef, short loin, top loin, steak, separable lean and fat, trimmed to 1/8"" fat, all grades, raw",Beef Products,228,20.61,15.49,0,52
169539,"Beef, loin, top loin, separable lean and fat, trimmed to 1/8"" fat, all grades, cooked, grilled",Beef Products,264,26.44,16.78,0,54
169540,"Beef, loin, top loin, separable lean and fat, trimmed to 1/8"" fat, choice, raw",Beef Products,237,19.32,17.1,0,54
169541,"Beef, short loin, top loin, separable lean and fat, trimmed to 1/8"" fat, prime, cooked, broiled",Beef Products,310,25.92,22.12,0,64
169542,"Beef, tenderloin, steak, separable lean and fat, trimmed to 1/8"" fat, all grades, raw",Beef Products,247,19.61,18.16,0,50
169543,"Beef, tenderloin, steak, separable lean and fat, trimmed to 1/8"" fat, all grades, cooked, broiled",Beef Products,267,26.46,17.12,0,54
169544,"Beef, tenderloin, roast, separable lean and fat, trimmed to 1/8"" fat, all grades, cooked, roasted",Beef Products,324,23.9,24.6,0,57
169545,"Beef, tenderloin, steak, separable lean and fat, trimmed to 1/8"" fat, choice, raw",Beef Products,246,19.82,17.88,0,50
169546,"Beef, tenderloin, roast, separable lean and fat, trimmed to 1/8"" fat, select, cooked, roasted",Beef Products,316,23.9,23.7,0,57
169547,"Beef, tenderloin, separable lean and fat, trimmed to 1/8"" fat, prime, raw",Beef Products,274,18.15,21.83,0,49
169548,"Beef, tenderloin, steak, separable lean and fat, trimmed to 1/8"" fat, prime, cooked, broiled",Beef Products,308,25.26,22.21,0,59
169549,"Beef, tenderloin, roast, separable lean and fat, trimmed to 1/8"" fat, prime, cooked, roasted",Beef Products,343,24.04,26.67,0,55
169550,"Beef, top sirloin, steak, separable lean and fat, trimmed to 1/8"" fat, choice, cooked, pan-fried",Beef Products,313,28.77,21.06,0,71
169551,"Beef, top sirloin, steak, separable lean and fat, trimmed to 1/8"" fat, select, raw",Beef Products,189,20.68,11.13,0,53
169552,"Beef, top sirloin, steak, separable lean and fat, trimmed to 1/8"" fat, select, cooked, broiled",Beef Products,230,27.12,12.71,0,57
169553,"Beef, chuck, clod roast, separable lean only, trimmed to 0"" fat, choice, cooked, roasted",Beef Products,171,25.95,6.69,0,74
169554,"Beef, flank, steak, separable lean and fat, trimmed to 0"" fat, select, cooked, broiled",Beef Products,183,27.78,7.15,0,58
169555,"Beef, brisket, flat half, separable lean and fat, trimmed to 0"" fat, select, cooked, braised",Beef Products,205,33.59,6.77,0,57
169556,"Beef, rib eye, small end (ribs 10-12), separable lean and fat, trimmed to 0"" fat, select, cooked, broiled",Beef Products,234,27.95,12.71,0,59
169557,"Beef, rib eye, small end (ribs 10-12), separable lean and fat, trimmed to 0"" fat, all grades, cooked, broiled",Beef Products,249,27.27,14.74,0,56
169558,"Beef, bottom sirloin, tri-tip roast, separable lean and fat, trimmed to 0"" fat, all grades, cooked, roasted",Beef Products,211,26.05,11.07,0,53
169559,"Beef, bottom sirloin, tri-tip roast, separable lean and fat, trimmed to 0"" fat, select, raw",Beef Products,157,20.64,7.68,0,53
169560,"Beef, round, top round steak, boneless, separable lean and fat, trimmed to 0"" fat, all grades, cooked, grilled",Beef Products,167,29.96,4.28,0,75
169561,"Beef, chuck, mock tender steak, separable lean only, trimmed to 0"" fat, choice, cooked, broiled",Beef Products,161,25.74,5.69,0,73
169562,"Beef, chuck, mock tender steak, separable lean only, trimmed to 0"" fat, select, cooked, broiled",Beef Products,157,26.13,5.02,0,68
169563,"Beef, flank, steak, separable lean and fat, trimmed to 0"" fat, all grades, raw",Beef Products,155,21.22,7.17,0,54
169564,"Beef, flank, steak, separable lean and fat, trimmed to 0"" fat, select, raw",Beef Products,145,21.22,6.06,0,54
169565,"Beef, chuck eye roast, boneless, America's Beef Roast, separable lean only, trimmed to 0"" fat, all grades, raw",Beef Products,137,20.61,6.01,0,85
169566,"Beef, chuck eye roast, boneless, America's Beef Roast, separable lean only, trimmed to 0"" fat, choice, raw",Beef Products,139,20.67,6.21,0,85
169567,"Beef, chuck, short ribs, boneless, separable lean only, trimmed to 0"" fat, choice, cooked, braised",Beef Products,250,28.84,14.95,0,75
169568,"Beef, chuck, short ribs, boneless, separable lean only, trimmed to 0"" fat, select, cooked, braised",Beef Products,224,28.79,12.08,0,75
169569,"Beef, chuck, short ribs, boneless, separable lean only, trimmed to 0"" fat, all grades, cooked, braised",Beef Products,240,28.82,13.8,0,75
169570,"Beef, brisket, flat half, boneless, separable lean and fat, trimmed to 0"" fat, select, raw",Beef Products,158,20.57,8.45,0,82
169571,"Beef, loin, bottom sirloin butt, tri-tip roast, separable lean only, trimmed to 0"" fat, all grades, cooked, roasted",Beef Products,182,26.75,8.34,0,55
169572,"Alcoholic beverage, beer, light, BUD LIGHT",Beverages,29,0.25,0,1.3,3
169573,"Alcoholic beverage, daiquiri, canned",Beverages,125,0,0,15.7,40
169574,"Alcoholic beverage, daiquiri, prepared-from-recipe",Beverages,186,0.06,0.06,6.94,5
169575,"Alcoholic beverage, beer, light, low carb",Beverages,27,0.17,0,0.73,3
169576,"Candies, milk chocolate coated raisins",Sweets,390,4.1,14.8,68.4,36
169577,"Syrups, table blends, pancake, reduced-calorie",Sweets,165,0,0,44.55,178
169578,"Syrups, table blends, pancake",Sweets,234,0,0,61.47,82
169579,"Candies, HERSHEY'S POT OF GOLD Almond Bar",Sweets,577,12.82,38.46,44.89,64
169580,"Candies, truffles, prepared-from-recipe",Sweets,510,6.21,33.76,44.88,68
169581,"Baking chocolate, MARS SNACKFOOD US, M&M's Semisweet Chocolate Mini Baking Bits",Sweets,517,4.44,26.15,65.96,2
169582,"Candies, MARS SNACKFOOD US, M&M's Peanut Chocolate Candies",Sweets,515,9.57,26.13,60.48,50
169583,"Candies, MARS SNACKFOOD US, M&M's Milk Chocolate Candies",Sweets,492,4.33,21.13,71.19,61
169584,"Baking chocolate, MARS SNACKFOOD US, M&M's Milk Chocolate Mini Baking Bits",Sweets,502,4.78,23.36,68.4,68
169585,"Candies, peanut bar",Sweets,522,15.5,33.7,47.4,156
169586,"Candies, peanut brittle, prepared-from-recipe",Sweets,486,7.57,18.98,71.24,445
169587,"Candies, NESTLE, RAISINETS Chocolate Covered Raisins",Sweets,422,4.4,17,71,33
169588,"Candies, sesame crunch",Sweets,516,11.6,33.3,50.3,167
169589,"Candies, MARS SNACKFOOD US, SNICKERS Bar",Sweets,491,7.53,23.85,61.51,239
169590,"Candies, MARS SNACKFOOD US, STARBURST Fruit Chews, Original fruits",Sweets,408,0.41,8.21,82.57,2
169591,"Candies, MARS SNACKFOOD US, M&M's MINIs Milk Chocolate Candies",Sweets,502,4.78,23.36,68.4,68
169592,"Candies, SPECIAL DARK Chocolate Bar",Sweets,556,5.54,32.4,60.49,6
169593,"Cocoa, dry powder, unsweetened",Sweets,228,19.6,13.7,57.9,21
169594,"Cocoa, dry powder, unsweetened, processed with alkali",Sweets,220,18.1,13.1,58.3,19
169595,"Desserts, egg custard, baked, prepared-from-recipe",Sweets,104,5.02,4.58,11,61
169596,"Gelatin desserts, dry mix, prepared with water",Sweets,60,1.22,0,14.19,75
169597,"Gelatin desserts, dry mix, reduced calorie, with aspartame",Sweets,198,15.67,0,80.21,862
169598,"Gelatin desserts, dry mix, reduced calorie, with aspartame, prepared with water",Sweets,20,0.83,0,4.22,48
169599,"Gelatins, dry powder, unsweetened",Sweets,335,85.6,0.1,0,196
169600,"Puddings, chocolate, dry mix, instant, prepared with whole milk",Sweets,111,3.1,3.1,18.8,284
169601,"Desserts, apple crisp, prepared-from-recipe",Sweets,161,1.75,3.43,30.84,351
169602,"Flan, caramel custard, dry mix",Sweets,348,0,0,91.6,432
169603,"Puddings, chocolate, dry mix, regular",Sweets,362,2.6,2.1,89.3,479
169604,"Puddings, chocolate, dry mix, regular, prepared with whole milk",Sweets,120,3.16,3.15,19.64,98
169605,"Puddings, rice, dry mix, prepared with whole milk",Sweets,121,3.25,2.82,20.68,108
169606,"Puddings, tapioca, dry mix",Sweets,369,0.1,0.1,94.3,477
169607,"Puddings, tapioca, dry mix, prepared with whole milk",Sweets,115,2.84,2.89,19.43,120
169608,"Puddings, vanilla, ready-to-eat",Sweets,130,1.45,3.78,22.6,172
169609,"Puddings, vanilla, dry mix, regular",Sweets,379,0.3,0.4,93.5,613
169610,"Puddings, vanilla, dry mix, regular, prepared with whole milk",Sweets,113,2.8,2.9,18.92,156
169611,"Puddings, rice, dry mix, prepared with 2% milk",Sweets,111,3.29,1.63,20.81,109
169612,"Puddings, tapioca, dry mix, prepared with 2% milk",Sweets,105,2.88,1.67,19.56,121
169613,"Frozen novelties, ice type, fruit, no sugar added",Sweets,24,0.5,0.1,6.2,5
169614,"Puddings, tapioca, ready-to-eat",Sweets,130,1.95,3.88,21.69,145
169615,"Puddings, coconut cream, dry mix, regular, prepared with 2% milk",Sweets,104,3.1,2.5,17.8,163
169616,"Desserts, rennin, chocolate, dry mix",Sweets,363,2.4,3.3,91.5,187
169617,"Rennin, chocolate, dry mix, prepared with whole milk",Sweets,96,3.2,3.34,13.34,51
169618,"Frostings, coconut-nut, ready-to-eat",Sweets,433,1.5,24,52.7,160
169619,"Frostings, cream cheese-flavor, ready-to-eat",Sweets,415,0.1,17.3,67.32,191
169620,"Frostings, vanilla, creamy, ready-to-eat",Sweets,418,0,16.23,67.89,184
169621,"Flan, caramel custard, dry mix, prepared with 2% milk",Sweets,103,2.99,1.72,18.82,113
169622,"Candies, HERSHEY'S MILK CHOCOLATE WITH ALMOND BITES",Sweets,568,9.76,35.73,51.72,74
169623,"Candies, REESE'S BITES",Sweets,521,11.34,29.85,55.18,179
169624,"Candies, REESE'S NUTRAGEOUS Candy Bar",Sweets,517,11.28,32.09,52.8,141
169625,"Frostings, chocolate, creamy, dry mix",Sweets,389,1.3,5.2,92,76
169626,"Frostings, white, fluffy, dry mix, prepared with water",Sweets,244,1.5,0,62.6,156
169627,"Candies, HERSHEY'S, ALMOND JOY BITES",Sweets,563,5.58,34.5,57.54,39
169628,"Candies, HERSHEY, REESESTICKS crispy wafers, peanut butter, milk chocolate",Sweets,521,9.53,31.34,55.38,264
169629,"Candies, HERSHEY, KIT KAT BIG KAT Bar",Sweets,520,6.24,27.84,63.64,64
169630,"Candies, REESE'S, FAST BREAK, milk chocolate peanut butter and soft nougats",Sweets,474,8.66,23.42,61.6,330
169631,"Ice creams, vanilla, light, no sugar added",Sweets,169,3.97,7.45,21.42,96
169632,"Frozen novelties, fruit and juice bars",Sweets,87,1.2,0.1,20.2,4
169633,"Ice creams, chocolate, light, no sugar added",Sweets,173,3.54,5.74,26.79,75
169634,"Candies, dark chocolate coated coffee beans",Sweets,540,7.5,30,59.95,25
169635,"Snacks, SUNKIST, SUNKIST Fruit Roll, strawberry, with vitamins A, C, and E",Snacks,342,0.6,1,82.7,111
169636,"Snacks, fruit leather, pieces, with vitamin C",Snacks,373,0.1,3.5,85.2,317
169637,"Candies, milk chocolate coated coffee beans",Sweets,549,7.41,33.18,55.25,70
169638,"Frozen novelties, ice type, lime",Sweets,128,0.4,0,32.6,22
169639,"Candies, MARS SNACKFOOD US, SNICKERS MUNCH bar",Sweets,536,15.25,36.22,43.64,358
169640,Honey,Sweets,304,0.3,0,82.4,4
169641,Jams and preserves,Sweets,278,0.37,0.07,68.86,32
169642,Jellies,Sweets,266,0.15,0.02,69.95,30
169643,"Candies, MARS SNACKFOOD US, POP'ABLES SNICKERS Brand Bite Size Candies",Sweets,480,7.15,24.32,61.07,224
169644,"Candies, MARS SNACKFOOD US, POP'ABLES MILKY WAY Brand Bite Size Candies",Sweets,463,3.3,18,71.85,146
169645,"Candies, MARS SNACKFOOD US, POP'ABLES 3 MUSKETEERS Brand Bite Size Candies",Sweets,443,2.59,15.17,75.94,172
169646,"Candies, MARS SNACKFOOD US, STARBURST Fruit Chews, Fruit and Creme",Sweets,408,0.41,8.36,82.43,2
169647,"Candies, MARS SNACKFOOD US, STARBURST Sour Fruit Chews",Sweets,400,0.39,7.78,79.73,89
169648,"Puddings, banana, dry mix, instant",Sweets,367,0,0.6,92.7,1499
169649,"Puddings, banana, dry mix, instant, prepared with whole milk",Sweets,115,2.62,2.8,19.76,290
169650,"Puddings, banana, dry mix, regular",Sweets,366,0,0.4,93,788
169651,"Candies, MARS SNACKFOOD US, COCOAVIA Chocolate Bar",Sweets,539,5.81,29.3,62.99,7
169652,"Candies, MARS SNACKFOOD US, COCOAVIA Blueberry and Almond Chocolate Bar",Sweets,525,6.35,28.68,60.37,8
169653,"Candies, MARS SNACKFOOD US, COCOAVIA Crispy Chocolate Bar",Sweets,517,8.21,26.23,62.06,40
169654,"Puddings, lemon, dry mix, instant",Sweets,378,0,0.7,95.4,1332
169655,"Sugars, granulated",Sweets,387,0,0,99.98,1
169656,"Sugars, powdered",Sweets,389,0,0,99.77,2
169657,"Sweeteners, tabletop, aspartame, EQUAL, packets",Sweets,365,2.17,0,89.08,0
169658,"Sugars, maple",Sweets,354,0.1,0.2,90.9,11
169659,"Syrups, corn, high-fructose",Sweets,281,0,0,76,2
169660,"Syrups, malt",Sweets,318,6.2,0,71.3,35
169661,"Syrups, maple",Sweets,260,0.04,0.06,67.04,12
169662,"Syrups, sorghum",Sweets,290,0,0,74.9,8
169663,"Candies, MARS SNACKFOOD US, SNICKERS CRUNCHER",Sweets,488,6.86,24.38,62.85,189
169664,"Toppings, marshmallow cream",Sweets,322,0.8,0.3,79,80
169665,"Toppings, pineapple",Sweets,253,0.1,0.1,66.4,42
169666,"Toppings, nuts in syrup",Sweets,448,4.5,22,58.08,42
169667,"Candies, MARS SNACKFOOD US, SKITTLES Tropical Bite Size Candies",Sweets,405,0.19,4.34,90.77,15
169668,"Frostings, glaze, prepared-from-recipe",Sweets,341,0.44,0.53,83.65,6
169669,"Candies, fudge, chocolate marshmallow, prepared-from-recipe",Sweets,453,2.26,17.48,71.34,85
169670,"Candies, taffy, prepared-from-recipe",Sweets,397,0.03,3.33,91.56,52
169671,"Candies, toffee, prepared-from-recipe",Sweets,560,1.07,32.75,64.72,135
169672,"Snacks, cornnuts, barbecue-flavor",Snacks,436,9,14.3,71.7,600
169673,"Snacks, crisped rice bar, almond",Snacks,458,7,20.4,64.6,234
169674,"Snacks, granola bars, soft, uncoated, chocolate chip",Snacks,418,5.65,16.57,70.2,291
169675,"Snacks, granola bars, soft, uncoated, chocolate chip, graham and marshmallow",Snacks,427,6.1,15.5,70.8,316
169676,"Snacks, granola bars, soft, uncoated, nut and raisin",Snacks,454,8,20.4,63.6,254
169677,"Snacks, potato chips, plain, salted",Snacks,532,6.39,33.98,53.83,527
169678,"Snacks, potato chips, made from dried potatoes, cheese-flavor",Snacks,551,7,37,50.6,600
169679,"Snacks, rice cakes, brown rice, corn",Snacks,385,8.4,3.2,81.2,167
169680,"Snacks, rice cakes, brown rice, multigrain",Snacks,387,8.5,3.5,80.1,252
169681,"Snacks, granola bars, hard, peanut butter",Snacks,483,9.8,23.8,62.3,283
169682,"Snacks, potato chips, cheese-flavor",Snacks,496,8.5,27.2,57.7,458
169683,"Snacks, potato chips, reduced fat",Snacks,471,7.1,20.8,66.9,571
169684,"Snacks, potato chips, fat-free, made with olestra",Snacks,274,7.74,0.7,65,554
169685,"Popcorn, sugar syrup/caramel, fat-free",Snacks,381,2,1.4,90.06,286
169686,"Snacks, potato chips, fat free, salted",Snacks,379,9.64,0.6,83.76,643
169687,"Snacks, KELLOGG, KELLOGG'S RICE KRISPIES TREATS Squares",Snacks,417,3.4,9,80.5,351
169688,"Snacks, KELLOGG, KELLOGG'S Low Fat Granola Bar, Crunchy Almond/Brown Sugar",Snacks,390,8,7.4,78,291
169689,"Snacks, M&M MARS, KUDOS Whole Grain Bar, chocolate chip",Snacks,420,4.47,13.02,72.31,246
169690,"Candies, semisweet chocolate, made with butter",Sweets,477,4.2,29.7,63.4,11
169691,"Gelatin desserts, dry mix, with added ascorbic acid, sodium-citrate and salt",Sweets,381,7.8,0,90.5,491
169692,"Gelatin desserts, dry mix, reduced calorie, with aspartame, added phosphorus, potassium, sodium, vitamin C",Sweets,345,55.3,0,33.3,2751
169693,"Gelatin desserts, dry mix, reduced calorie, with aspartame, no added sodium",Sweets,345,55.3,0,33.3,158
169694,"Corn flour, masa, enriched, white",Cereal Grains and Pasta,363,8.46,3.69,76.59,5
169695,"Corn flour, yellow, degermed, unenriched",Cereal Grains and Pasta,375,5.59,1.39,82.75,1
169696,"Corn flour, masa, unenriched, white",Cereal Grains and Pasta,363,8.46,3.69,76.59,5
169697,"Cornmeal, whole-grain, yellow",Cereal Grains and Pasta,362,8.12,3.59,76.89,35
169698,Cornstarch,Cereal Grains and Pasta,381,0.26,0.05,91.27,9
169699,"Couscous, dry",Cereal Grains and Pasta,376,12.76,0.64,77.43,10
169700,"Couscous, cooked",Cereal Grains and Pasta,112,3.79,0.16,23.22,5
169701,"Hominy, canned, white",Cereal Grains and Pasta,72,1.48,0.88,14.26,267
169702,"Millet, raw",Cereal Grains and Pasta,378,11.02,4.22,72.85,5
169703,"Rice, brown, long-grain, raw (Includes foods for USDA's Food Distribution Program)",Cereal Grains and Pasta,367,7.54,3.2,76.25,5
169704,"Rice, brown, long-grain, cooked (Includes foods for USDA's Food Distribution Program)",Cereal Grains and Pasta,123,2.74,0.97,25.58,4
169705,Oats (Includes foods for USDA's Food Distribution Program),Cereal Grains and Pasta,389,16.89,6.9,66.27,2
169706,"Rice, brown, medium-grain, raw (Includes foods for USDA's Food Distribution Program)",Cereal Grains and Pasta,362,7.5,2.68,76.17,4
169707,"Rice, white, long-grain, parboiled, enriched, dry",Cereal Grains and Pasta,374,7.51,1.03,80.89,2
169708,"Rice, white, long-grain, parboiled, enriched, cooked",Cereal Grains and Pasta,123,2.91,0.37,26.05,2
169709,"Rice, white, long-grain, precooked or instant, enriched, dry",Cereal Grains and Pasta,380,7.82,0.94,82.32,10
169710,"Rice, white, long-grain, precooked or instant, enriched, prepared",Cereal Grains and Pasta,124,2.18,0.5,26.76,4
169711,"Rice, white, glutinous, unenriched, cooked",Cereal Grains and Pasta,97,2.02,0.19,21.09,5
169712,"Rice, white, steamed, Chinese restaurant",Cereal Grains and Pasta,151,3.2,0.27,33.88,5
169713,"Rice bran, crude",Cereal Grains and Pasta,316,13.35,20.85,49.69,5
169714,"Rice flour, white, unenriched",Cereal Grains and Pasta,366,5.95,1.42,80.13,0
169715,"Semolina, enriched",Cereal Grains and Pasta,360,12.68,1.05,72.83,1
169716,Sorghum grain,Cereal Grains and Pasta,329,10.62,3.46,72.09,2
169717,"Tapioca, pearl, dry",Cereal Grains and Pasta,358,0.19,0.02,88.69,1
169718,Triticale,Cereal Grains and Pasta,336,13.05,2.09,72.13,5
169719,"Wheat, hard white",Cereal Grains and Pasta,342,11.31,1.71,75.9,2
169720,"Wheat, soft white",Cereal Grains and Pasta,340,10.69,1.99,75.36,2
169721,"Wheat, durum",Cereal Grains and Pasta,339,13.68,2.47,71.13,2
169722,"Wheat bran, crude",Cereal Grains and Pasta,216,15.55,4.25,64.51,2
169723,"Wheat flour, white, cake, enriched",Cereal Grains and Pasta,362,8.2,0.86,78.03,2
169724,"Wheat flour, white, tortilla mix, enriched",Cereal Grains and Pasta,405,9.66,10.63,67.14,677
169725,"Wheat, sprouted",Cereal Grains and Pasta,198,7.49,1.27,42.53,16
169726,"Wild rice, raw",Cereal Grains and Pasta,357,14.73,1.08,74.9,7
169727,"Pasta, fresh-refrigerated, plain, as purchased",Cereal Grains and Pasta,288,11.31,2.3,54.73,26
169728,"Pasta, fresh-refrigerated, plain, cooked",Cereal Grains and Pasta,131,5.15,1.05,24.93,6
169729,"Pasta, fresh-refrigerated, spinach, as purchased",Cereal Grains and Pasta,289,11.26,2.1,55.72,27
169730,"Pasta, fresh-refrigerated, spinach, cooked",Cereal Grains and Pasta,130,5.06,0.94,25.04,6
169731,"Noodles, egg, dry, enriched",Cereal Grains and Pasta,384,14.16,4.44,71.27,21
169732,"Noodles, egg, enriched, cooked",Cereal Grains and Pasta,138,4.54,2.07,25.16,5
169733,"Noodles, egg, spinach, enriched, dry",Cereal Grains and Pasta,382,14.61,4.55,70.32,72
169734,"Noodles, egg, spinach, enriched, cooked",Cereal Grains and Pasta,132,5.04,1.57,24.25,12
169735,"Noodles, flat, crunchy, Chinese restaurant",Cereal Grains and Pasta,521,10.33,31.72,51.9,378
169736,"Pasta, dry, enriched",Cereal Grains and Pasta,371,13.04,1.51,74.67,6
169737,"Pasta, cooked, enriched, without added salt",Cereal Grains and Pasta,158,5.8,0.93,30.86,1
169738,"Pasta, whole-wheat, dry (Includes foods for USDA's Food Distribution Program)",Cereal Grains and Pasta,352,13.87,2.93,73.37,6
169739,Barley flour or meal,Cereal Grains and Pasta,345,10.5,1.6,74.52,4
169740,Barley malt flour,Cereal Grains and Pasta,361,10.28,1.84,78.3,11
169741,"Oat flour, partially debranned",Cereal Grains and Pasta,404,14.66,9.12,65.7,19
169742,"Rice noodles, dry",Cereal Grains and Pasta,364,5.95,0.56,80.18,182
169743,"Wheat, KAMUT khorasan, uncooked",Cereal Grains and Pasta,337,14.54,2.13,70.58,5
169744,"Wheat, KAMUT khorasan, cooked",Cereal Grains and Pasta,132,5.71,0.83,27.6,8
169745,"Spelt, uncooked",Cereal Grains and Pasta,338,14.57,2.43,70.19,8
169746,"Spelt, cooked",Cereal Grains and Pasta,127,5.5,0.85,26.44,5
169747,"Teff, uncooked",Cereal Grains and Pasta,367,13.3,2.38,73.13,12
169748,"Corn flour, whole-grain, white",Cereal Grains and Pasta,361,6.93,3.86,76.85,5
169749,"Corn flour, yellow, masa, enriched",Cereal Grains and Pasta,363,8.46,3.69,76.59,5
169750,"Cornmeal, whole-grain, white",Cereal Grains and Pasta,362,8.12,3.59,76.89,35
169751,"Pasta, cooked, enriched, with added salt",Cereal Grains and Pasta,157,5.8,0.93,30.59,131
169752,"Hominy, canned, yellow",Cereal Grains and Pasta,72,1.48,0.88,14.26,345
169753,"Rice, white, long-grain, regular, cooked, enriched, with salt",Cereal Grains and Pasta,130,2.69,0.28,28.17,382
169754,"Wheat flour, white, all-purpose, enriched, calcium-fortified",Cereal Grains and Pasta,364,10.33,0.98,76.31,2
169755,"Noodles, egg, dry, unenriched",Cereal Grains and Pasta,384,14.16,4.44,71.27,21
169756,"Rice, white, long-grain, regular, raw, unenriched",Cereal Grains and Pasta,365,7.13,0.66,79.95,5
169757,"Rice, white, long-grain, regular, unenriched, cooked without salt",Cereal Grains and Pasta,130,2.69,0.28,28.17,1
169758,"Rice, white, long-grain, parboiled, unenriched, dry",Cereal Grains and Pasta,374,7.51,1.03,80.89,2
169759,"Rice, white, long-grain, parboiled, unenriched, cooked",Cereal Grains and Pasta,123,2.91,0.37,26.05,2
169760,"Rice, white, medium-grain, raw, unenriched",Cereal Grains and Pasta,360,6.61,0.58,79.34,1
169761,"Wheat flour, white, all-purpose, unenriched",Cereal Grains and Pasta,364,10.33,0.98,76.31,2
169762,"Noodles, egg, cooked, unenriched, with added salt",Cereal Grains and Pasta,138,4.54,2.07,25.16,165
169763,"Potatoes, yellow fleshed, roasted, salt added in processing, frozen, unprepared",Vegetables and Vegetable Products,119,1.99,1.85,23.44,338
169764,"Potatoes, yellow fleshed, french fried, frozen, unprepared",Vegetables and Vegetable Products,162,2.47,5.84,25.01,300
169765,"Ginger root, pickled, canned, with artificial sweetener",Vegetables and Vegetable Products,20,0.33,0.1,4.83,906
169766,"Peppers, hot pickled, canned",Vegetables and Vegetable Products,22,0.8,0.4,4.56,1430
169767,"Vegetable juice, BOLTHOUSE FARMS, DAILY GREENS",Vegetables and Vegetable Products,31,0.49,0.04,8.13,15
169768,"Potatoes, mashed, ready-to-eat",Vegetables and Vegetable Products,106,1.97,5.01,13.29,298
169859,"Cereals ready-to-eat, POST, HONEY BUNCHES OF OATS, with almonds",Breakfast Cereals,409,7.7,7.3,79.6,417
169860,"Margarine-like, vegetable oil spread, stick or tub, sweetened",Fats and Oils,534,0,52,16.7,542
169861,"Snacks, popcorn, home-prepared, oil-popped, unsalted",Snacks,500,9,28.1,58.1,3
169862,"Cereals ready-to-eat, POST, GREAT GRAINS Crunchy Pecan Cereal",Breakfast Cereals,403,9,10.5,73,287
169863,"Snacks, granola bar, with coconut, chocolate coated",Snacks,531,5.2,32.2,55.2,152
169866,"Frankfurter, meat and poultry, low fat",Sausages and Luncheon Meats,121,15.5,2.8,8.4,983
169867,"Oil, corn and canola",Fats and Oils,884,0,100,0,0
169868,"Milk, fluid, nonfat, calcium fortified (fat free or skim)",Dairy and Egg Products,35,3.4,0.18,4.85,52
169869,"Peanut butter, reduced sodium",Legumes and Legume Products,590,24,49.9,21.83,203
169870,"Cereals ready-to-eat, POST GREAT GRAINS Banana Nut Crunch",Breakfast Cereals,390,9.8,8.8,70.9,238
169875,"Salad dressing, sweet and sour",Fats and Oils,15,0.1,0,3.7,208
169876,"Salad dressing, blue or roquefort cheese, low calorie",Fats and Oils,99,5.1,7.2,2.9,939
169877,"Salad dressing, caesar, low calorie",Fats and Oils,110,0.3,4.4,18.6,1148
169878,"Syrups, sugar free",Sweets,51,0.8,0,11.99,210
169879,"Jellies, no sugar (with sodium saccharin), any flavors",Sweets,121,0.55,0,29.6,3
169880,"Candies, hard, dietetic or low calorie (sorbitol)",Sweets,394,0,0,98.6,0
169881,"Candies, chocolate covered, low sugar or low calorie",Sweets,590,12.39,43.27,37.68,111
169882,"Chewing gum, sugarless",Sweets,268,0,0.4,94.8,7
169884,"Vermicelli, made from soy",Legumes and Legume Products,331,0.1,0.1,82.32,4
169885,"Beans, liquid from stewed kidney beans",Legumes and Legume Products,47,1.8,3.2,2.8,2
169886,"Chicken, meatless",Legumes and Legume Products,224,23.64,12.73,3.64,709
169887,"Frankfurter, meatless",Legumes and Legume Products,233,19.61,13.73,7.7,471
169888,Vegetarian meatloaf or patties,Legumes and Legume Products,197,21,9,8,550
169889,"Radishes, hawaiian style, pickled",Vegetables and Vegetable Products,28,1.1,0.3,5.2,789
169890,"Cabbage, japanese style, fresh, pickled",Vegetables and Vegetable Products,30,1.6,0.1,5.67,277
169891,"Cabbage, mustard, salted",Vegetables and Vegetable Products,28,1.1,0.1,5.63,717
169892,"Eggplant, pickled",Vegetables and Vegetable Products,49,0.9,0.7,9.77,1674
169893,"Bacon bits, meatless",Legumes and Legume Products,476,32,25.9,28.6,1770
169894,"Butter replacement, without fat, powder",Fats and Oils,373,2,1,89,1200
169895,"Salad dressing, buttermilk, lite",Fats and Oils,202,1.25,12.42,21.33,1120
169896,"Sweeteners, tabletop, fructose, dry, powder",Sweets,368,0,0,100,12
169897,"Beverage, instant breakfast powder, chocolate, sugar-free, not reconstituted",Dairy and Egg Products,358,35.8,5.1,41,717
169898,"Yogurt, fruit variety, nonfat",Dairy and Egg Products,95,4.4,0.2,19,58
169899,"Whipped cream substitute, dietetic, made from powdered mix",Dairy and Egg Products,100,0.9,6,10.6,106
169900,"Frozen novelties, ice cream type, sundae, prepackaged",Sweets,190,4.3,6,29.64,95
169901,"Cheese, american cheddar, imitation",Dairy and Egg Products,239,16.7,14,11.6,1345
169902,"Quail, cooked, total edible",Poultry Products,227,25.1,14.1,0,52
169903,"Pheasant, cooked, total edible",Poultry Products,239,32.4,12.1,0,43
169904,"Eggs, scrambled, frozen mixture",Dairy and Egg Products,131,13.1,5.6,7.5,162
169905,"Dove, cooked (includes squab)",Poultry Products,213,23.9,13,0,57
169906,"Pork, cured, ham, boneless, low sodium, extra lean and regular, roasted",Pork Products,165,22,7.7,0.5,969
169907,"Longans, dried",Fruits and Fruit Juices,286,4.9,0.4,74,48
169908,"Loquats, raw",Fruits and Fruit Juices,47,0.43,0.2,12.14,1
169909,"Mammy-apple, (mamey), raw",Fruits and Fruit Juices,51,0.5,0.5,12.5,15
169910,"Mangos, raw",Fruits and Fruit Juices,60,0.82,0.38,14.98,1
169911,"Melons, honeydew, raw",Fruits and Fruit Juices,36,0.54,0.14,9.09,18
169912,"Melon balls, frozen",Fruits and Fruit Juices,33,0.84,0.25,7.94,31
169913,"Mulberries, raw",Fruits and Fruit Juices,43,1.44,0.39,9.8,10
169914,"Nectarines, raw",Fruits and Fruit Juices,44,1.06,0.32,10.55,0
169915,"Oheloberries, raw",Fruits and Fruit Juices,28,0.38,0.22,6.84,1
169916,"Oranges, raw, California, valencias",Fruits and Fruit Juices,49,1.04,0.3,11.89,0
169917,"Oranges, raw, navels (Includes foods for USDA's Food Distribution Program)",Fruits and Fruit Juices,49,0.91,0.15,12.54,1
169918,"Oranges, raw, Florida",Fruits and Fruit Juices,46,0.7,0.21,11.54,0
169919,"Oranges, raw, with peel",Fruits and Fruit Juices,63,1.3,0.3,15.5,2
169920,"Orange juice, chilled, includes from concentrate, with added calcium",Fruits and Fruit Juices,47,0.68,0.12,11.27,2
169921,"Orange juice, frozen concentrate, unsweetened, diluted with 3 volume water, with added calcium",Fruits and Fruit Juices,37,0.6,0.06,8.47,4
169922,"Orange juice, frozen concentrate, unsweetened, undiluted, with added calcium",Fruits and Fruit Juices,147,2.4,0.25,33.86,7
169923,"Orange juice, frozen concentrate, unsweetened, undiluted",Fruits and Fruit Juices,148,2.4,0.25,35.19,7
169924,"Tangerines, (mandarin oranges), canned, light syrup pack",Fruits and Fruit Juices,61,0.45,0.1,16.19,6
169925,"Tangerine juice, raw",Fruits and Fruit Juices,43,0.5,0.2,10.1,1
169926,"Papayas, raw",Fruits and Fruit Juices,43,0.47,0.26,10.82,8
169927,"Papaya, canned, heavy syrup, drained",Fruits and Fruit Juices,206,0.14,0.55,55.83,9
169928,"Peaches, yellow, raw",Fruits and Fruit Juices,39,0.91,0.25,9.54,0
169929,"Peaches, canned, water pack, solids and liquids",Fruits and Fruit Juices,24,0.44,0.06,6.11,3
169930,"Peaches, canned, juice pack, solids and liquids",Fruits and Fruit Juices,44,0.63,0.03,11.57,4
169931,"Peaches, canned, extra light syrup, solids and liquids (Includes foods for USDA's Food Distribution Program)",Fruits and Fruit Juices,42,0.4,0.1,11.1,5
169932,"Peaches, dehydrated (low-moisture), sulfured, uncooked",Fruits and Fruit Juices,325,4.89,1.03,83.18,10
169933,"Peaches, dehydrated (low-moisture), sulfured, stewed",Fruits and Fruit Juices,133,2.01,0.42,34.14,4
169934,"Peaches, dried, sulfured, uncooked",Fruits and Fruit Juices,239,3.61,0.76,61.33,7
169935,"Peaches, dried, sulfured, stewed, without added sugar",Fruits and Fruit Juices,77,1.16,0.25,19.69,2
169936,"Pears, canned, juice pack, solids and liquids",Fruits and Fruit Juices,50,0.34,0.07,12.94,4
169937,"Pears, canned, extra light syrup pack, solids and liquids (Includes foods for USDA's Food Distribution Program)",Fruits and Fruit Juices,47,0.3,0.1,12.2,2
169938,"Pears, canned, light syrup pack, solids and liquids",Fruits and Fruit Juices,57,0.19,0.03,15.17,5
169939,"Pears, canned, heavy syrup pack, solids and liquids",Fruits and Fruit Juices,74,0.2,0.13,19.17,5
169940,"Pear nectar, canned, without added ascorbic acid",Fruits and Fruit Juices,60,0.11,0.01,15.76,4
169941,"Persimmons, japanese, raw",Fruits and Fruit Juices,70,0.58,0.19,18.59,1
169942,"Persimmons, japanese, dried",Fruits and Fruit Juices,274,1.38,0.59,73.43,2
169943,"Persimmons, native, raw",Fruits and Fruit Juices,127,0.8,0.4,33.5,1
169944,"Pineapple, canned, heavy syrup pack, solids and liquids",Fruits and Fruit Juices,78,0.35,0.11,20.2,1
169945,"Pineapple, canned, extra heavy syrup pack, solids and liquids",Fruits and Fruit Juices,83,0.34,0.11,21.5,1
169946,"Pineapple, frozen, chunks, sweetened",Fruits and Fruit Juices,86,0.4,0.1,22.2,2
169947,"Pineapple juice, canned or bottled, unsweetened, without added ascorbic acid",Fruits and Fruit Juices,53,0.36,0.12,12.87,2
169948,"Pineapple juice, frozen concentrate, unsweetened, undiluted",Fruits and Fruit Juices,179,1.3,0.1,44.3,3
169949,"Plums, raw",Fruits and Fruit Juices,46,0.7,0.28,11.42,0
169950,"Plums, canned, purple, water pack, solids and liquids",Fruits and Fruit Juices,41,0.39,0.01,11.03,1
169951,"Plums, canned, purple, juice pack, solids and liquids",Fruits and Fruit Juices,58,0.51,0.02,15.15,1
169952,"Plums, canned, purple, light syrup pack, solids and liquids",Fruits and Fruit Juices,63,0.37,0.1,16.28,20
169953,"Lima beans, immature seeds, frozen, fordhook, unprepared",Vegetables and Vegetable Products,106,6.4,0.35,19.83,58
169954,"Lima beans, immature seeds, frozen, fordhook, cooked, boiled, drained, without salt",Vegetables and Vegetable Products,103,6.07,0.34,19.32,69
169955,"Lima beans, immature seeds, frozen, baby, unprepared",Vegetables and Vegetable Products,132,7.59,0.44,25.14,52
169956,"Lima beans, immature seeds, frozen, baby, cooked, boiled, drained, without salt",Vegetables and Vegetable Products,105,6.65,0.3,19.45,29
169957,"Mung beans, mature seeds, sprouted, raw",Vegetables and Vegetable Products,30,3.04,0.18,5.94,6
169958,"Beans, pinto, immature seeds, frozen, unprepared",Vegetables and Vegetable Products,170,9.8,0.5,32.5,92
169959,"Beans, pinto, immature seeds, frozen, cooked, boiled, drained, without salt",Vegetables and Vegetable Products,162,9.31,0.48,30.87,83
169960,"Beans, shellie, canned, solids and liquids",Vegetables and Vegetable Products,30,1.76,0.19,6.19,334
169961,"Beans, snap, green, raw",Vegetables and Vegetable Products,31,1.83,0.22,6.97,6
169962,"Beans, snap, green, frozen, all styles, unprepared (Includes foods for USDA's Food Distribution Program)",Vegetables and Vegetable Products,33,1.79,0.21,7.54,3
169963,"Beans, snap, green, frozen, cooked, boiled, drained without salt",Vegetables and Vegetable Products,28,1.49,0.17,6.45,1
169964,"Beans, snap, green, frozen, all styles, microwaved",Vegetables and Vegetable Products,33,1.98,0.41,6.98,3
169965,"Beans, snap, green, microwaved",Vegetables and Vegetable Products,33,2.31,0.5,6.41,3
169966,"Beets, canned, drained solids",Vegetables and Vegetable Products,31,0.91,0.14,7.21,194
169967,"Broccoli, cooked, boiled, drained, without salt",Vegetables and Vegetable Products,35,2.38,0.41,7.18,41
169968,"Broccoli, frozen, chopped, unprepared",Vegetables and Vegetable Products,26,2.81,0.29,4.78,24
169969,"Broccoli, frozen, chopped, cooked, boiled, drained, without salt",Vegetables and Vegetable Products,28,3.1,0.12,5.35,11
169970,"Broccoli, frozen, spears, unprepared (Includes foods for USDA's Food Distribution Program)",Vegetables and Vegetable Products,29,3.06,0.34,5.35,17
169971,"Brussels sprouts, cooked, boiled, drained, without salt",Vegetables and Vegetable Products,36,2.55,0.5,7.1,21
169972,"Brussels sprouts, frozen, unprepared",Vegetables and Vegetable Products,41,3.78,0.41,7.86,10
169973,"Brussels sprouts, frozen, cooked, boiled, drained, without salt",Vegetables and Vegetable Products,42,3.64,0.39,8.32,15
169974,"Burdock root, raw",Vegetables and Vegetable Products,72,1.53,0.15,17.34,5
169975,"Cabbage, raw",Vegetables and Vegetable Products,25,1.28,0.1,5.8,18
169976,"Cabbage, cooked, boiled, drained, without salt",Vegetables and Vegetable Products,23,1.27,0.06,5.51,8
169977,"Cabbage, red, raw",Vegetables and Vegetable Products,31,1.43,0.16,7.37,27
169978,"Cabbage, red, cooked, boiled, drained, without salt",Vegetables and Vegetable Products,29,1.51,0.09,6.94,28
169979,"Cabbage, chinese (pe-tsai), raw",Vegetables and Vegetable Products,16,1.2,0.2,3.23,9
169980,"Cabbage, chinese (pe-tsai), cooked, boiled, drained, without salt",Vegetables and Vegetable Products,14,1.5,0.17,2.41,9
169981,"Cardoon, raw",Vegetables and Vegetable Products,17,0.7,0.1,4.07,170
169982,"Cardoon, cooked, boiled, drained, without salt",Vegetables and Vegetable Products,22,0.76,0.11,5.33,176
169983,"Carrots, frozen, unprepared (Includes foods for USDA's Food Distribution Program)",Vegetables and Vegetable Products,36,0.78,0.46,7.9,68
169984,"Carrots, frozen, cooked, boiled, drained, without salt",Vegetables and Vegetable Products,37,0.58,0.68,7.73,59
169985,"Cassava, raw",Vegetables and Vegetable Products,160,1.36,0.28,38.06,14
169986,"Cauliflower, raw",Vegetables and Vegetable Products,25,1.92,0.28,4.97,30
169987,"Celeriac, cooked, boiled, drained, without salt",Vegetables and Vegetable Products,27,0.96,0.19,5.9,61
169988,"Celery, raw",Vegetables and Vegetable Products,14,0.69,0.17,2.97,80
169989,"Celery, cooked, boiled, drained, without salt",Vegetables and Vegetable Products,18,0.83,0.16,4,91
169990,"Celtuce, raw",Vegetables and Vegetable Products,18,0.85,0.3,3.65,11
169991,"Chard, swiss, raw",Vegetables and Vegetable Products,19,1.8,0.2,3.74,213
169992,"Chicory greens, raw",Vegetables and Vegetable Products,23,1.7,0.3,4.7,45
169993,"Chicory roots, raw",Vegetables and Vegetable Products,72,1.4,0.2,17.51,50
169994,"Chives, raw",Vegetables and Vegetable Products,30,3.27,0.73,4.35,3
169995,"Chrysanthemum, garland, raw",Vegetables and Vegetable Products,24,3.36,0.56,3.02,118
169996,"Collards, frozen, chopped, cooked, boiled, drained, without salt",Vegetables and Vegetable Products,36,2.97,0.41,7.1,50
169997,"Coriander (cilantro) leaves, raw",Vegetables and Vegetable Products,23,2.13,0.52,3.67,46
169998,"Corn, sweet, yellow, raw",Vegetables and Vegetable Products,86,3.27,1.35,18.7,15
169999,"Corn, sweet, yellow, cooked, boiled, drained, without salt",Vegetables and Vegetable Products,96,3.41,1.5,20.98,1
170000,"Onions, raw",Vegetables and Vegetable Products,40,1.1,0.1,9.34,4
170001,"Onions, cooked, boiled, drained, without salt",Vegetables and Vegetable Products,44,1.36,0.19,10.15,3
170002,"Onions, dehydrated flakes",Vegetables and Vegetable Products,349,8.95,0.46,83.28,21
170003,"Onions, canned, solids and liquids",Vegetables and Vegetable Products,19,0.85,0.09,4.02,371
170004,"Onions, yellow, sauteed",Vegetables and Vegetable Products,123,0.95,10.8,7.86,12
170005,"Onions, spring or scallions (includes tops and bulb), raw",Vegetables and Vegetable Products,32,1.83,0.19,7.34,16
170006,"Onions, young green, tops only",Vegetables and Vegetable Products,27,0.97,0.47,5.74,15
170007,"Onions, welsh, raw",Vegetables and Vegetable Products,34,1.9,0.4,6.5,17
170008,"Onions, sweet, raw",Vegetables and Vegetable Products,32,0.8,0.08,7.55,8
170009,"Parsnips, cooked, boiled, drained, without salt",Vegetables and Vegetable Products,71,1.32,0.3,17.01,10
170010,"Peas, edible-podded, raw",Vegetables and Vegetable Products,42,2.8,0.2,7.55,4
170011,"Peas, edible-podded, boiled, drained, without salt",Vegetables and Vegetable Products,42,3.27,0.23,7.05,4
170012,"Peas, edible-podded, frozen, unprepared",Vegetables and Vegetable Products,42,2.8,0.3,7.2,4
170013,"Peas, green (includes baby and lesuer types), canned, drained solids, unprepared",Vegetables and Vegetable Products,68,4.47,0.8,11.36,273
170014,"Peas, green, canned, seasoned, solids and liquids",Vegetables and Vegetable Products,50,3.09,0.27,9.25,254
170015,"Peas, green, canned, drained solids, rinsed in tap water",Vegetables and Vegetable Products,71,4.33,0.95,11.82,231
170016,"Peas, green, frozen, unprepared (Includes foods for USDA's Food Distribution Program)",Vegetables and Vegetable Products,77,5.22,0.4,13.62,108
170017,"Peas, green, frozen, cooked, boiled, drained, without salt",Vegetables and Vegetable Products,78,5.15,0.27,14.26,72
170018,"Peas and carrots, frozen, cooked, boiled, drained, without salt",Vegetables and Vegetable Products,48,3.09,0.42,10.12,68
170019,"Peas and onions, canned, solids and liquids",Vegetables and Vegetable Products,51,3.28,0.38,8.57,442
170020,"Peas and onions, frozen, unprepared",Vegetables and Vegetable Products,70,3.98,0.32,13.51,61
170021,"Peas and onions, frozen, cooked, boiled, drained, without salt",Vegetables and Vegetable Products,45,2.54,0.2,8.63,37
170022,"Peppers, sweet, green, frozen, chopped, unprepared",Vegetables and Vegetable Products,20,1.08,0.21,4.45,5
170023,"Peppers, sweet, green, frozen, chopped, boiled, drained, without salt",Vegetables and Vegetable Products,18,0.95,0.18,3.9,4
170024,"Peppers, sweet, green, sauteed",Vegetables and Vegetable Products,116,0.78,11.85,4.22,17
170025,"Pigeonpeas, immature seeds, raw",Vegetables and Vegetable Products,136,7.2,1.64,23.88,5
170026,"Potatoes, flesh and skin, raw",Vegetables and Vegetable Products,77,2.05,0.09,17.49,6
170027,"Potatoes, russet, flesh and skin, raw (Includes foods for USDA's Food Distribution Program)",Vegetables and Vegetable Products,79,2.14,0.08,18.07,5
170028,"Potatoes, white, flesh and skin, raw",Vegetables and Vegetable Products,69,1.68,0.1,15.71,16
170029,"Potatoes, red, flesh and skin, raw",Vegetables and Vegetable Products,70,1.89,0.14,15.9,18
170030,"Potatoes, Russet, flesh and skin, baked",Vegetables and Vegetable Products,95,2.63,0.13,21.44,14
170031,"Potatoes, roasted, salt added in processing, frozen, unprepared",Vegetables and Vegetable Products,127,2.22,1.81,26.15,298
170032,"Potatoes, raw, skin",Vegetables and Vegetable Products,58,2.57,0.1,12.44,10
170033,"Potatoes, baked, flesh, without salt",Vegetables and Vegetable Products,93,1.96,0.1,21.55,5
170034,"Potatoes, baked, skin, without salt",Vegetables and Vegetable Products,198,4.29,0.1,46.06,21
170035,"Potatoes, microwaved, cooked in skin, skin, without salt",Vegetables and Vegetable Products,132,4.39,0.1,29.63,16
170036,"Potatoes, hash brown, home-prepared",Vegetables and Vegetable Products,265,3,12.52,35.11,342
170037,"Potatoes, mashed, home-prepared, whole milk and margarine added",Vegetables and Vegetable Products,113,1.96,4.2,16.94,333
170038,"Potatoes, scalloped, home-prepared with butter",Vegetables and Vegetable Products,88,2.87,3.68,10.78,335
170039,"Potatoes, mashed, dehydrated, granules without milk, dry form",Vegetables and Vegetable Products,372,8.22,0.54,85.51,67
170040,"Potatoes, mashed, dehydrated, prepared from granules without milk, whole milk and butter added",Vegetables and Vegetable Products,108,2.05,4.96,14.36,257
170041,"Potatoes, mashed, dehydrated, granules with milk, dry form",Vegetables and Vegetable Products,357,10.9,1.1,77.7,82
170042,"Potatoes, mashed, dehydrated, prepared from granules with milk, water and margarine added",Vegetables and Vegetable Products,116,2.13,4.8,16.13,172
170043,"Potatoes, hash brown, frozen, plain, unprepared",Vegetables and Vegetable Products,82,2.06,0.62,17.72,22
170044,"Potatoes, hash brown, frozen, plain, prepared, pan fried in canola oil",Vegetables and Vegetable Products,219,2.65,11.59,28.51,15
170045,"Potatoes, hash brown, frozen, with butter sauce, unprepared",Vegetables and Vegetable Products,135,1.87,6.66,18.28,77
170046,"Potatoes, hash brown, frozen, with butter sauce, prepared",Vegetables and Vegetable Products,178,2.46,8.79,24.13,101
170047,"Potato puffs, frozen, unprepared",Vegetables and Vegetable Products,178,1.93,8.71,24.8,428
170048,"Potato puffs, frozen, oven-heated",Vegetables and Vegetable Products,192,2.13,9.05,27.29,463
170049,"Potatoes, frozen, whole, cooked, boiled, drained, without salt",Vegetables and Vegetable Products,65,1.98,0.13,14.52,20
170050,"Tomatoes, red, ripe, cooked",Vegetables and Vegetable Products,18,0.95,0.11,4.01,11
170051,"Tomatoes, red, ripe, canned, packed in tomato juice",Vegetables and Vegetable Products,16,0.79,0.25,3.47,115
170052,"Tomatoes, red, ripe, canned, stewed",Vegetables and Vegetable Products,26,0.91,0.19,6.19,221
170053,"Tomatoes, red, ripe, canned, with green chilies",Vegetables and Vegetable Products,15,0.69,0.08,3.62,401
170054,"Tomato products, canned, sauce",Vegetables and Vegetable Products,24,1.2,0.3,5.31,474
170055,"Tomato products, canned, sauce, with mushrooms",Vegetables and Vegetable Products,35,1.45,0.13,8.43,452
170056,"Tomato products, canned, sauce, with onions",Vegetables and Vegetable Products,42,1.56,0.19,9.94,551
170057,"Tomato products, canned, sauce, with herbs and cheese",Vegetables and Vegetable Products,59,2.13,1.93,10.24,543
170058,"Turnips, cooked, boiled, drained, without salt",Vegetables and Vegetable Products,22,0.71,0.08,5.06,16
170059,"Turnips, frozen, unprepared",Vegetables and Vegetable Products,16,1.04,0.16,2.94,25
170060,"Turnips, frozen, cooked, boiled, drained, without salt",Vegetables and Vegetable Products,23,1.53,0.24,4.35,36
170061,"Turnip greens, raw",Vegetables and Vegetable Products,32,1.5,0.3,7.13,40
170062,"Turnip greens and turnips, frozen, cooked, boiled, drained, without salt",Vegetables and Vegetable Products,35,2.99,0.38,4.85,19
170063,"Vegetable juice cocktail, canned",Vegetables and Vegetable Products,22,0.93,0.31,3.87,169
170064,"Vegetables, mixed, canned, solids and liquids",Vegetables and Vegetable Products,36,1.42,0.25,7.13,224
170065,"Vegetables, mixed, canned, drained solids",Vegetables and Vegetable Products,49,2.59,0.25,9.26,214
170066,"Waterchestnuts, chinese, (matai), raw",Vegetables and Vegetable Products,97,1.4,0.1,23.94,14
170067,"Waterchestnuts, chinese, canned, solids and liquids",Vegetables and Vegetable Products,50,0.88,0.06,12.3,8
170068,"Watercress, raw",Vegetables and Vegetable Products,11,2.3,0.1,1.29,41
170069,"Waxgourd, (chinese preserving melon), raw",Vegetables and Vegetable Products,13,0.4,0.2,3,111
170070,"Winged bean tuber, raw",Vegetables and Vegetable Products,148,11.6,0.9,28.1,35
170071,"Yam, raw",Vegetables and Vegetable Products,118,1.53,0.17,27.88,9
170072,"Yam, cooked, boiled, drained, or baked, without salt",Vegetables and Vegetable Products,116,1.49,0.14,27.48,8
170073,"Yambean (jicama), raw",Vegetables and Vegetable Products,38,0.72,0.09,8.82,4
170074,"Yambean (jicama), cooked, boiled, drained, without salt",Vegetables and Vegetable Products,38,0.72,0.09,8.82,4
170075,"Chives, freeze-dried",Vegetables and Vegetable Products,311,21.2,3.5,64.29,70
170076,"Dock, raw",Vegetables and Vegetable Products,22,2,0.7,3.2,4
170077,"Dock, cooked, boiled, drained, without salt",Vegetables and Vegetable Products,20,1.83,0.64,2.93,3
170078,"Eppaw, raw",Vegetables and Vegetable Products,150,4.6,1.8,31.68,12
170079,"Beans, mung, mature seeds, sprouted, canned, drained solids",Vegetables and Vegetable Products,12,1.4,0.06,2.14,42
170080,"Peppers, jalapeno, canned, solids and liquids",Vegetables and Vegetable Products,27,0.92,0.94,4.74,1671
170081,"Radishes, white icicle, raw",Vegetables and Vegetable Products,14,1.1,0.1,2.63,16
170082,"Shallots, freeze-dried",Vegetables and Vegetable Products,348,12.3,0.5,80.7,59
170083,"Sweet potato, canned, syrup pack, solids and liquids",Vegetables and Vegetable Products,89,0.98,0.2,20.93,29
170084,"Sweet potato, canned, syrup pack, drained solids",Vegetables and Vegetable Products,108,1.28,0.32,25.36,39
170085,"Tomato products, canned, sauce, spanish style",Vegetables and Vegetable Products,33,1.44,0.27,7.24,472
170086,"Beans, pinto, mature seeds, sprouted, raw",Vegetables and Vegetable Products,62,5.25,0.9,11.6,153
170087,"Beans, pinto, mature seeds, sprouted, cooked, boiled, drained, without salt",Vegetables and Vegetable Products,22,1.86,0.32,4.1,51
170088,"Sweet potato, cooked, candied, home-prepared",Vegetables and Vegetable Products,164,0.89,3.54,32.12,119
170089,"Tomatoes, red, ripe, cooked, stewed",Vegetables and Vegetable Products,79,1.96,2.68,13.05,455
170090,"Seaweed, agar, dried",Vegetables and Vegetable Products,306,6.21,0.3,80.88,102
170091,"Seaweed, spirulina, raw",Vegetables and Vegetable Products,26,5.92,0.39,2.42,98
170092,Potato pancakes,Vegetables and Vegetable Products,268,6.08,14.76,27.81,764
170093,"Potatoes, baked, flesh and skin, without salt",Vegetables and Vegetable Products,93,2.5,0.13,21.15,10
170094,"Potatoes, microwaved, cooked in skin, flesh and skin, without salt",Vegetables and Vegetable Products,105,2.44,0.1,24.24,8
170095,"Radish seeds, sprouted, raw",Vegetables and Vegetable Products,43,3.81,2.53,3.6,6
170096,"Tomatoes, yellow, raw",Vegetables and Vegetable Products,15,0.98,0.26,2.98,23
170097,"Mushrooms, shiitake, cooked, with salt",Vegetables and Vegetable Products,56,1.56,0.22,14.39,240
170098,"Okra, cooked, boiled, drained, with salt",Vegetables and Vegetable Products,22,1.87,0.21,4.51,241
170099,"Okra, frozen, cooked, boiled, drained, with salt",Vegetables and Vegetable Products,29,1.63,0.24,6.41,239
170100,"Onions, cooked, boiled, drained, with salt",Vegetables and Vegetable Products,42,1.36,0.19,9.56,239
170101,"Onions, frozen, chopped, cooked, boiled, drained, with salt",Vegetables and Vegetable Products,26,0.77,0.1,6,248
170102,"Peas, green, cooked, boiled, drained, with salt",Vegetables and Vegetable Products,84,5.36,0.22,15.63,239
170103,"Peas, green, canned, no salt added, solids and liquids",Vegetables and Vegetable Products,53,3.19,0.3,9.75,9
170104,"Peas, green, canned, no salt added, drained solids",Vegetables and Vegetable Products,69,4.42,0.35,12.58,2
170105,"Peas, green, frozen, cooked, boiled, drained, with salt",Vegetables and Vegetable Products,78,5.15,0.27,14.26,323
170106,"Peppers, hot chili, red, raw",Vegetables and Vegetable Products,40,1.87,0.44,8.81,9
170107,"Peppers, hot chili, red, canned, excluding seeds, solids and liquids",Vegetables and Vegetable Products,21,0.9,0.1,5.1,1173
170108,"Peppers, sweet, red, raw",Vegetables and Vegetable Products,26,0.99,0.3,6.03,4
170109,"Peppers, sweet, green, cooked, boiled, drained, with salt",Vegetables and Vegetable Products,26,0.92,0.2,6.11,238
170110,"Peppers, sweet, red, cooked, boiled, drained, without salt",Vegetables and Vegetable Products,28,0.92,0.2,6.7,2
170111,"Potatoes, baked, flesh and skin, with salt",Vegetables and Vegetable Products,93,2.5,0.13,21.15,10
170112,"Potatoes, baked, flesh, with salt",Vegetables and Vegetable Products,93,1.96,0.1,21.55,241
170113,"Potatoes, baked, skin only, with salt",Vegetables and Vegetable Products,198,4.29,0.1,46.06,257
170114,"Potatoes, boiled, cooked in skin, flesh, with salt",Vegetables and Vegetable Products,87,1.87,0.1,20.13,240
170115,"Potatoes, microwaved, cooked, in skin, skin with salt",Vegetables and Vegetable Products,132,4.39,0.1,29.63,252
170116,"Potatoes, frozen, whole, cooked, boiled, drained, with salt",Vegetables and Vegetable Products,63,1.98,0.13,13.93,256
170117,"Potatoes, frozen, french fried, par fried, cottage-cut, prepared, heated in oven, with salt",Vegetables and Vegetable Products,218,3.44,8.2,34.03,281
170118,"Potatoes, french fried, all types, salt not added in processing, frozen, oven-heated",Vegetables and Vegetable Products,168,2.66,5.22,28.71,32
170119,"Pumpkin, flowers, cooked, boiled, drained, with salt",Vegetables and Vegetable Products,15,1.09,0.08,3.18,242
170120,"Pumpkin leaves, cooked, boiled, drained, with salt",Vegetables and Vegetable Products,21,2.72,0.22,3.39,244
170121,"Purslane, cooked, boiled, drained, with salt",Vegetables and Vegetable Products,18,1.49,0.19,3.55,280
170122,"Radishes, oriental, cooked, boiled, drained, with salt",Vegetables and Vegetable Products,17,0.67,0.24,3.43,249
170123,"Spinach, canned, no salt added, solids and liquids",Vegetables and Vegetable Products,19,2.11,0.37,2.92,75
170124,"Spinach, frozen, chopped or leaf, cooked, boiled, drained, with salt",Vegetables and Vegetable Products,34,4.01,0.87,4.8,322
170125,"Squash, summer, all varieties, cooked, boiled, drained, with salt",Vegetables and Vegetable Products,20,0.91,0.31,4.31,237
170126,"Squash, summer, crookneck and straightneck, cooked, boiled, drained, with salt",Vegetables and Vegetable Products,19,1.04,0.39,3.79,237
170127,"Squash, winter, all varieties, cooked, baked, with salt",Vegetables and Vegetable Products,37,0.89,0.35,8.85,237
170128,"Squash, winter, acorn, cooked, baked, with salt",Vegetables and Vegetable Products,56,1.12,0.14,14.58,240
170129,"Squash, winter, acorn, cooked, boiled, mashed, with salt",Vegetables and Vegetable Products,34,0.67,0.08,8.79,239
170130,"Squash, winter, butternut, cooked, baked, with salt",Vegetables and Vegetable Products,40,0.9,0.09,10.49,240
170131,"Succotash, (corn and limas), frozen, cooked, boiled, drained, with salt",Vegetables and Vegetable Products,93,4.31,0.89,19.95,281
170132,"Water convolvulus, cooked, boiled, drained, with salt",Vegetables and Vegetable Products,20,2.08,0.24,3.7,358
170133,"Sweet potato leaves, cooked, steamed, with salt",Vegetables and Vegetable Products,35,2.18,0.34,7.38,249
170134,"Sweet potato, cooked, baked in skin, flesh, with salt",Vegetables and Vegetable Products,90,2.01,0.15,20.71,246
170135,"Taro, shoots, cooked, with salt",Vegetables and Vegetable Products,14,0.73,0.08,3.19,238
170136,"Taro, tahitian, cooked, with salt",Vegetables and Vegetable Products,44,4.16,0.68,6.85,290
170137,"Tomatoes, red, ripe, cooked, with salt",Vegetables and Vegetable Products,18,0.95,0.11,4.01,247
170138,"Tomatoes, red, ripe, canned, packed in tomato juice, no salt added",Vegetables and Vegetable Products,16,0.79,0.25,3.47,10
170139,"Turnip greens, cooked, boiled, drained, with salt",Vegetables and Vegetable Products,20,1.14,0.23,4.36,265
170140,"Turnip greens, frozen, cooked, boiled, drained, with salt",Vegetables and Vegetable Products,29,3.35,0.42,4.98,251
170141,"Turnip greens and turnips, frozen, cooked, boiled, drained, with salt",Vegetables and Vegetable Products,34,2.99,0.38,4.74,255
170142,"Vegetables, mixed, frozen, cooked, boiled, drained, with salt",Vegetables and Vegetable Products,60,2.86,0.15,13.09,271
170143,"Mushrooms, portabella, exposed to ultraviolet light, raw",Vegetables and Vegetable Products,22,2.11,0.35,3.87,9
170144,"Seeds, breadfruit seeds, raw",Nut and Seed Products,191,7.4,5.59,29.24,25
170145,"Seeds, breadfruit seeds, boiled",Nut and Seed Products,168,5.3,2.3,32,23
170146,"Seeds, cottonseed flour, low fat (glandless)",Nut and Seed Products,332,49.83,1.41,36.1,35
170147,"Seeds, cottonseed meal, partially defatted (glandless)",Nut and Seed Products,367,49.1,4.77,38.43,37
170148,"Seeds, hemp seed, hulled",Nut and Seed Products,553,31.56,48.75,8.67,5
170149,"Seeds, lotus seeds, dried",Nut and Seed Products,332,15.41,1.97,64.47,5
170150,"Seeds, sesame seeds, whole, dried",Nut and Seed Products,573,17.73,49.67,23.45,11
170151,"Seeds, sesame seeds, whole, roasted and toasted",Nut and Seed Products,565,16.96,48,25.74,11
170152,"Seeds, sesame seed kernels, toasted, without salt added (decorticated)",Nut and Seed Products,567,16.96,48,26.04,39
170153,"Seeds, sesame flour, partially defatted",Nut and Seed Products,382,40.32,11.89,35.14,41
170154,"Seeds, sunflower seed kernels, toasted, without salt",Nut and Seed Products,619,17.21,56.8,20.59,3
170155,"Seeds, sunflower seed butter, without salt",Nut and Seed Products,617,17.28,55.2,23.32,3
170156,"Seeds, sunflower seed flour, partially defatted",Nut and Seed Products,326,48.06,1.61,35.83,3
170157,"Nuts, acorns, raw",Nut and Seed Products,387,6.15,23.86,40.75,0
170158,"Nuts, almonds, dry roasted, without salt added",Nut and Seed Products,598,20.96,52.54,21.01,3
170159,"Nuts, almonds, oil roasted, without salt added",Nut and Seed Products,607,21.23,55.17,17.68,1
170160,"Nuts, almond paste",Nut and Seed Products,458,9,27.74,47.81,9
170161,"Nuts, beechnuts, dried",Nut and Seed Products,576,6.2,50,33.5,38
170162,"Nuts, cashew nuts, raw",Nut and Seed Products,553,18.22,43.85,30.19,12
170163,"Nuts, cashew butter, plain, without salt added",Nut and Seed Products,587,17.56,49.41,27.57,15
170164,"Nuts, chestnuts, chinese, raw",Nut and Seed Products,224,4.2,1.11,49.07,3
170165,"Nuts, chestnuts, chinese, dried",Nut and Seed Products,363,6.82,1.81,79.76,5
170166,"Nuts, chestnuts, chinese, boiled and steamed",Nut and Seed Products,153,2.88,0.76,33.64,2
170167,"Nuts, chestnuts, european, dried, peeled",Nut and Seed Products,369,5.01,3.91,78.43,37
170168,"Nuts, chestnuts, european, boiled and steamed",Nut and Seed Products,131,2,1.38,27.76,27
170169,"Nuts, coconut meat, raw",Nut and Seed Products,354,3.33,33.49,15.23,20
170170,"Nuts, coconut meat, dried (desiccated), not sweetened",Nut and Seed Products,660,6.88,64.53,23.65,37
170171,"Nuts, coconut cream, canned, sweetened",Nut and Seed Products,357,1.17,16.31,53.21,36
170172,"Nuts, coconut milk, raw (liquid expressed from grated meat and water)",Nut and Seed Products,230,2.29,23.84,5.54,15
170173,"Nuts, coconut milk, canned (liquid expressed from grated meat and water)",Nut and Seed Products,197,2.02,21.33,2.81,13
170174,"Nuts, coconut water (liquid from coconuts)",Nut and Seed Products,19,0.72,0.2,3.71,105
170175,"Nuts, ginkgo nuts, dried",Nut and Seed Products,348,10.35,2,72.45,13
170176,"Nuts, ginkgo nuts, canned",Nut and Seed Products,111,2.29,1.62,22.1,307
170177,"Nuts, hickorynuts, dried",Nut and Seed Products,657,12.72,64.37,18.25,1
170178,"Nuts, macadamia nuts, raw",Nut and Seed Products,718,7.91,75.77,13.82,5
170179,"Nuts, macadamia nuts, dry roasted, without salt added",Nut and Seed Products,718,7.79,76.08,13.38,4
170180,"Nuts, formulated, wheat-based, unflavored, with salt added",Nut and Seed Products,622,13.82,57.7,23.68,505
170181,"Nuts, mixed nuts, dry roasted, with peanuts, salt added, CHOSEN ROASTER",Nut and Seed Products,608,18,53.2,24.62,113
170182,"Nuts, pecans",Nut and Seed Products,691,9.17,71.97,13.86,0
170183,"Nuts, pecans, dry roasted, without salt added",Nut and Seed Products,710,9.5,74.27,13.55,1
170184,"Nuts, pistachio nuts, raw",Nut and Seed Products,560,20.16,45.32,27.17,1
170185,"Nuts, pistachio nuts, dry roasted, without salt added",Nut and Seed Products,572,21.05,45.82,28.28,6
170186,"Nuts, walnuts, black, dried",Nut and Seed Products,619,24.06,59.33,9.58,2
170187,"Nuts, walnuts, english",Nut and Seed Products,654,15.23,65.21,13.71,2
170188,"Seeds, pumpkin and squash seeds, whole, roasted, without salt",Nut and Seed Products,446,18.55,19.4,53.75,18
170189,"Seeds, sesame butter, tahini, from roasted and toasted kernels (most common type)",Nut and Seed Products,595,17,53.76,21.19,115
170190,"Nuts, chestnuts, european, roasted",Nut and Seed Products,245,3.17,2.2,52.96,2
170191,"Seeds, sesame butter, paste",Nut and Seed Products,586,18.08,50.87,24.05,12
170192,"Seeds, sesame flour, high-fat",Nut and Seed Products,526,30.78,37.1,26.62,41
170193,"Beef, variety meats and by-products, suet, raw",Beef Products,854,1.5,94,0,7
170194,"Beef, variety meats and by-products, thymus, raw",Beef Products,236,12.18,20.35,0,96
170195,"Beef, variety meats and by-products, thymus, cooked, braised",Beef Products,319,21.85,24.98,0,116
170196,"Beef, variety meats and by-products, tongue, raw",Beef Products,224,14.9,16.09,3.68,69
170197,"Beef, cured, breakfast strips, raw or unheated",Beef Products,406,12.5,38.8,0.7,955
170198,"Beef, cured, breakfast strips, cooked",Beef Products,449,31.3,34.4,1.4,2253
170199,"Beef, cured, corned beef, brisket, raw",Beef Products,198,14.68,14.9,0.14,1217
170200,"Beef, cured, corned beef, brisket, cooked",Beef Products,251,18.17,18.98,0.47,973
170201,"Beef, chuck, under blade center steak, boneless, Denver Cut, separable lean only, trimmed to 0"" fat, choice, cooked, grilled",Beef Products,228,26.49,13.42,0.28,73
170202,"Beef, cured, luncheon meat, jellied",Sausages and Luncheon Meats,111,19,3.3,0,1322
170203,"Beef, chuck, under blade center steak, boneless, Denver Cut, separable lean only, trimmed to 0"" fat, select, cooked, grilled",Beef Products,209,26.53,11.46,0,74
170204,"Beef, cured, pastrami",Sausages and Luncheon Meats,147,21.8,5.82,0.36,1078
170205,"Beef, chuck, under blade center steak, boneless, Denver Cut, separable lean only, trimmed to 0"" fat, all grades, raw",Beef Products,170,19.42,9.99,0.49,77
170206,"Beef, composite of trimmed retail cuts, separable lean and fat, trimmed to 0"" fat, choice, cooked",Beef Products,233,28.17,12.53,0,62
170207,"Beef, composite of trimmed retail cuts, separable lean and fat, trimmed to 0"" fat, select, cooked",Beef Products,203,28.61,9.18,0,62
170208,"Beef, composite of trimmed retail cuts, separable lean only, trimmed to 0"" fat, all grades, cooked",Beef Products,203,29.9,8.37,0,64
170209,"Beef, composite of trimmed retail cuts, separable lean only, trimmed to 0"" fat, choice, cooked",Beef Products,206,29.51,8.87,0,63
170210,"Beef, brisket, flat half, separable lean only, trimmed to 0"" fat, all grades, cooked, braised",Beef Products,205,33.26,6.99,0,54
170211,"Beef, brisket, point half, separable lean and fat, trimmed to 0"" fat, all grades, cooked, braised",Beef Products,358,23.53,28.5,0,68
170212,"Beef, brisket, point half, separable lean only, trimmed to 0"" fat, all grades, cooked, braised",Beef Products,244,28.05,13.8,0,77
170213,"Beef, chuck, arm pot roast, separable lean and fat, trimmed to 0"" fat, all grades, cooked, braised",Beef Products,297,28.94,19.17,0,47
170214,"Beef, chuck, under blade pot roast, boneless, separable lean and fat, trimmed to 0"" fat, select, cooked, braised",Beef Products,288,27.17,19.02,0,64
170215,"Beef, chuck, blade roast, separable lean only, trimmed to 0"" fat, all grades, cooked, braised",Beef Products,253,31.06,13.3,0,71
170216,"Beef, chuck, under blade pot roast, boneless, separable lean only, trimmed to 0"" fat, choice, cooked, braised",Beef Products,231,30.45,11.14,0,63
170217,"Beef, chuck, under blade pot roast, boneless, separable lean only, trimmed to 0"" fat, select, cooked, braised",Beef Products,216,30.68,9.44,0,67
170218,"Beef, rib, large end (ribs 6-9), separable lean only, trimmed to 0"" fat, select, cooked, roasted",Beef Products,220,27.53,11.4,0,73
170219,"Beef, rib, small end (ribs 10-12), separable lean and fat, trimmed to 0"" fat, all grades, cooked, broiled",Beef Products,249,27.27,14.74,0,56
170220,"Beef, rib, small end (ribs 10-12), separable lean and fat, trimmed to 0"" fat, choice, cooked, broiled",Beef Products,312,24.73,22.84,0,64
170221,"Beef, rib, small end (ribs 10-12), separable lean and fat, trimmed to 0"" fat, select, cooked, broiled",Beef Products,285,24.91,19.79,0,64
170222,"Beef, round, bottom round, roast, separable lean and fat, trimmed to 0"" fat, all grades, cooked, roasted",Beef Products,187,27.42,7.72,0,36
170223,"Beef, round, bottom round, steak, separable lean and fat, trimmed to 0"" fat, choice, cooked, braised",Beef Products,230,32.73,10,0,42
170224,"Beef, round, bottom round, roast, separable lean and fat, trimmed to 0"" fat, choice, cooked, roasted",Beef Products,199,26.76,9.37,0,35
170225,"Beef, round, bottom round, steak, separable lean and fat, trimmed to 0"" fat, select, cooked, braised",Beef Products,217,34.39,7.72,0,45
170226,"Beef, round, bottom round, steak, separable lean only, trimmed to 0"" fat, select, cooked, braised",Beef Products,206,34.93,6.3,0,46
170227,"Beef, round, bottom round roast, separable lean only, trimmed to 0"" fat, select, cooked, roasted",Beef Products,169,28.29,5.33,0,38
170228,"Beef, round, eye of round roast, boneless, separable lean and fat, trimmed to 0"" fat, all grades, cooked, roasted",Beef Products,167,29.66,4.46,0,67
170229,"Beef, round, eye of round roast, boneless, separable lean and fat, trimmed to 0"" fat, choice, cooked, roasted",Beef Products,171,29.79,4.83,0,66
170230,"Beef, round, tip round, roast, separable lean and fat, trimmed to 0"" fat, all grades, cooked, roasted",Beef Products,188,26.79,8.21,0,35
170231,"Beef, round, tip round, roast, separable lean and fat, trimmed to 0"" fat, choice, cooked, roasted",Beef Products,196,27.01,8.9,0,35
170232,"Beef, round, tip round, roast, separable lean and fat, trimmed to 0"" fat, select, cooked, roasted",Beef Products,181,26.57,7.53,0,35
170233,"Beef, round, tip round, roast, separable lean only, trimmed to 0"" fat, all grades, cooked, roasted",Beef Products,174,27.53,6.2,0,36
170234,"Beef, round, top round, separable lean and fat, trimmed to 0"" fat, select, cooked, braised",Beef Products,200,35.62,5.33,0,45
170235,"Beef, round, top round, separable lean only, trimmed to 0"" fat, choice, cooked, braised",Beef Products,207,36.12,5.8,0,45
170236,"Beef, round, top round, separable lean only, trimmed to 0"" fat, select, cooked, braised",Beef Products,190,36.12,4,0,45
170237,"Beef, loin, tenderloin steak, boneless, separable lean and fat, trimmed to 0"" fat, all grades, cooked, grilled",Beef Products,211,30.5,8.91,0,57
170238,"Beef, loin, tenderloin steak, boneless, separable lean and fat, trimmed to 0"" fat, choice, cooked, grilled",Beef Products,217,30.21,9.71,0,58
170239,"Beef, loin, top loin steak, boneless, lip off, separable lean and fat, trimmed to 0"" fat, all grades, cooked, grilled",Beef Products,223,28.57,11.15,0,59
170240,"Beef, loin, top loin steak, boneless, lip off, separable lean and fat, trimmed to 0"" fat, choice, cooked, grilled",Beef Products,233,28.19,12.51,0,59
170241,"Puddings, banana, dry mix, regular, with added oil",Sweets,387,0,5,88.4,788
170242,"Puddings, lemon, dry mix, regular, with added oil, potassium, sodium",Sweets,366,0.1,1.5,90.3,849
170243,"Puddings, tapioca, dry mix, with no added salt",Sweets,369,0.1,0.1,94.3,8
170244,"Snacks, corn-based, extruded, puffs or twists, cheese-flavor, unenriched",Snacks,558,5.76,35.76,54.1,896
170245,"Snacks, corn-based, extruded, chips, barbecue-flavor, made with enriched masa flour",Snacks,523,7,32.7,56.2,763
170246,"Snacks, popcorn, air-popped (Unsalted)",Snacks,382,12,4.2,77.9,4
170247,"Snacks, popcorn, oil-popped, white popcorn, salt added",Snacks,500,9,28.1,57.2,884
170248,"Snacks, potato chips, plain, made with partially hydrogenated soybean oil, salted",Snacks,536,7,34.6,52.9,594
170249,"Snacks, pretzels, hard, plain, made with enriched flour, unsalted",Snacks,381,9.1,3.5,79.2,250
170250,"Snacks, rice cakes, brown rice, plain, unsalted",Snacks,387,8.2,2.8,81.5,26
170251,"Snacks, rice cakes, brown rice, buckwheat, unsalted",Snacks,380,9,3.5,80.1,4
170252,"Snacks, rice cakes, brown rice, multigrain, unsalted",Snacks,387,8.5,3.5,80.1,4
170253,"Potato chips, without salt, reduced fat",Snacks,487,7.1,20.8,67.8,8
170254,"Snacks, tortilla chips, low fat, unsalted",Snacks,416,11,5.7,80.1,15
170255,"Frozen novelties, juice type, POPSICLE SCRIBBLERS",Sweets,81,0,0.24,19.68,13
170256,"Snacks, tortilla chips, nacho-flavor, made with enriched masa flour",Snacks,511,7.8,25.6,62.3,708
170257,"Sweeteners, tabletop, sucralose, SPLENDA packets",Sweets,336,0,0,91.17,0
170258,"Frozen novelties, No Sugar Added, FUDGSICLE pops",Sweets,124,3.67,1.87,23.11,96
170259,"Frozen novelties, ice type, sugar free, orange, cherry, and grape POPSICLE pops",Sweets,21,0,0,5.14,10
170260,"Frozen novelties, KLONDIKE, SLIM-A-BEAR Fudge Bar, 98% fat free, no sugar added",Sweets,124,4.31,1.88,30.07,120
170261,"Ice creams, BREYERS, All Natural Light Vanilla",Sweets,162,4.84,4.59,25.3,71
170262,"Ice creams, BREYERS, No Sugar Added, Butter Pecan",Sweets,180,3.99,10.3,21.3,164
170263,"Ice creams, BREYERS, No Sugar Added, French Vanilla",Sweets,154,4.5,7.05,20.75,87
170264,"Ice creams, BREYERS, No Sugar Added, Vanilla",Sweets,143,3.68,6.2,21.92,66
170265,"Ice creams, BREYERS, No Sugar Added, Vanilla Fudge Twirl",Sweets,153,3.53,5.68,25.63,72
170266,"Frozen novelties, No Sugar Added CREAMSICLE Pops",Sweets,72,3.69,0.61,12.88,41
170267,"Frozen novelties, Sugar Free, CREAMSICLE Pops",Sweets,49,1.37,2.33,11.95,6
170268,"Ice creams, BREYERS, All Natural Light French Chocolate",Sweets,201,5.3,7.28,29.68,75
170269,"Ice creams, BREYERS, 98% Fat Free Chocolate",Sweets,136,3.89,2.17,30.18,75
170270,"Ice creams, regular, low carbohydrate, chocolate",Sweets,237,3.8,12.7,26.8,76
170271,"Chocolate, dark, 45- 59% cacao solids",Sweets,546,4.88,31.28,61.17,24
170272,"Chocolate, dark, 60-69% cacao solids",Sweets,579,6.12,38.31,52.42,10
170273,"Chocolate, dark, 70-85% cacao solids",Sweets,598,7.79,42.63,45.9,20
170274,"Candies, chocolate, dark, NFS (45-59% cacao solids 90%; 60-69% cacao solids 5%; 70-85% cacao solids 5%)",Sweets,550,5.09,32.2,59.97,23
170275,"Candies, crispy bar with peanut butter filling",Sweets,542,9.53,31.34,55.53,264
170276,"Syrup, maple, Canadian",Sweets,270,0,0,67.38,9
170277,"Sweetener, syrup, agave",Sweets,310,0.09,0.45,76.37,4
170278,"Candies, NESTLE, BUTTERFINGER Crisp",Sweets,465,6.67,18.33,68.45,13
170279,"Candies, fruit snacks, with high vitamin C",Sweets,352,0.08,0,87.97,23
170280,"Jams, preserves, marmalades, sweetened with fruit juice",Sweets,212,0,0,52.93,0
170281,"Candies, Tamarind",Sweets,331,0,0,91.96,1643
170282,"Candies, coconut bar, not chocolate covered",Sweets,481,2.13,27.65,55.87,128
170283,"Barley, hulled",Cereal Grains and Pasta,354,12.48,2.3,73.48,12
170284,"Barley, pearled, raw",Cereal Grains and Pasta,352,9.91,1.16,77.72,9
170285,"Barley, pearled, cooked",Cereal Grains and Pasta,123,2.26,0.44,28.22,3
170286,Buckwheat,Cereal Grains and Pasta,343,13.25,3.4,71.5,1
170287,"Bulgur, cooked",Cereal Grains and Pasta,83,3.08,0.24,18.58,5
170288,"Corn grain, yellow",Cereal Grains and Pasta,365,9.42,4.74,74.26,35
170289,"Corn bran, crude",Cereal Grains and Pasta,224,8.36,0.92,85.64,7
170290,"Corn flour, whole-grain, yellow",Cereal Grains and Pasta,361,6.93,3.86,76.85,5
170375,"Beet greens, raw",Vegetables and Vegetable Products,22,2.2,0.13,4.33,226
170376,"Beet greens, cooked, boiled, drained, without salt",Vegetables and Vegetable Products,27,2.57,0.2,5.46,241
170377,"Broadbeans, immature seeds, raw",Vegetables and Vegetable Products,72,5.6,0.6,11.7,50
170378,"Broadbeans, immature seeds, cooked, boiled, drained, without salt",Vegetables and Vegetable Products,62,4.8,0.5,10.1,41
170379,"Broccoli, raw",Vegetables and Vegetable Products,34,2.82,0.37,6.64,33
170380,"Broccoli, frozen, spears, cooked, boiled, drained, without salt",Vegetables and Vegetable Products,28,3.1,0.11,5.36,24
170381,"Broccoli raab, raw",Vegetables and Vegetable Products,22,3.17,0.49,2.85,33
170382,"Broccoli raab, cooked",Vegetables and Vegetable Products,25,3.83,0.52,3.12,56
170383,"Brussels sprouts, raw",Vegetables and Vegetable Products,43,3.38,0.3,8.95,25
170384,"Burdock root, cooked, boiled, drained, without salt",Vegetables and Vegetable Products,88,2.09,0.14,21.15,4
170385,"Butterbur, (fuki), raw",Vegetables and Vegetable Products,14,0.39,0.04,3.61,7
170386,"Butterbur, cooked, boiled, drained, without salt",Vegetables and Vegetable Products,8,0.23,0.02,2.16,4
170387,"Butterbur, canned",Vegetables and Vegetable Products,3,0.11,0.13,0.38,4
170388,"Cabbage, savoy, raw",Vegetables and Vegetable Products,27,2,0.1,6.1,28
170389,"Cabbage, savoy, cooked, boiled, drained, without salt",Vegetables and Vegetable Products,24,1.8,0.09,5.41,24
170390,"Cabbage, chinese (pak-choi), raw",Vegetables and Vegetable Products,13,1.5,0.2,2.18,65
170391,"Cabbage, chinese (pak-choi), cooked, boiled, drained, without salt",Vegetables and Vegetable Products,12,1.56,0.16,1.78,34
170392,"Cabbage, kimchi",Vegetables and Vegetable Products,15,1.1,0.5,2.4,498
170393,"Carrots, raw",Vegetables and Vegetable Products,41,0.93,0.24,9.58,69
170394,"Carrots, cooked, boiled, drained, without salt",Vegetables and Vegetable Products,35,0.76,0.18,8.22,58
170395,"Carrots, canned, regular pack, solids and liquids",Vegetables and Vegetable Products,23,0.58,0.14,5.37,240
170396,"Carrots, canned, regular pack, drained solids",Vegetables and Vegetable Products,25,0.64,0.19,5.54,242
170397,"Cauliflower, cooked, boiled, drained, without salt",Vegetables and Vegetable Products,23,1.84,0.45,4.11,15
170398,"Cauliflower, frozen, unprepared",Vegetables and Vegetable Products,24,2.01,0.27,4.68,24
170399,"Cauliflower, frozen, cooked, boiled, drained, without salt",Vegetables and Vegetable Products,19,1.61,0.22,3.75,18
170400,"Celeriac, raw",Vegetables and Vegetable Products,42,1.5,0.3,9.2,100
170401,"Chard, swiss, cooked, boiled, drained, without salt",Vegetables and Vegetable Products,20,1.88,0.08,4.13,179
170402,"Chayote, fruit, raw",Vegetables and Vegetable Products,19,0.82,0.13,4.51,2
170403,"Chayote, fruit, cooked, boiled, drained, without salt",Vegetables and Vegetable Products,24,0.62,0.48,5.09,1
170404,"Chicory, witloof, raw",Vegetables and Vegetable Products,17,0.9,0.1,4,2
170405,"Chrysanthemum, garland, cooked, boiled, drained, without salt",Vegetables and Vegetable Products,20,1.64,0.09,4.31,53
170406,"Collards, raw",Vegetables and Vegetable Products,32,3.02,0.61,5.42,17
170407,"Collards, cooked, boiled, drained, without salt",Vegetables and Vegetable Products,33,2.71,0.72,5.65,15
170408,"Collards, frozen, chopped, unprepared",Vegetables and Vegetable Products,33,2.69,0.37,6.46,48
170409,"Corn, sweet, yellow, canned, brine pack, regular pack, solids and liquids",Vegetables and Vegetable Products,61,1.95,0.77,13.86,195
170410,"Onions, frozen, chopped, unprepared",Vegetables and Vegetable Products,29,0.79,0.1,6.82,12
170411,"Onions, frozen, chopped, cooked, boiled, drained, without salt",Vegetables and Vegetable Products,28,0.77,0.1,6.59,12
170412,"Onions, frozen, whole, unprepared",Vegetables and Vegetable Products,35,0.89,0.06,8.45,10
170413,"Onions, frozen, whole, cooked, boiled, drained, without salt",Vegetables and Vegetable Products,28,0.71,0.05,6.7,8
170414,"Onion rings, breaded, par fried, frozen, unprepared",Vegetables and Vegetable Products,258,3.15,14.1,30.53,246
170415,"Onion rings, breaded, par fried, frozen, prepared, heated in oven",Vegetables and Vegetable Products,276,4.14,14.3,33.79,370
170416,"Parsley, fresh",Vegetables and Vegetable Products,36,2.97,0.79,6.33,56
170417,"Parsnips, raw",Vegetables and Vegetable Products,75,1.2,0.3,17.99,10
170418,"Peas, edible-podded, frozen, cooked, boiled, drained, without salt",Vegetables and Vegetable Products,52,3.5,0.38,9.02,5
170419,"Peas, green, raw",Vegetables and Vegetable Products,81,5.42,0.4,14.45,5
170420,"Peas, green, cooked, boiled, drained, without salt",Vegetables and Vegetable Products,84,5.36,0.22,15.63,3
170421,"Peas, green, canned, regular pack, solids and liquids",Vegetables and Vegetable Products,58,3.01,0.48,10.6,185
170422,"Peas, mature seeds, sprouted, raw",Vegetables and Vegetable Products,124,8.8,0.68,27.11,20
170423,"Peas, mature seeds, sprouted, cooked, boiled, drained, without salt",Vegetables and Vegetable Products,98,7.05,0.51,17.08,3
170424,"Peas and carrots, canned, regular pack, solids and liquids",Vegetables and Vegetable Products,38,2.17,0.27,8.48,260
170425,"Peas and carrots, frozen, unprepared",Vegetables and Vegetable Products,53,3.4,0.47,11.15,79
170426,"Peppers, hot chili, green, canned, pods, excluding seeds, solids and liquids",Vegetables and Vegetable Products,21,0.9,0.1,5.1,1173
170427,"Peppers, sweet, green, raw",Vegetables and Vegetable Products,20,0.86,0.17,4.64,3
170428,"Peppers, sweet, green, cooked, boiled, drained, without salt",Vegetables and Vegetable Products,28,0.92,0.2,6.7,2
170429,"Peppers, sweet, green, canned, solids and liquids",Vegetables and Vegetable Products,18,0.8,0.3,3.9,1369
170430,"Pigeonpeas, immature seeds, cooked, boiled, drained, without salt",Vegetables and Vegetable Products,111,5.96,1.36,19.49,5
170431,Poi,Vegetables and Vegetable Products,112,0.38,0.14,27.23,12
170432,"Pokeberry shoots, (poke), raw",Vegetables and Vegetable Products,23,2.6,0.4,3.7,23
170433,"Pokeberry shoots, (poke), cooked, boiled, drained, without salt",Vegetables and Vegetable Products,20,2.3,0.4,3.1,18
170434,"Potatoes, white, flesh and skin, baked",Vegetables and Vegetable Products,92,2.1,0.15,21.08,7
170435,"Potatoes, red, flesh and skin, baked",Vegetables and Vegetable Products,87,2.3,0.15,19.59,12
170436,"Potatoes, french fried, crinkle or regular cut, salt added in processing, frozen, as purchased",Vegetables and Vegetable Products,146,2.34,4.99,23.96,349
170437,"Potatoes, french fried, crinkle or regular cut, salt added in processing, frozen, oven-heated",Vegetables and Vegetable Products,161,2.51,5.13,27.5,391
170438,"Potatoes, boiled, cooked in skin, flesh, without salt",Vegetables and Vegetable Products,87,1.87,0.1,20.13,4
170439,"Potatoes, boiled, cooked in skin, skin, without salt",Vegetables and Vegetable Products,78,2.86,0.1,17.21,14
170440,"Potatoes, boiled, cooked without skin, flesh, without salt",Vegetables and Vegetable Products,86,1.71,0.1,20.01,5
170441,"Potatoes, microwaved, cooked in skin, flesh, without salt",Vegetables and Vegetable Products,100,2.1,0.1,23.28,7
170442,"Potatoes, au gratin, home-prepared from recipe using butter",Vegetables and Vegetable Products,134,5.06,7.59,11.26,433
170443,"Potatoes, canned, solids and liquids",Vegetables and Vegetable Products,44,1.2,0.11,9.89,217
170444,"Potatoes, canned, drained solids",Vegetables and Vegetable Products,60,1.41,0.21,13.61,219
170445,"Potatoes, mashed, dehydrated, flakes without milk, dry form",Vegetables and Vegetable Products,354,8.34,0.41,81.17,77
170446,"Potatoes, mashed, dehydrated, prepared from flakes without milk, whole milk and butter added",Vegetables and Vegetable Products,97,1.77,5.13,10.87,164
170447,"Potatoes, au gratin, dry mix, unprepared",Vegetables and Vegetable Products,314,8.9,3.7,74.31,2095
170448,"Potatoes, au gratin, dry mix, prepared with water, whole milk and butter",Vegetables and Vegetable Products,93,2.3,4.12,12.84,439
170449,"Potatoes, scalloped, dry mix, unprepared",Vegetables and Vegetable Products,358,7.77,4.59,73.93,1578
170450,"Potatoes, scalloped, dry mix, prepared with water, whole milk and butter",Vegetables and Vegetable Products,93,2.12,4.3,12.77,341
170451,"Potatoes, french fried, shoestring, salt added in processing, frozen, as purchased",Vegetables and Vegetable Products,163,2.16,6.24,25.59,323
170452,"Potatoes, french fried, shoestring, salt added in processing, frozen, oven-heated",Vegetables and Vegetable Products,194,2.9,6.76,31.66,400
170453,"Potatoes, o'brien, frozen, unprepared",Vegetables and Vegetable Products,76,1.83,0.14,17.47,33
170454,"Potatoes, o'brien, frozen, prepared",Vegetables and Vegetable Products,204,2.22,13.21,21.86,43
170455,"Taro, tahitian, cooked, without salt",Vegetables and Vegetable Products,44,4.16,0.68,6.85,54
170456,"Tomatoes, green, raw",Vegetables and Vegetable Products,23,1.2,0.2,5.1,13
170457,"Tomatoes, red, ripe, raw, year round average",Vegetables and Vegetable Products,18,0.88,0.2,3.89,5
170458,"Tomato juice, canned, with salt added",Vegetables and Vegetable Products,17,0.85,0.29,3.53,253
170459,"Tomato products, canned, paste, without salt added (Includes foods for USDA's Food Distribution Program)",Vegetables and Vegetable Products,82,4.32,0.47,18.91,59
170460,"Tomato products, canned, puree, without salt added",Vegetables and Vegetable Products,38,1.65,0.21,8.98,28
170461,Tomato powder,Vegetables and Vegetable Products,302,12.91,0.44,74.68,134
170462,"Tomato products, canned, sauce, with onions, green peppers, and celery",Vegetables and Vegetable Products,41,0.94,0.74,8.77,368
170463,"Tomato products, canned, sauce, with tomato tidbits",Vegetables and Vegetable Products,32,1.32,0.39,7.09,15
170464,"Tree fern, cooked, without salt",Vegetables and Vegetable Products,40,0.29,0.07,10.98,5
170465,"Turnips, raw",Vegetables and Vegetable Products,28,0.9,0.1,6.43,67
170466,"Turnip greens, cooked, boiled, drained, without salt",Vegetables and Vegetable Products,20,1.14,0.23,4.36,29
170467,"Turnip greens, canned, solids and liquids",Vegetables and Vegetable Products,14,1.36,0.3,2.42,277
170468,"Turnip greens, frozen, unprepared",Vegetables and Vegetable Products,22,2.47,0.31,3.67,12
170469,"Turnip greens, frozen, cooked, boiled, drained, without salt",Vegetables and Vegetable Products,29,3.35,0.42,4.98,15
170470,"Turnip greens and turnips, frozen, unprepared",Vegetables and Vegetable Products,21,2.46,0.19,3.39,18
170471,"Vegetables, mixed, frozen, unprepared",Vegetables and Vegetable Products,72,3.33,0.52,13.47,47
170472,"Vegetables, mixed, frozen, cooked, boiled, drained, without salt",Vegetables and Vegetable Products,65,2.86,0.15,13.09,35
170473,"Vegetable juice cocktail, low sodium, canned",Vegetables and Vegetable Products,19,0.91,0.32,3.83,55
170474,"Vinespinach, (basella), raw",Vegetables and Vegetable Products,19,1.8,0.3,3.4,24
170475,"Waxgourd, (chinese preserving melon), cooked, boiled, drained, without salt",Vegetables and Vegetable Products,14,0.4,0.2,3.04,107
170476,"Winged beans, immature seeds, raw",Vegetables and Vegetable Products,49,6.95,0.87,4.31,4
170477,"Winged beans, immature seeds, cooked, boiled, drained, without salt",Vegetables and Vegetable Products,38,5.31,0.66,3.21,4
170478,"Winged bean leaves, raw",Vegetables and Vegetable Products,74,5.85,1.1,14.1,9
170479,"Beets, harvard, canned, solids and liquids",Vegetables and Vegetable Products,73,0.84,0.06,18.18,162
170480,"Beets, pickled, canned, solids and liquids",Vegetables and Vegetable Products,65,0.8,0.08,16.28,149
170481,"Borage, raw",Vegetables and Vegetable Products,21,1.8,0.7,3.06,80
170482,"Borage, cooked, boiled, drained, without salt",Vegetables and Vegetable Products,25,2.09,0.81,3.55,88
170483,"Drumstick pods, raw",Vegetables and Vegetable Products,37,2.1,0.2,8.53,42
170484,"Drumstick pods, cooked, boiled, drained, without salt",Vegetables and Vegetable Products,36,2.09,0.19,8.18,43
170485,"Leeks, (bulb and lower-leaf portion), freeze-dried",Vegetables and Vegetable Products,321,15.2,2.1,74.65,35
170486,"Parsley, freeze-dried",Vegetables and Vegetable Products,271,31.3,5.2,42.38,391
170487,"Squash, summer, all varieties, raw",Vegetables and Vegetable Products,16,1.21,0.18,3.35,2
170488,"Squash, summer, all varieties, cooked, boiled, drained, without salt",Vegetables and Vegetable Products,20,0.91,0.31,4.31,1
170489,"Squash, winter, all varieties, raw",Vegetables and Vegetable Products,34,0.95,0.13,8.59,4
170490,"Squash, winter, all varieties, cooked, baked, without salt",Vegetables and Vegetable Products,37,0.89,0.35,8.85,1
170491,"Carrot juice, canned",Vegetables and Vegetable Products,40,0.95,0.15,9.28,66
170492,"Corn pudding, home prepared",Vegetables and Vegetable Products,131,4.42,5.04,16.97,282
170493,"Potatoes, mashed, home-prepared, whole milk added",Vegetables and Vegetable Products,83,1.91,0.57,17.57,302
170494,Spinach souffle,Vegetables and Vegetable Products,172,7.89,12.95,5.9,566
170495,"Seaweed, spirulina, dried",Vegetables and Vegetable Products,290,57.47,7.72,23.9,1048
170496,"Seaweed, wakame, raw",Vegetables and Vegetable Products,45,3.03,0.64,9.14,872
170497,"Peppers, hot chili, green, raw",Vegetables and Vegetable Products,40,2,0.2,9.46,7
170498,"Potatoes, o'brien, home-prepared",Vegetables and Vegetable Products,81,2.35,1.28,15.47,217
170499,"Shallots, raw",Vegetables and Vegetable Products,72,2.5,0.1,16.8,12
170500,"Carrot, dehydrated",Vegetables and Vegetable Products,341,8.1,1.49,79.57,275
170501,"Tomatoes, crushed, canned",Vegetables and Vegetable Products,32,1.64,0.28,7.29,186
170502,"Tomatoes, orange, raw",Vegetables and Vegetable Products,16,1.16,0.19,3.18,42
170503,"Mustard greens, cooked, boiled, drained, with salt",Vegetables and Vegetable Products,26,2.56,0.47,4.51,252
170504,"Mustard greens, frozen, cooked, boiled, drained, with salt",Vegetables and Vegetable Products,19,2.27,0.25,3.11,261
170505,"Mustard spinach, (tendergreen), cooked, boiled, drained, with salt",Vegetables and Vegetable Products,16,1.7,0.2,2.8,250
170506,"New zealand spinach, cooked, boiled, drained, with salt",Vegetables and Vegetable Products,12,1.3,0.17,2.13,343
170507,"Onions, frozen, whole, cooked, boiled, drained, with salt",Vegetables and Vegetable Products,26,0.71,0.05,6.11,244
170508,"Parsnips, cooked, boiled, drained, with salt",Vegetables and Vegetable Products,71,1.32,0.3,17.01,246
170509,"Peas, edible-podded, cooked, boiled, drained, with salt",Vegetables and Vegetable Products,40,3.27,0.23,6.46,240
170510,"Peas, edible-podded, frozen, cooked, boiled, drained, with salt",Vegetables and Vegetable Products,50,3.5,0.38,8.43,241
170511,"Peas, mature seeds, sprouted, cooked, boiled, drained, with salt",Vegetables and Vegetable Products,98,7.05,0.51,17.08,239
170512,"Peas and carrots, canned, no salt added, solids and liquids",Vegetables and Vegetable Products,38,2.17,0.27,8.48,4
170513,"Peas and carrots, frozen, cooked, boiled, drained, with salt",Vegetables and Vegetable Products,48,3.09,0.42,10.12,304
170514,"Peas and onions, frozen, cooked, boiled, drained, with salt",Vegetables and Vegetable Products,45,2.54,0.2,8.63,273
170515,"Peppers, sweet, red, cooked, boiled, drained, with salt",Vegetables and Vegetable Products,26,0.92,0.2,6.11,238
170516,"Peppers, sweet, green, frozen, chopped, cooked, boiled, drained, with salt",Vegetables and Vegetable Products,16,0.95,0.18,3.31,240
170517,"Pigeonpeas, immature seeds, cooked, boiled, drained, with salt",Vegetables and Vegetable Products,111,5.96,1.36,19.49,240
170518,"Pokeberry shoots, (poke), cooked, boiled, drained, with salt",Vegetables and Vegetable Products,20,2.3,0.4,3.1,254
170519,"Potatoes, boiled, cooked in skin, skin, with salt",Vegetables and Vegetable Products,78,2.86,0.1,17.2,250
170520,"Potatoes, boiled, cooked without skin, flesh, with salt",Vegetables and Vegetable Products,86,1.71,0.1,20.01,241
170521,"Potatoes, microwaved, cooked, in skin, flesh and skin, with salt",Vegetables and Vegetable Products,105,2.44,0.1,24.24,244
170522,"Potatoes, microwaved, cooked in skin, flesh, with salt",Vegetables and Vegetable Products,100,2.1,0.1,23.28,243
170523,"Potatoes, french fried, all types, salt not added in processing, frozen, as purchased",Vegetables and Vegetable Products,147,2.24,4.66,24.81,23
170524,"Potatoes, au gratin, home-prepared from recipe using margarine",Vegetables and Vegetable Products,132,5.06,7.59,11.27,433
170525,"Potatoes, scalloped, home-prepared with margarine",Vegetables and Vegetable Products,88,2.87,3.68,10.78,335
170526,"Pumpkin, cooked, boiled, drained, with salt",Vegetables and Vegetable Products,18,0.72,0.07,4.31,237
170527,"Pumpkin, canned, with salt",Vegetables and Vegetable Products,34,1.1,0.28,8.09,241
170528,"Rutabagas, cooked, boiled, drained, with salt",Vegetables and Vegetable Products,30,0.93,0.18,6.84,254
170529,"Salsify, cooked, boiled, drained, with salt",Vegetables and Vegetable Products,68,2.73,0.17,15.36,252
170530,"Soybeans, green, cooked, boiled, drained, with salt",Vegetables and Vegetable Products,141,12.35,6.4,11.05,250
170531,"Spinach, cooked, boiled, drained, with salt",Vegetables and Vegetable Products,23,2.97,0.26,3.75,306
170532,"Squash, summer, crookneck and straightneck, frozen, cooked, boiled, drained, with salt",Vegetables and Vegetable Products,25,1.28,0.2,5.54,242
170533,"Squash, summer, scallop, cooked, boiled, drained, with salt",Vegetables and Vegetable Products,16,1.03,0.17,3.3,237
170534,"Squash, summer, zucchini, includes skin, cooked, boiled, drained, with salt",Vegetables and Vegetable Products,15,1.14,0.36,2.69,239
170535,"Squash, summer, zucchini, includes skin, frozen, cooked, boiled, drained, with salt",Vegetables and Vegetable Products,14,1.15,0.13,2.97,238
170536,"Squash, winter, butternut, frozen, cooked, boiled, with salt",Vegetables and Vegetable Products,39,1.23,0.07,10.04,238
170537,"Squash, winter, hubbard, baked, with salt",Vegetables and Vegetable Products,50,2.48,0.62,10.81,244
170538,"Squash, winter, hubbard, cooked, boiled, mashed, with salt",Vegetables and Vegetable Products,30,1.48,0.37,6.46,241
170539,"Squash, winter, spaghetti, cooked, boiled, drained, or baked, with salt",Vegetables and Vegetable Products,27,0.66,0.26,6.46,254
170540,"Succotash, (corn and limas), cooked, boiled, drained, with salt",Vegetables and Vegetable Products,111,5.07,0.8,24.37,253
170541,"Sweet potato, cooked, boiled, without skin, with salt",Vegetables and Vegetable Products,76,1.37,0.14,17.72,263
170542,"Sweet potato, frozen, cooked, baked, with salt",Vegetables and Vegetable Products,100,1.71,0.12,23.4,244
170543,"Taro, cooked, with salt",Vegetables and Vegetable Products,142,0.52,0.11,34.6,251
170544,"Taro, leaves, cooked, steamed, with salt",Vegetables and Vegetable Products,24,2.72,0.41,3.89,238
170545,"Tomato juice, canned, without salt added",Vegetables and Vegetable Products,17,0.85,0.29,3.53,10
170546,"Tomato products, canned, puree, with salt added",Vegetables and Vegetable Products,38,1.65,0.21,8.98,202
170547,"Turnips, cooked, boiled, drained, with salt",Vegetables and Vegetable Products,22,0.71,0.08,5.06,286
170548,"Turnips, frozen, cooked, boiled, drained, with salt",Vegetables and Vegetable Products,21,1.53,0.24,3.73,272
170549,"Waxgourd, (chinese preserving melon), cooked, boiled, drained, with salt",Vegetables and Vegetable Products,11,0.4,0.2,2.45,343
170550,"Winged bean, immature seeds, cooked, boiled, drained, with salt",Vegetables and Vegetable Products,37,5.31,0.66,3.21,240
170551,"Yam, cooked, boiled, drained, or baked, with salt",Vegetables and Vegetable Products,114,1.49,0.14,26.99,244
170552,"Seeds, breadnut tree seeds, raw",Nut and Seed Products,217,5.97,0.99,46.28,31
170553,"Seeds, breadnut tree seeds, dried",Nut and Seed Products,367,8.62,1.68,79.39,53
170554,"Seeds, chia seeds, dried",Nut and Seed Products,486,16.54,30.74,42.12,16
170555,"Seeds, cottonseed flour, partially defatted (glandless)",Nut and Seed Products,359,40.96,6.2,40.54,35
170556,"Seeds, pumpkin and squash seed kernels, dried",Nut and Seed Products,559,30.23,49.05,10.71,7
170557,"Seeds, pumpkin and squash seed kernels, roasted, without salt",Nut and Seed Products,574,29.84,49.05,14.71,18
170558,"Seeds, safflower seed kernels, dried",Nut and Seed Products,517,16.18,38.45,34.29,3
170559,"Seeds, safflower seed meal, partially defatted",Nut and Seed Products,342,35.62,2.39,48.73,3
170560,"Seeds, sesame flour, low-fat",Nut and Seed Products,333,50.14,1.75,35.51,39
170561,"Seeds, sesame meal, partially defatted",Nut and Seed Products,567,16.96,48,26.04,39
170562,"Seeds, sunflower seed kernels, dried",Nut and Seed Products,584,20.78,51.46,20,9
170563,"Seeds, sunflower seed kernels, dry roasted, without salt",Nut and Seed Products,582,19.33,49.8,24.07,3
170564,"Seeds, sunflower seed kernels, oil roasted, without salt",Nut and Seed Products,592,20.06,51.3,22.89,3
170565,"Nuts, acorns, dried",Nut and Seed Products,509,8.1,31.41,53.66,0
170566,"Nuts, acorn flour, full fat",Nut and Seed Products,501,7.49,30.17,54.65,0
170567,"Nuts, almonds",Nut and Seed Products,579,21.15,49.93,21.55,1
170568,"Nuts, almonds, blanched",Nut and Seed Products,590,21.4,52.52,18.67,19
170569,"Nuts, brazilnuts, dried, unblanched",Nut and Seed Products,659,14.32,67.1,11.74,3
170570,"Nuts, butternuts, dried",Nut and Seed Products,612,24.9,56.98,12.05,1
170571,"Nuts, cashew nuts, dry roasted, without salt added",Nut and Seed Products,574,15.31,46.35,32.69,16
170572,"Nuts, cashew nuts, oil roasted, without salt added",Nut and Seed Products,580,16.84,47.77,29.87,13
170573,"Nuts, chestnuts, chinese, roasted",Nut and Seed Products,239,4.48,1.19,52.36,4
170574,"Nuts, chestnuts, european, raw, unpeeled",Nut and Seed Products,213,2.42,2.26,45.54,3
170575,"Nuts, chestnuts, european, raw, peeled",Nut and Seed Products,196,1.63,1.25,44.17,2
170576,"Nuts, chestnuts, european, dried, unpeeled",Nut and Seed Products,374,6.39,4.45,77.31,37
170577,"Nuts, coconut meat, dried (desiccated), sweetened, flaked, packaged",Nut and Seed Products,456,3.13,27.99,51.85,285
170578,"Nuts, coconut meat, dried (desiccated), sweetened, flaked, canned",Nut and Seed Products,443,3.35,31.69,40.91,20
170579,"Nuts, coconut meat, dried (desiccated), toasted",Nut and Seed Products,592,5.3,47,44.4,37
170580,"Nuts, coconut cream, raw (liquid expressed from grated meat)",Nut and Seed Products,330,3.63,34.68,6.65,4
170581,"Nuts, hazelnuts or filberts",Nut and Seed Products,628,14.95,60.75,16.7,0
170582,"Nuts, hazelnuts or filberts, blanched",Nut and Seed Products,629,13.7,61.15,17,0
170583,"Nuts, hazelnuts or filberts, dry roasted, without salt added",Nut and Seed Products,646,15.03,62.4,17.6,0
170584,"Nuts, ginkgo nuts, raw",Nut and Seed Products,182,4.32,1.68,37.6,7
170585,"Nuts, mixed nuts, dry roasted, with peanuts, without salt added",Nut and Seed Products,607,19.5,53.5,22.42,4
170586,"Nuts, mixed nuts, dry roasted, with peanuts, salt added, PLANTERS pistachio blend",Nut and Seed Products,572,23.28,47.52,23.07,232
170587,"Nuts, mixed nuts, oil roasted, with peanuts, without salt added",Nut and Seed Products,607,20.04,53.95,21.05,5
170588,"Nuts, mixed nuts, oil roasted, without peanuts, without salt added",Nut and Seed Products,615,15.52,56.17,22.27,11
170589,"Nuts, pecans, oil roasted, without salt added",Nut and Seed Products,715,9.2,75.23,13.01,1
170590,"Nuts, pilinuts, dried",Nut and Seed Products,719,10.8,79.55,3.98,3
170591,"Nuts, pine nuts, dried",Nut and Seed Products,673,13.69,68.37,13.08,2
170592,"Nuts, pine nuts, pinyon, dried",Nut and Seed Products,629,11.57,60.98,19.3,72
170593,"Nuts, walnuts, glazed",Nut and Seed Products,500,8.28,35.71,47.59,446
170594,"Nuts, walnuts, dry roasted, with salt added",Nut and Seed Products,643,14.29,60.71,17.86,643
170595,"Seeds, breadfruit seeds, roasted",Nut and Seed Products,207,6.2,2.7,40.1,28
170596,"Seeds, cottonseed kernels, roasted (glandless)",Nut and Seed Products,506,32.59,36.29,21.9,25
170597,"Beef, variety meats and by-products, spleen, cooked, braised",Beef Products,145,25.1,4.2,0,57
170598,"Beef, variety meats and by-products, tongue, cooked, simmered",Beef Products,284,19.29,22.3,0,65
170599,"Beef, variety meats and by-products, tripe, raw",Beef Products,85,12.07,3.69,0,97
170600,"Beef, sandwich steaks, flaked, chopped, formed and thinly sliced, raw",Beef Products,309,16.5,27,0,68
170601,"Beef, brisket, flat half, separable lean only, trimmed to 0"" fat, choice, cooked, braised",Beef Products,212,32.62,8.07,0,52
170602,"Beef, cured, corned beef, canned",Sausages and Luncheon Meats,250,27.1,14.93,0,897
170603,"Beef, chuck, under blade pot roast or steak, boneless, separable lean only, trimmed to 0"" fat, select, raw",Beef Products,134,21.03,5.41,0.19,81
170604,"Beef, cured, dried",Sausages and Luncheon Meats,153,31.1,1.94,2.76,2790
170605,"Beef, chuck, under blade center steak, boneless, Denver Cut, separable lean only, trimmed to 0"" fat, all grades, cooked, grilled",Beef Products,220,26.5,12.64,0.14,73
170606,"Sausage, beef, cured, cooked, smoked",Sausages and Luncheon Meats,312,14.11,26.91,2.42,1131
170607,"Beef, chopped, cured, smoked",Sausages and Luncheon Meats,133,20.19,4.42,1.86,1258
170608,"Beef, chuck, under blade center steak, boneless, Denver Cut, separable lean only, trimmed to 0"" fat, choice, raw",Beef Products,178,19.23,10.96,0.67,76
170609,"Beef, composite of trimmed retail cuts, separable lean and fat, trimmed to 0"" fat, all grades, cooked",Beef Products,230,28.4,12.42,0,62
170610,"Beef, composite of trimmed retail cuts, separable lean only, trimmed to 0"" fat, select, cooked",Beef Products,188,29.88,7.12,0,64
170611,"Beef, brisket, whole, separable lean and fat, trimmed to 0"" fat, all grades, cooked, braised",Beef Products,291,26.79,19.52,0,65
170612,"Beef, brisket, whole, separable lean only, trimmed to 0"" fat, all grades, cooked, braised",Beef Products,218,29.75,10.08,0,70
170613,"Beef, brisket, flat half, separable lean and fat, trimmed to 0"" fat, all grades, cooked, braised",Beef Products,213,32.9,8.01,0,54
170614,"Beef, chuck, arm pot roast, separable lean and fat, trimmed to 0"" fat, select, cooked, braised",Beef Products,283,29.23,17.56,0,48
170615,"Beef, chuck, arm pot roast, separable lean only, trimmed to 0"" fat, choice, cooked, braised",Beef Products,212,33.36,7.67,0,54
170616,"Beef, chuck, arm pot roast, separable lean only, trimmed to 0"" fat, select, cooked, braised",Beef Products,195,33.37,5.8,0,55
170617,"Beef, chuck, blade roast, separable lean and fat, trimmed to 0"" fat, all grades, cooked, braised",Beef Products,334,27.18,24.14,0,65
170618,"Beef, chuck, under blade pot roast, boneless, separable lean and fat, trimmed to 0"" fat, choice, cooked, braised",Beef Products,306,26.39,21.48,0,61
170619,"Beef, rib, large end (ribs 6-9), separable lean and fat, trimmed to 0"" fat, choice, cooked, roasted",Beef Products,372,22.8,30.49,0,64
170620,"Beef, rib, large end (ribs 6-9), separable lean and fat, trimmed to 0"" fat, select, cooked, roasted",Beef Products,331,23.48,25.54,0,65
170621,"Beef, rib, large end (ribs 6-9), separable lean only, trimmed to 0"" fat, all grades, cooked, roasted",Beef Products,238,27.53,13.4,0,73
170622,"Beef, rib, large end (ribs 6-9), separable lean only, trimmed to 0"" fat, choice, cooked, roasted",Beef Products,253,27.53,15,0,73
170623,"Beef, rib, small end (ribs 10-12), separable lean only, trimmed to 0"" fat, all grades, cooked, broiled",Beef Products,193,29.41,7.53,0,61
170624,"Beef, rib, small end (ribs 10-12), separable lean only, trimmed to 0"" fat, choice, cooked, broiled",Beef Products,225,28.04,11.7,0,69
170625,"Beef, rib, small end (ribs 10-12), separable lean only, trimmed to 0"" fat, select, cooked, broiled",Beef Products,198,28.04,8.7,0,69
170626,"Beef, round, bottom round, steak, separable lean and fat, trimmed to 0"" fat, all grades, cooked, braised",Beef Products,223,33.56,8.86,0,44
170627,"Beef, round, bottom round, roast, separable lean and fat, trimmed to 0"" fat, select, cooked, roasted",Beef Products,175,28.08,6.06,0,37
170628,"Beef, round, bottom round, steak, separable lean only, trimmed to 0"" fat, all grades, cooked, braised",Beef Products,214,34,7.67,0,44
170629,"Beef, round, bottom round, roast, separable lean only, trimmed to 0"" fat, all grades, cooked, roasted",Beef Products,177,27.76,6.48,0,36
170630,"Beef, round, bottom round, steak, separable lean only, trimmed to 0"" fat, choice, cooked, braised",Beef Products,223,33.08,9.03,0,43
170631,"Beef, round, bottom round, roast, separable lean only, trimmed to 0"" fat, choice, cooked, roasted",Beef Products,185,27.23,7.63,0,36
170632,"Beef, round, eye of round roast, boneless, separable lean and fat, trimmed to 0"" fat, select, cooked, roasted",Beef Products,162,29.45,3.97,0,63
170633,"Beef, round, eye of round roast, boneless, separable lean only, trimmed to 0"" fat, all grades, cooked, roasted",Beef Products,163,29.85,3.9,0,67
170634,"Beef, round, eye of round roast, boneless, separable lean only, trimmed to 0"" fat, choice, cooked, roasted",Beef Products,166,29.94,4.26,0,66
170635,"Beef, round, eye of round roast, boneless, separable lean only, trimmed to 0"" fat, select, cooked, roasted",Beef Products,157,29.52,3.43,0,63
170636,"Beef, round, tip round, roast, separable lean only, trimmed to 0"" fat, choice, cooked, roasted",Beef Products,176,27.68,6.42,0,36
170637,"Beef, round, tip round, roast, separable lean only, trimmed to 0"" fat, select, cooked, roasted",Beef Products,149,27.37,4.38,0,36
170638,"Beef, round, top round, separable lean and fat, trimmed to 0"" fat, all grades, cooked, braised",Beef Products,209,35.62,6.31,0,45
170639,"Beef, round, top round, separable lean and fat, trimmed to 0"" fat, choice, cooked, braised",Beef Products,216,35.62,7.09,0,45
170640,"Beef, loin, tenderloin steak, boneless, separable lean and fat, trimmed to 0"" fat, select, cooked, grilled",Beef Products,202,30.93,7.7,0,54
170641,"Beef, loin, tenderloin steak, boneless, separable lean only, trimmed to 0"" fat, all grades, cooked, grilled",Beef Products,198,30.7,8.32,0,59
170642,"Beef, loin, tenderloin steak, boneless, separable lean only, trimmed to 0"" fat, choice, cooked, grilled",Beef Products,211,30.45,9.03,0,71
170643,"Beef, loin, tenderloin steak, boneless, separable lean only, trimmed to 0"" fat, select, cooked, grilled",Beef Products,198,31.09,7.25,0,55
170644,"Puddings, vanilla, dry mix, regular, with added oil",Sweets,369,0.3,1.1,92.4,754
170645,"Jams and preserves, apricot",Sweets,242,0.7,0.2,64.4,40
170646,"Syrups, table blends, pancake, with 2% maple, with added potassium",Sweets,265,0,0.1,69.6,61
170647,"Snacks, corn cakes, very low sodium",Snacks,387,8.1,2.4,83.4,28
170648,"Snacks, potato chips, plain, made with partially hydrogenated soybean oil, unsalted",Snacks,536,7,34.6,52.9,8
170649,"Snacks, potato chips, plain, unsalted",Snacks,536,7,34.6,52.9,8
170650,"Snacks, pretzels, hard, plain, made with unenriched flour, salted",Snacks,381,9.1,3.5,79.2,1715
170651,"Snacks, pretzels, hard, plain, made with unenriched flour, unsalted",Snacks,381,9.1,3.5,79.2,289
170652,"Snacks, rice cakes, brown rice, sesame seed, unsalted",Snacks,392,7.6,3.8,81.5,4
170653,"Snacks, sesame sticks, wheat-based, unsalted",Snacks,541,10.9,36.7,46.5,29
170654,"Snacks, trail mix, regular, unsalted",Snacks,462,13.8,29.4,44.9,10
170655,"Snacks, trail mix, regular, with chocolate chips, unsalted nuts and seeds",Snacks,484,14.2,31.9,44.9,27
170656,"Candies, sugar-coated almonds",Sweets,465,10,17.93,68.26,13
170657,"Cocoa, dry powder, hi-fat or breakfast, processed with alkali",Sweets,479,16.8,23.71,49.71,20
170658,"Candies, soft fruit and nut squares",Sweets,390,2.31,9.52,73.81,131
170659,"Ice creams, vanilla, fat free",Sweets,138,4.48,0,30.06,97
170660,"Ice creams, BREYERS, All Natural Light French Vanilla",Sweets,173,4.82,5.56,26.03,73
170661,"Ice creams, BREYERS, 98% Fat Free Vanilla",Sweets,137,3.3,2.2,30.51,73
170662,"Ice creams, BREYERS, All Natural Light Vanilla Chocolate Strawberry",Sweets,161,4.69,4.35,26.06,69
170663,"Ice creams, BREYERS, All Natural Light Mint Chocolate Chip",Sweets,196,4.69,7.09,28.39,67
170664,"Ice creams, BREYERS, No Sugar Added, Vanilla Chocolate Strawberry",Sweets,143,3.71,6.26,21.7,68
170665,"Frozen novelties, KLONDIKE, SLIM-A-BEAR Chocolate Cone",Sweets,224,4.09,4.1,45.32,159
170666,"Frozen novelties, KLONDIKE, SLIM-A-BEAR Vanilla Sandwich",Sweets,239,3.9,5.85,42.75,191
170667,"Frozen novelties, KLONDIKE, SLIM-A-BEAR, No Sugar Added, Stickless Bar",Sweets,242,5.2,13,25.98,86
170668,"Ice creams, BREYERS, No Sugar Added, Chocolate Caramel",Sweets,151,3.54,5.8,25.17,77
170669,"Candies, REESE's Fast Break, milk chocolate, peanut butter, soft nougats, candy bar",Sweets,495,8.93,23.21,63.9,321
170670,"Candies, MARS SNACKFOOD US, COCOAVIA Chocolate Covered Almonds",Sweets,573,9.51,37.07,50.22,9
170671,"Ice creams, regular, low carbohydrate, vanilla",Sweets,216,3.17,12.7,22.23,48
170672,"Sweeteners, for baking, brown, contains sugar and sucralose",Sweets,388,0,0,97.11,11
170673,"Sweeteners, for baking, contains sugar and sucralose",Sweets,398,0,0,99.53,2
170674,"Sugar, turbinado",Sweets,399,0,0,99.8,3
170675,"Sweeteners, sugar substitute, granulated, brown",Sweets,347,2.06,0,84.77,572
170676,"Candies, M&M MARS 3 MUSKETEERS Truffle Crisp",Sweets,538,6.41,28.85,63.15,63
170677,"Syrups, chocolate, HERSHEY'S Sugar free, Genuine Chocolate Flavored, Lite Syrup",Sweets,43,2.87,2.03,14.2,343
170678,"Candies, M&M MARS Pretzel Chocolate Candies",Sweets,447,5,15,72.94,475
170679,"Sweetener, herbal extract powder from Stevia leaf",Sweets,0,0,0,100,0
170680,"Candies, HERSHEYS, PAYDAY Bar",Sweets,490,13.44,25,52.88,231
170681,"Syrup, NESTLE, chocolate",Sweets,269,0,0,67.21,150
170682,"Amaranth grain, uncooked",Cereal Grains and Pasta,371,13.56,7.02,65.25,4
170683,"Amaranth grain, cooked",Cereal Grains and Pasta,102,3.8,1.58,18.69,6
170684,Arrowroot flour,Cereal Grains and Pasta,357,0.3,0.1,88.15,2
170685,"Buckwheat groats, roasted, dry",Cereal Grains and Pasta,346,11.73,2.71,74.95,11
170686,"Buckwheat groats, roasted, cooked",Cereal Grains and Pasta,92,3.38,0.62,19.94,4
170687,"Buckwheat flour, whole-groat",Cereal Grains and Pasta,335,12.62,3.1,70.59,11
170688,"Bulgur, dry",Cereal Grains and Pasta,342,12.29,1.33,75.87,17
170783,"Beef, chuck, short ribs, boneless, separable lean only, trimmed to 0"" fat, choice, raw",Beef Products,175,19.38,10.7,0.29,81
170796,"Beef, chuck, short ribs, boneless, separable lean only, trimmed to 0"" fat, all grades, raw",Beef Products,169,19.68,10.02,0.05,85
170797,"Beef, chuck eye Country-Style ribs, boneless, separable lean only, trimmed to 0"" fat, choice, cooked, braised",Beef Products,234,30.95,12.22,0,69
170798,"Beef, chuck eye Country-Style ribs, boneless, separable lean only, trimmed to 0"" fat, select, cooked, braised",Beef Products,221,32.1,10.24,0,70
170799,"Beef, chuck eye Country-Style ribs, boneless, separable lean only, trimmed to 0"" fat, all grades, cooked, braised",Beef Products,228,31.41,11.43,0,69
170800,"Beef, chuck eye Country-Style ribs, boneless, separable lean only, trimmed to 0"" fat, choice, raw",Beef Products,152,20.87,7.67,0,81
170801,"Beef, chuck eye steak, boneless, separable lean only, trimmed to 0"" fat, all grades, cooked, grilled",Beef Products,209,27.94,10.79,0,75
170802,"Beef, chuck eye steak, boneless, separable lean only, trimmed to 0"" fat, choice, raw",Beef Products,160,21.31,8.29,0,70
170803,"Beef, chuck eye steak, boneless, separable lean only, trimmed to 0"" fat, select, raw",Beef Products,143,21.28,6.47,0,73
170804,"Beef, chuck eye steak, boneless, separable lean only, trimmed to 0"" fat, all grades, raw",Beef Products,153,21.29,7.56,0,70
170805,"Beef, chuck, mock tender steak, boneless, separable lean only, trimmed to 0"" fat, select, cooked, braised",Beef Products,181,32.96,5.44,0,70
170806,"Beef, chuck, mock tender steak, boneless, separable lean only, trimmed to 0"" fat, all grades, cooked, braised",Beef Products,190,33.31,6.34,0,68
170807,"Beef, chuck, mock tender steak, boneless, separable lean only, trimmed to 0"" fat, choice, raw",Beef Products,127,21.36,4.6,0,83
170808,"Beef, chuck, mock tender steak, boneless, separable lean only, trimmed to 0"" fat, select, raw",Beef Products,117,21.22,3.53,0,76
170809,"Beef, chuck for stew, separable lean and fat, select, raw",Beef Products,124,21.9,3.99,0.21,81
170810,"Beef, chuck for stew, separable lean and fat, choice, raw",Beef Products,130,21.64,4.81,0.12,79
170811,"Beef, chuck, under blade steak, boneless, separable lean only, trimmed to 0"" fat, choice, cooked, braised",Beef Products,222,30.91,10.91,0,65
170812,"Beef, chuck, under blade steak, boneless, separable lean only, trimmed to 0"" fat, select, cooked, braised",Beef Products,215,32.01,9.66,0,66
170813,"Beef, chuck, under blade pot roast or steak, boneless, separable lean and fat, trimmed to 0"" fat, all grades, raw",Beef Products,196,19.17,13.26,0,76
170814,"Beef, chuck, under blade pot roast or steak, boneless, separable lean and fat, trimmed to 0"" fat, choice, raw",Beef Products,202,19.15,13.93,0,76
170815,"Beef, chuck, under blade pot roast or steak, boneless, separable lean and fat, trimmed to 0"" fat, select, raw",Beef Products,187,19.2,12.27,0,77
170816,"Beef, chuck, under blade center steak, boneless, Denver Cut, separable lean and fat, trimmed to 0"" fat, all grades, cooked, grilled",Beef Products,227,26.18,13.54,0.21,73
170817,"Beef, chuck, under blade center steak, boneless, Denver Cut, separable lean and fat, trimmed to 0"" fat, select, raw",Beef Products,172,19.2,10.5,0.09,76
170818,"Beef, shoulder pot roast or steak, boneless, separable lean and fat, trimmed to 0"" fat, choice, raw",Beef Products,133,21.17,5.33,0.07,74
170819,"Beef, shoulder pot roast or steak, boneless, separable lean and fat, trimmed to 0"" fat, select, raw",Beef Products,127,21.72,4.44,0,70
170820,"Beef, chuck eye roast, boneless, America's Beef Roast, separable lean and fat, trimmed to 0"" fat, all grades, cooked, roasted",Beef Products,236,24.63,15.29,0,76
170821,"Beef, chuck, mock tender steak, boneless, separable lean and fat, trimmed to 0"" fat, all grades, cooked, braised",Beef Products,220,32.07,10.18,0,67
170822,"Beef, chuck, mock tender steak, boneless, separable lean and fat, trimmed to 0"" fat, choice, cooked, braised",Beef Products,225,32.21,10.74,0,66
170823,"Beef, chuck, mock tender steak, boneless, separable lean and fat, trimmed to 0"" fat, select, cooked, braised",Beef Products,211,31.86,9.34,0,69
170824,"Beef, chuck, mock tender steak, boneless, separable lean and fat, trimmed to 0"" fat, all grades, raw",Beef Products,128,21.13,4.79,0,80
170825,"Beef, chuck, short ribs, boneless, separable lean and fat, trimmed to 0"" fat, select, cooked, braised",Beef Products,287,25.81,20.38,0,71
170826,"Beef, chuck, short ribs, boneless, separable lean and fat, trimmed to 0"" fat, all grades, raw",Beef Products,235,17.48,18.33,0,78
170827,"Beef, chuck, short ribs, boneless, separable lean and fat, trimmed to 0"" fat, choice, raw",Beef Products,240,17.22,19.03,0,75
170828,"Beef, chuck, short ribs, boneless, separable lean and fat, trimmed to 0"" fat, select, raw",Beef Products,227,17.87,17.28,0,85
170829,"Beef, chuck eye Country-Style ribs, boneless, separable lean and fat, trimmed to 0"" fat, choice, cooked, braised",Beef Products,303,27.16,21.56,0,65
170830,"Beef, chuck eye Country-Style ribs, boneless, separable lean and fat, trimmed to 0"" fat, select, cooked, braised",Beef Products,285,28.47,19.03,0,66
170831,"Beef, chuck eye Country-Style ribs, boneless, separable lean and fat, trimmed to 0"" fat, all grades, raw",Beef Products,205,18.97,14.32,0,77
170832,"Beef, chuck eye Country-Style ribs, boneless, separable lean and fat, trimmed to 0"" fat, choice, raw",Beef Products,210,18.87,14.99,0,76
170833,"Beef, chuck eye Country-Style ribs, boneless, separable lean and fat, trimmed to 0"" fat, select, raw",Beef Products,196,19.1,13.33,0,77
170834,"Beef, chuck eye steak, boneless, separable lean and fat, trimmed to 0"" fat, choice, raw",Beef Products,227,18.86,16.85,0,66
170835,"Beef, chuck eye steak, boneless, separable lean and fat, trimmed to 0"" fat, select, raw",Beef Products,216,18.86,15.6,0,68
170836,"Beef, rib eye roast, bone-in, lip-on, separable lean only, trimmed to 1/8"" fat, all grades, cooked, roasted",Beef Products,231,27.12,13.64,0,69
170837,"Beef, rib eye roast, bone-in, lip-on, separable lean only, trimmed to 1/8"" fat, select, cooked, roasted",Beef Products,219,27.03,12.29,0,70
170838,"Beef, rib eye steak/roast, bone-in, lip-on, separable lean only, trimmed to 1/8"" fat, select, raw",Beef Products,155,21.65,7.64,0,63
170839,"Beef, rib eye steak/roast, boneless, lip-on, separable lean only, trimmed to 1/8"" fat, all grades, raw",Beef Products,156,21.99,7.54,0,56
170840,"Beef, rib eye steak/roast, boneless, lip-on, separable lean only, trimmed to 1/8"" fat, choice, raw",Beef Products,161,21.62,8.29,0,56
170841,"Beef, rib eye steak/roast, boneless, lip-on, separable lean only, trimmed to 1/8"" fat, select, raw",Beef Products,148,22.55,6.41,0,55
170842,"Beef, rib eye roast, boneless, lip-on, separable lean only, trimmed to 1/8"" fat, choice, cooked, roasted",Beef Products,229,27.87,13.01,0,54
170843,"Cheese, fontina",Dairy and Egg Products,389,25.6,31.14,1.55,800
170844,"Cheese, monterey",Dairy and Egg Products,373,24.48,30.28,0.68,600
170845,"Cheese, mozzarella, whole milk",Dairy and Egg Products,299,22.17,22.14,2.4,486
170846,"Cheese, mozzarella, whole milk, low moisture",Dairy and Egg Products,318,21.6,24.64,2.47,710
170847,"Cheese, mozzarella, part skim milk",Dairy and Egg Products,254,24.26,15.92,2.77,619
170848,"Cheese, parmesan, hard",Dairy and Egg Products,392,35.75,25,3.22,1175
170849,"Cheese, port de salut",Dairy and Egg Products,352,23.78,28.2,0.57,534
170850,"Cheese, provolone",Dairy and Egg Products,351,25.58,26.62,2.14,727
170851,"Cheese, ricotta, whole milk",Dairy and Egg Products,150,7.54,10.18,7.27,110
170852,"Cheese, tilsit",Dairy and Egg Products,340,24.41,25.98,1.88,753
170853,"Cheese, pasteurized process, American, fortified with vitamin D",Dairy and Egg Products,366,18.13,30.71,4.78,1671
170854,"Cheese, pasteurized process, pimento",Dairy and Egg Products,375,22.13,31.2,1.73,915
170855,"Cheese, pasteurized process, swiss",Dairy and Egg Products,334,24.73,25.01,2.1,1370
170856,"Cheese food, cold pack, American",Dairy and Egg Products,331,19.66,24.46,8.32,966
170857,"Cream, fluid, light (coffee cream or table cream)",Dairy and Egg Products,195,2.96,19.1,3.66,72
170858,"Cream, fluid, light whipping",Dairy and Egg Products,292,2.17,30.91,2.96,34
170859,"Cream, fluid, heavy whipping",Dairy and Egg Products,340,2.84,36.08,2.84,27
170860,"Cream, whipped, cream topping, pressurized",Dairy and Egg Products,257,3.2,22.22,12.49,8
170861,"Milk, filled, fluid, with blend of hydrogenated vegetable oils",Dairy and Egg Products,63,3.33,3.46,4.74,57
170862,"Milk, filled, fluid, with lauric acid oil",Dairy and Egg Products,63,3.33,3.4,4.74,57
170863,"Cheese, American, nonfat or fat free",Dairy and Egg Products,126,21.05,0,10.53,1316
170864,"Yogurt, Greek, 2% fat, apricot, CHOBANI",Dairy and Egg Products,93,7.22,1.71,12.15,40
170865,"Dessert topping, powdered",Dairy and Egg Products,577,4.9,39.92,52.54,122
170866,"Dessert topping, powdered, 1.5 ounce prepared with 1/2 cup milk",Dairy and Egg Products,194,3.61,12.72,17.13,66
170867,"Dessert topping, pressurized",Dairy and Egg Products,264,0.98,22.3,16.07,62
170868,"Dessert topping, semi solid, frozen",Dairy and Egg Products,318,1.25,25.31,23.05,25
170869,"Sour cream, imitation, cultured",Dairy and Egg Products,208,2.4,19.52,6.63,102
170870,"Milk, reduced fat, fluid, 2% milkfat, with added nonfat milk solids and vitamin A and vitamin D",Dairy and Egg Products,51,3.48,1.92,4.97,52
170871,"Milk, reduced fat, fluid, 2% milkfat, protein fortified, with added vitamin A and vitamin D",Dairy and Egg Products,56,3.95,1.98,5.49,59
170872,"Milk, lowfat, fluid, 1% milkfat, with added vitamin A and vitamin D",Dairy and Egg Products,42,3.37,0.97,4.99,44
170873,"Milk, lowfat, fluid, 1% milkfat, with added nonfat milk solids, vitamin A and vitamin D",Dairy and Egg Products,43,3.48,0.97,4.97,52
170874,"Milk, buttermilk, fluid, cultured, lowfat",Dairy and Egg Products,40,3.31,1.07,4.79,148
170875,"Milk, low sodium, fluid",Dairy and Egg Products,61,3.1,3.46,4.46,3
170876,"Milk, dry, whole, with added vitamin D",Dairy and Egg Products,496,26.32,26.71,38.42,371
170877,"Milk, dry, nonfat, regular, without added vitamin A and vitamin D",Dairy and Egg Products,362,36.16,0.77,51.98,535
170878,"Milk, canned, evaporated, nonfat, with added vitamin A and vitamin D",Dairy and Egg Products,78,7.55,0.2,11.35,115
170879,"Milk, chocolate, fluid, commercial, whole, with added vitamin A and vitamin D",Dairy and Egg Products,83,3.17,3.39,10.34,60
170880,"Milk, chocolate, fluid, commercial, reduced fat, with added vitamin A and vitamin D",Dairy and Egg Products,76,2.99,1.9,12.13,66
170881,"Milk, chocolate, lowfat, with added vitamin A and vitamin D",Dairy and Egg Products,64,3.46,1.11,10.15,65
170882,"Milk, sheep, fluid",Dairy and Egg Products,108,5.98,7,5.36,44
170883,"Milk shakes, thick chocolate",Dairy and Egg Products,119,3.05,2.7,21.15,111
170884,"Milk shakes, thick vanilla",Dairy and Egg Products,112,3.86,3.03,17.75,95
170885,"Whey, acid, fluid",Dairy and Egg Products,24,0.76,0.09,5.12,48
170886,"Yogurt, plain, low fat",Dairy and Egg Products,63,5.25,1.55,7.04,70
170887,"Yogurt, plain, skim milk",Dairy and Egg Products,56,5.73,0.18,7.68,77
170888,"Yogurt, vanilla, low fat.",Dairy and Egg Products,85,4.93,1.25,13.8,66
170889,"Yogurt, fruit, low fat,9 g protein/8 oz",Dairy and Egg Products,99,3.98,1.15,18.64,53
170890,"Milk dessert bar, frozen, made from lowfat milk",Dairy and Egg Products,147,4.41,1.47,32,92
170891,"Yogurt, Greek, 2% fat,mixed berry blend, CHOBANI",Dairy and Egg Products,93,8.26,1.83,10.94,41
170892,"Nutritional supplement for people with diabetes, liquid",Dairy and Egg Products,88,4.4,3.08,11.88,92
170893,"Egg, whole, raw, frozen, salted, pasteurized",Dairy and Egg Products,138,10.97,10.07,0.83,3663
170894,"Yogurt, Greek, plain, nonfat (Includes foods for USDA's Food Distribution Program)",Dairy and Egg Products,59,10.19,0.39,3.6,36
170895,"Egg, white, dried, stabilized, glucose reduced",Dairy and Egg Products,357,84.08,0.32,4.51,1299
170896,"Cheese spread, American or Cheddar cheese base, reduced fat",Dairy and Egg Products,176,13.41,8.88,10.71,1102
170897,"Cheese, Swiss, nonfat or fat free",Dairy and Egg Products,127,28.4,0,3.4,1000
170898,"Cheese, mexican, queso cotija",Dairy and Egg Products,366,20,30,3.97,1400
170899,"Cheese, cheddar, sharp, sliced",Dairy and Egg Products,410,24.25,33.82,2.13,644
170900,"Cheese, mozzarella, low moisture, part-skim, shredded",Dairy and Egg Products,304,23.63,19.72,8.06,682
170901,"Yogurt, Greek, strawberry, nonfat",Dairy and Egg Products,82,8.05,0.15,12.07,33
170902,"Yogurt, Greek, vanilla, nonfat",Dairy and Egg Products,78,8.64,0.18,10.37,34
170903,"Yogurt, Greek, plain, lowfat",Dairy and Egg Products,73,9.95,1.92,3.94,34
170904,"Kefir, lowfat, plain, LIFEWAY",Dairy and Egg Products,43,3.79,1.02,4.77,40
170905,"Yogurt, Greek, fruit, whole milk",Dairy and Egg Products,106,7.33,3,12.29,37
170906,"Yogurt, vanilla, non-fat",Dairy and Egg Products,78,2.94,0,17.04,47
170907,"Yogurt, Greek, vanilla, lowfat",Dairy and Egg Products,95,8.64,2.5,9.54,40
170908,"Yogurt, frozen, flavors other than chocolate, lowfat",Dairy and Egg Products,139,8,2.5,21,45
170909,"Yogurt, Greek, 2% fat, pineapple, CHOBANI",Dairy and Egg Products,94,7.05,1.82,12.27,33
170910,"Milk, chocolate, lowfat, reduced sugar",Dairy and Egg Products,57,3.43,1.04,7.68,66
170911,"Ice cream, lowfat, no sugar added, cone, added peanuts and chocolate sauce",Dairy and Egg Products,265,5.33,9.33,40.01,113
170912,"Yogurt, Greek, 2% fat, strawberry banana, CHOBANI",Dairy and Egg Products,88,8,1.71,10.24,32
170913,"Yogurt, Greek, nonfat, Fruit on Bottom, Pomegranate, CHOBANI",Dairy and Egg Products,80,7.45,0.18,12.13,31
170914,"Yogurt, Greek, Blueberry, CHOBANI",Dairy and Egg Products,82,7.23,0.24,12.78,32
170915,"Yogurt, Greek, nonfat, Fruit on Bottom, Strawberry, CHOBANI",Dairy and Egg Products,79,7.28,0.23,11.86,31
170916,"Yogurt, Greek, nonfat, Fruit on Bottom, Blackberry, CHOBANI",Dairy and Egg Products,95,7.54,0.37,15.43,0
170917,"Spices, bay leaf",Spices and Herbs,313,7.61,8.36,74.97,23
170918,"Spices, caraway seed",Spices and Herbs,333,19.77,14.59,49.9,17
170919,"Spices, cardamom",Spices and Herbs,311,10.76,6.7,68.47,18
170920,"Spices, celery seed",Spices and Herbs,392,18.07,25.27,41.35,160
170921,"Spices, coriander leaf, dried",Spices and Herbs,279,21.93,4.78,52.1,211
170922,"Spices, coriander seed",Spices and Herbs,298,12.37,17.77,54.99,35
170923,"Spices, cumin seed",Spices and Herbs,375,17.81,22.27,44.24,168
170924,"Spices, curry powder",Spices and Herbs,325,14.29,14.01,55.83,52
170925,"Spices, dill seed",Spices and Herbs,305,15.98,14.54,55.17,20
170926,"Spices, ginger, ground",Spices and Herbs,335,8.98,4.24,71.62,27
170927,"Spices, mace, ground",Spices and Herbs,475,6.71,32.38,50.5,80
170928,"Spices, marjoram, dried",Spices and Herbs,271,12.66,7.04,60.56,77
170929,"Spices, mustard seed, ground",Spices and Herbs,508,26.08,36.24,28.09,13
170930,"Spices, parsley, dried",Spices and Herbs,292,26.63,5.48,50.64,452
170931,"Spices, pepper, black",Spices and Herbs,251,10.39,3.26,63.95,20
170932,"Spices, pepper, red or cayenne",Spices and Herbs,318,12.01,17.27,56.63,30
170933,"Spices, pepper, white",Spices and Herbs,296,10.4,2.12,68.61,5
170934,"Spices, saffron",Spices and Herbs,310,11.43,5.85,65.37,148
170935,"Spices, sage, ground",Spices and Herbs,315,10.63,12.75,60.73,11
170936,"Spices, savory, ground",Spices and Herbs,272,6.73,5.91,68.73,24
170937,"Spices, tarragon, dried",Spices and Herbs,295,22.77,7.24,50.22,62
170938,"Spices, thyme, dried",Spices and Herbs,276,9.11,7.43,63.94,55
171002,"Salad dressing, KRAFT Mayo Light Mayonnaise",Fats and Oils,334,0.6,32.9,8.5,633
171003,"Salad dressing, KRAFT Mayo Fat Free Mayonnaise Dressing",Fats and Oils,64,0.2,0,15.8,750
171004,"Salad dressing, KRAFT MIRACLE WHIP FREE Nonfat Dressing",Fats and Oils,84,0.2,2.7,15.5,788
171005,"Salad dressing, russian dressing",Fats and Oils,355,0.69,26.18,31.9,1133
171006,"Salad dressing, sesame seed dressing, regular",Fats and Oils,443,3.1,45.2,8.6,1000
171007,"Salad dressing, russian dressing, low calorie",Fats and Oils,141,0.5,4,27.6,868
171008,"Salad dressing, thousand island dressing, reduced fat",Fats and Oils,195,0.83,11.32,24.06,955
171009,"Salad dressing, mayonnaise, regular",Fats and Oils,680,0.96,74.85,0.57,635
171010,"Salad dressing, mayonnaise, soybean and safflower oil, with salt",Fats and Oils,717,1.1,79.4,2.7,568
171011,"Shortening, household, soybean (partially hydrogenated)-cottonseed (partially hydrogenated)",Fats and Oils,884,0,100,0,0
171012,"Oil, soybean, salad or cooking, (partially hydrogenated)",Fats and Oils,884,0,100,0,0
171013,"Oil, rice bran",Fats and Oils,884,0,100,0,0
171014,"Oil, wheat germ",Fats and Oils,884,0,100,0,0
171015,"Oil, palm",Fats and Oils,884,0,100,0,0
171016,"Oil, sesame, salad or cooking",Fats and Oils,884,0,100,0,0
171017,"Oil, sunflower, linoleic (less than 60%)",Fats and Oils,884,0,100,0,0
171018,"Margarine, regular, hard, soybean (hydrogenated)",Fats and Oils,719,0.9,80.5,0.9,943
171019,"Salad dressing, italian dressing, commercial, regular",Fats and Oils,240,0.41,21.12,12.12,993
171020,"Salad dressing, french dressing, commercial, regular, without salt",Fats and Oils,459,0.77,44.81,15.58,0
171021,"Salad dressing, french dressing, reduced fat, without salt",Fats and Oils,233,0.58,13.46,29.28,30
171022,"Salad dressing, italian dressing, commercial, regular, without salt",Fats and Oils,292,0.38,28.37,10.43,30
171023,"Salad dressing, italian dressing, reduced fat, without salt",Fats and Oils,76,0.47,6.38,4.57,30
171024,"Oil, cottonseed, salad or cooking",Fats and Oils,884,0,100,0,0
171025,"Oil, sunflower, linoleic, (approx. 65%)",Fats and Oils,884,0,100,0,0
171026,"Oil, safflower, salad or cooking, linoleic, (over 70%)",Fats and Oils,884,0,100,0,0
171027,"Oil, safflower, salad or cooking, high oleic (primary safflower oil of commerce)",Fats and Oils,884,0,100,0,0
171028,"Oil, grapeseed",Fats and Oils,884,0,100,0,0
171029,"Oil, corn, industrial and retail, all purpose salad or cooking",Fats and Oils,900,0,100,0,0
171030,"Oil, walnut",Fats and Oils,884,0,100,0,0
171031,"Oil, almond",Fats and Oils,884,0,100,0,0
171032,"Oil, apricot kernel",Fats and Oils,884,0,100,0,0
171033,"Oil, vegetable, Natreon canola, high stability, non trans, high oleic (70%)",Fats and Oils,884,0,100,0,0
171034,"Salad dressing, honey mustard dressing, reduced calorie",Fats and Oils,207,0.98,10,28.26,701
171035,"Margarine-like spread, BENECOL Light Spread",Fats and Oils,357,0,38.71,5.71,670
171036,"Salad dressing, spray-style dressing, assorted flavors",Fats and Oils,165,0.16,10.75,16.6,1102
171037,"Salad Dressing, mayonnaise, light, SMART BALANCE, Omega Plus light",Fats and Oils,333,1.53,34.18,9.39,848
171038,"Margarine-like, vegetable oil spread, 60% fat, tub, with salt, with added vitamin D",Fats and Oils,533,0.17,59.81,0.86,785
171039,"Margarine-like vegetable-oil spread, stick/tub/bottle, 60% fat, with added vitamin D",Fats and Oils,535,0.6,59.17,0,785
171040,"Margarine, regular, 80% fat, composite, stick, without salt, with added vitamin D",Fats and Oils,717,0.16,80.71,0.7,2
171041,"Margarine-like, vegetable oil spread, 60% fat, stick/tub/bottle, without salt, with added vitamin D",Fats and Oils,542,0.17,59.81,0.86,2
171042,"Oil, industrial, canola, high oleic",Fats and Oils,900,0,100,0,0
171043,"Salad dressing, honey mustard, regular",Fats and Oils,464,0.87,40.83,23.33,512
171044,"Salad dressing, poppyseed, creamy",Fats and Oils,399,0.92,33.33,23.73,933
171045,"Salad dressing, caesar, fat-free",Fats and Oils,131,1.47,0.23,30.73,1265
171046,"Dressing, honey mustard, fat-free",Fats and Oils,169,1.07,1.47,38.43,1004
171047,"Chicken, broilers or fryers, meat and skin and giblets and neck, raw",Poultry Products,213,18.33,14.83,0.13,70
171048,"Chicken, broilers or fryers, meat and skin and giblets and neck, cooked, fried, batter",Poultry Products,291,22.84,17.53,9.03,284
171049,"Chicken, broilers or fryers, meat and skin and giblets and neck, cooked, fried, flour",Poultry Products,272,28.57,15.27,3.27,86
171050,"Chicken, broilers or fryers, meat and skin and giblets and neck, roasted",Poultry Products,234,26.78,13.27,0.06,79
171051,"Chicken, broilers or fryers, meat and skin, cooked, stewed",Poultry Products,219,24.68,12.56,0,67
171052,"Chicken, broilers or fryers, meat only, raw",Poultry Products,119,21.39,3.08,0,77
171053,"Chicken, broilers or fryers, meat only, cooked, fried",Poultry Products,219,30.57,9.12,1.69,91
171054,"Chicken, broilers or fryers, meat only, cooked, roasted",Poultry Products,190,28.93,7.41,0,86
171055,"Chicken, broilers or fryers, skin only, cooked, roasted",Poultry Products,454,20.36,40.68,0,65
171056,"Chicken, broilers or fryers, skin only, cooked, stewed",Poultry Products,363,15.22,33.04,0,56
171057,"Chicken, broilers or fryers, giblets, raw",Poultry Products,124,17.88,4.47,1.8,77
171058,"Chicken, broilers or fryers, giblets, cooked, fried",Poultry Products,277,32.54,13.46,4.35,113
171059,"Chicken, heart, all classes, cooked, simmered",Poultry Products,185,26.41,7.92,0.1,48
171060,"Chicken, liver, all classes, raw",Poultry Products,119,16.92,4.83,0.73,71
171061,"Chicken, liver, all classes, cooked, simmered",Poultry Products,167,24.46,6.51,0.87,76
171062,"Chicken, broilers or fryers, light meat, meat and skin, raw",Poultry Products,186,20.27,11.07,0,65
171063,"Chicken, broilers or fryers, dark meat, meat and skin, cooked, fried, batter",Poultry Products,298,21.85,18.64,9.38,295
171064,"Chicken, broilers or fryers, dark meat, meat and skin, cooked, fried, flour",Poultry Products,285,27.22,16.91,4.08,89
171065,"Chicken, broilers or fryers, dark meat, meat and skin, cooked, roasted",Poultry Products,253,25.97,15.78,0,87
171066,"Chicken, broilers or fryers, dark meat, meat and skin, cooked, stewed",Poultry Products,233,23.5,14.66,0,70
171067,"Chicken, broilers or fryers, dark meat, meat only, raw",Poultry Products,125,20.08,4.31,0,85
171068,"Chicken, broilers or fryers, dark meat, meat only, cooked, fried",Poultry Products,239,28.99,11.62,2.59,97
171069,"Chicken, broilers or fryers, dark meat, meat only, cooked, roasted",Poultry Products,205,27.37,9.73,0,93
171070,"Chicken, broilers or fryers, dark meat, meat only, cooked, stewed",Poultry Products,192,25.97,8.98,0,74
171071,"Chicken, broilers or fryers, back, meat and skin, cooked, roasted",Poultry Products,300,25.95,20.97,0,87
171072,"Chicken, broilers or fryers, back, meat and skin, cooked, stewed",Poultry Products,258,22.18,18.14,0,64
171073,"Chicken, broilers or fryers, back, meat only, raw",Poultry Products,137,19.56,5.92,0,82
171074,"Chicken, broilers or fryers, back, meat only, cooked, fried",Poultry Products,288,29.99,15.32,5.68,99
171075,"Chicken, broilers or fryers, breast, meat and skin, cooked, roasted",Poultry Products,197,29.8,7.78,0,71
171076,"Chicken, broilers or fryers, breast, meat and skin, cooked, stewed",Poultry Products,184,27.39,7.42,0,62
171077,"Chicken, broiler or fryers, breast, skinless, boneless, meat only, raw",Poultry Products,120,22.5,2.62,0,45
171078,"Chicken, broilers or fryers, breast, meat only, cooked, fried",Poultry Products,187,33.44,4.71,0.51,79
171079,"Squab, (pigeon), meat only, raw",Poultry Products,142,17.5,7.5,0,51
171080,"Squab, (pigeon), light meat without skin, raw",Poultry Products,134,21.76,4.52,0,55
171081,"Turkey, whole, meat and skin, raw",Poultry Products,144,21.64,5.64,0.14,112
171082,"Turkey, whole, skin (light and dark), roasted",Poultry Products,459,23.94,39.31,0.57,116
171083,"Turkey, whole, giblets, raw",Poultry Products,124,18.18,5.09,0.07,136
171084,"Turkey, whole, giblets, cooked, simmered",Poultry Products,173,26.44,6.61,0,117
171085,"Turkey, gizzard, all classes, raw",Poultry Products,111,18.8,3.37,0,147
171086,"Turkey, whole, neck, meat only, raw",Poultry Products,125,16.51,6.04,0,233
171087,"Turkey, whole, neck, meat only, cooked, simmered",Poultry Products,162,22.48,7.36,0,246
171088,"Turkey, whole, light meat, meat and skin, raw",Poultry Products,161,21.96,7.43,0.15,105
171089,"Turkey, whole, light meat, meat and skin, cooked, roasted",Poultry Products,177,29.55,5.57,0.05,101
171090,"Turkey, whole, dark meat, meat only, raw",Poultry Products,108,21.28,2.5,0.15,124
171091,"Turkey, whole, dark meat, cooked, roasted",Poultry Products,173,27.71,6.04,0,104
171092,"Turkey, all classes, back, meat and skin, cooked, roasted",Poultry Products,244,26.59,14.38,0.16,73
171093,"Turkey, all classes, breast, meat and skin, raw",Poultry Products,157,21.89,7.02,0,59
171094,"Turkey, all classes, wing, meat and skin, cooked, roasted",Poultry Products,229,27.38,12.43,0,61
171095,"Turkey, fryer-roasters, meat and skin, cooked, roasted",Poultry Products,172,28.26,5.72,0,66
171096,"Turkey, whole, back, meat only, raw",Poultry Products,113,21.28,2.5,0.15,124
171097,"Turkey, whole, back, meat only, cooked, roasted",Poultry Products,173,27.71,6.04,0,104
171098,"Turkey, whole, breast, meat only, raw",Poultry Products,114,23.66,1.48,0.14,113
171099,"Chicken, canned, meat only, with broth",Poultry Products,165,21.77,7.95,0,503
171100,"Pate de foie gras, canned (goose liver pate), smoked",Poultry Products,462,11.4,43.84,4.67,697
171101,"Turkey, canned, meat only, with broth",Poultry Products,169,23.68,6.86,1.47,518
171102,"Turkey, diced, light and dark meat, seasoned",Poultry Products,138,18.7,6,1,850
171103,"Turkey sticks, breaded, battered, fried",Poultry Products,279,14.2,16.9,17,838
171104,"Poultry, mechanically deboned, from backs and necks with skin, raw",Poultry Products,272,11.39,24.73,0,40
171105,"Poultry, mechanically deboned, from backs and necks without skin, raw",Poultry Products,199,13.79,15.48,0,51
171106,"Poultry, mechanically deboned, from mature hens, raw",Poultry Products,243,14.72,19.98,0,40
171107,"Chicken, cornish game hens, meat and skin, cooked, roasted",Poultry Products,259,22.27,18.21,0,64
171108,"Chicken, cornish game hens, meat only, raw",Poultry Products,116,20.04,3.33,0,68
171109,"Chicken, cornish game hens, meat only, cooked, roasted",Poultry Products,134,23.3,3.87,0,63
171110,"Chicken, canned, no broth",Poultry Products,185,25.3,8.1,0.9,482
171111,"Chicken, wing, frozen, glazed, barbecue flavored",Poultry Products,211,19.67,12.67,3.34,615
171112,"Duck, young duckling, domesticated, White Pekin, leg, meat and skin, bone in, cooked, roasted",Poultry Products,217,26.75,11.4,0,110
171113,"Duck, young duckling, domesticated, White Pekin, leg, meat only, bone in, cooked without skin, braised",Poultry Products,178,29.1,5.96,0,108
171114,"Chicken, broiler, rotisserie, BBQ, drumstick, meat only",Poultry Products,172,27.71,6.76,0,403
171115,"Chicken, wing, frozen, glazed, barbecue flavored, heated (conventional oven)",Poultry Products,242,22.24,14.87,3.36,559
171116,"Chicken, ground, raw",Poultry Products,143,17.44,8.1,0.04,60
171117,"Chicken, ground, crumbles, cooked, pan-browned",Poultry Products,189,23.28,10.92,0,75
171118,"Chicken, broiler, rotisserie, BBQ, thigh, meat only",Poultry Products,193,24.09,10.74,0,335
171119,"Chicken, feet, boiled",Poultry Products,215,19.4,14.6,0.2,67
171120,"Chicken, broilers or fryers, rotisserie, original seasoning, thigh, meat only, cooked",Poultry Products,196,24.06,11.09,0,337
171121,"Chicken, broilers or fryers, rotisserie, original seasoning, wing, meat only, cooked",Poultry Products,197,27.69,9.53,0,725
171122,"Chicken, broilers or fryers, rotisserie, original seasoning, back, meat and skin, cooked",Poultry Products,260,23.23,18.59,0.03,584
171123,"Chicken, broilers or fryers, rotisserie, original seasoning, breast, meat and skin, cooked",Poultry Products,184,27.48,8.18,0.02,347
171124,"Chicken, broiler, rotisserie, BBQ, back, meat and skin",Poultry Products,251,20.29,18.86,0.4,509
171125,"Chicken, broiler, rotisserie, BBQ, breast, meat and skin",Poultry Products,175,26.37,7.67,0.09,329
171126,"Chicken, broiler, rotisserie, BBQ, drumstick, meat and skin",Poultry Products,206,25.65,11.46,0.12,392
171127,"Chicken, broiler, rotisserie, BBQ, thigh, meat and skin",Poultry Products,226,22.51,15.08,0.12,335
171128,"Turkey, drumstick, from whole bird, meat only, with added solution, roasted",Poultry Products,158,26.1,6,0,201
171129,"Turkey, thigh, from whole bird, meat only, with added solution, raw",Poultry Products,115,19.27,4.12,0.15,167
171130,"Turkey, retail parts, breast, meat and skin, with added solution, raw",Poultry Products,144,20.79,6.75,0.03,126
171131,"Turkey, thigh, from whole bird, meat only, with added solution, roasted",Poultry Products,158,26.1,6,0,201
171132,"Turkey, retail parts, wing, meat and skin, raw",Poultry Products,202,19.53,13.79,0.05,67
171133,"Turkey, retail parts, wing, meat and skin, cooked, roasted",Poultry Products,235,28.74,13.29,0.13,106
171134,"Turkey, retail parts, drumstick, meat and skin, raw",Poultry Products,141,19.96,6.84,0,86
171135,"Turkey, retail parts, drumstick, meat and skin, cooked, roasted",Poultry Products,197,28.21,9.37,0,112
171136,"Turkey, drumstick, from whole bird, meat only, raw",Poultry Products,109,23.66,1.48,0.14,113
171137,"Turkey, retail parts, thigh, meat and skin, cooked, roasted",Poultry Products,183,23.95,9.5,0.41,101
171138,"Turkey, back, from whole bird, meat and skin, with added solution, raw",Poultry Products,206,16.86,15.41,0.15,157
171139,"Turkey, back, from whole bird, meat and skin, with added solution, roasted",Poultry Products,205,25.8,11.36,0,237
171140,"Chicken, broiler or fryers, breast, skinless, boneless, meat only, cooked, braised",Poultry Products,157,32.06,3.24,0,47
171141,"Soup, black bean, canned, condensed","Soups, Sauces, and Gravies",91,4.83,1.32,15.42,970
171142,"Soup, bean with pork, canned, condensed","Soups, Sauces, and Gravies",129,5.88,4.42,16.97,672
171143,"Soup, bean with frankfurters, canned, condensed","Soups, Sauces, and Gravies",142,7.6,5.31,16.75,831
171144,"Soup, bean with ham, canned, chunky, ready-to-serve","Soups, Sauces, and Gravies",95,5.19,3.5,11.16,400
171145,"Soup, chicken, canned, chunky, ready-to-serve","Soups, Sauces, and Gravies",71,5.06,2.64,6.88,354
171146,"Soup, cream of chicken, canned, condensed","Soups, Sauces, and Gravies",90,2.38,5.77,7.16,702
171147,"Soup, chicken gumbo, canned, condensed","Soups, Sauces, and Gravies",45,2.1,1.14,6.67,693
171148,"Soup, chunky chicken noodle, canned, ready-to-serve","Soups, Sauces, and Gravies",41,3.09,1.16,4.46,306
171149,"Soup, chicken vegetable, canned, condensed","Soups, Sauces, and Gravies",61,2.94,2.32,7.01,706
171150,"Soup, chili beef, canned, condensed","Soups, Sauces, and Gravies",117,5.09,2.53,18.86,788
171151,"Soup, clam chowder, manhattan style, canned, chunky, ready-to-serve","Soups, Sauces, and Gravies",56,3.02,1.41,7.84,417
171152,"Soup, clam chowder, manhattan, canned, condensed","Soups, Sauces, and Gravies",61,1.74,1.76,9.74,698
171153,"Soup, minestrone, canned, condensed","Soups, Sauces, and Gravies",68,3.48,2.05,9.17,516
171154,"Soup, mushroom barley, canned, condensed","Soups, Sauces, and Gravies",61,1.5,1.8,9.6,573
171155,"Soup, cream of mushroom, canned, condensed","Soups, Sauces, and Gravies",79,1.35,5.3,6.8,691
171156,"Soup, mushroom with beef stock, canned, condensed","Soups, Sauces, and Gravies",68,2.51,3.21,7.41,773
171157,"Soup, pea, split with ham, canned, condensed","Soups, Sauces, and Gravies",141,7.68,3.28,20.81,630
171158,"Soup, cream of potato, canned, condensed","Soups, Sauces, and Gravies",74,1.51,1.88,12.79,604
171159,"Soup, cream of shrimp, canned, condensed","Soups, Sauces, and Gravies",72,2.22,4.14,6.53,685
171160,"Soup, tomato beef with noodle, canned, condensed","Soups, Sauces, and Gravies",112,3.55,3.42,16.87,731
171161,"Soup, vegetarian vegetable, canned, condensed","Soups, Sauces, and Gravies",59,1.72,1.58,9.78,516
171162,"Soup, chunky beef, canned, ready-to-serve","Soups, Sauces, and Gravies",66,3.97,1.11,10.08,338
171163,"Soup, vegetable beef, canned, condensed","Soups, Sauces, and Gravies",63,4.45,1.51,8.11,706
171164,"Soup, vegetable with beef broth, canned, condensed","Soups, Sauces, and Gravies",66,2.42,1.56,10.7,515
171165,"Soup, onion, dry, mix","Soups, Sauces, and Gravies",293,7.48,0.34,65.07,8031
171166,"Soup, cream of vegetable, dry, powder","Soups, Sauces, and Gravies",446,8,24.1,52.1,3857
171167,"Sauce, teriyaki, ready-to-serve","Soups, Sauces, and Gravies",89,5.93,0.02,15.56,3833
171168,"Gravy, au jus, canned","Soups, Sauces, and Gravies",16,1.2,0.2,2.5,478
171169,"Gravy, au jus, dry","Soups, Sauces, and Gravies",313,9.2,9.63,47.49,11588
171170,"Gravy, mushroom, canned","Soups, Sauces, and Gravies",50,1.26,2.71,5.47,570
171171,"Gravy, mushroom, dry, powder","Soups, Sauces, and Gravies",328,10,4,64.66,6580
171172,"Gravy, onion, dry, mix","Soups, Sauces, and Gravies",322,9,3,67.64,4186
171173,"Gravy, pork, dry, powder","Soups, Sauces, and Gravies",367,8.78,8.63,63.57,5356
171174,"Sauce, sofrito, prepared from recipe","Soups, Sauces, and Gravies",237,12.8,18.2,5.46,1145
171175,"Soup, beef mushroom, canned, condensed","Soups, Sauces, and Gravies",61,4.6,2.4,5.2,709
171176,"Soup, tomato, canned, prepared with equal volume water, commercial","Soups, Sauces, and Gravies",32,0.71,0.21,7.45,186
171177,"Soup, ramen noodle, any flavor, dry","Soups, Sauces, and Gravies",440,10.17,17.59,60.26,1855
171178,"Soup, broccoli cheese, canned, condensed, commercial","Soups, Sauces, and Gravies",87,2.1,5.3,7.7,661
171179,"Soup, SWANSON, beef broth, lower sodium","Soups, Sauces, and Gravies",6,1.2,0.08,0.21,180
171180,"Soup, SWANSON, vegetable broth","Soups, Sauces, and Gravies",6,0.23,0.07,1.02,303
171181,"SMART SOUP, Indian Bean Masala","Soups, Sauces, and Gravies",57,3.3,0.88,10.5,92
171182,"SMART SOUP, Moroccan Chick Pea","Soups, Sauces, and Gravies",51,2,1.06,9.7,148
171183,"SMART SOUP, Thai Coconut Curry","Soups, Sauces, and Gravies",36,0.8,1.06,6.5,141
171184,"SMART SOUP, Vietnamese Carrot Lemongrass","Soups, Sauces, and Gravies",44,1.3,1.06,8.2,145
171185,"Sauce, pesto, MEZZETTA, NAPA VALLEY BISTRO, basil pesto, ready-to-serve","Soups, Sauces, and Gravies",496,6.69,49.88,5.12,897
171186,"Sauce, hot chile, sriracha","Soups, Sauces, and Gravies",93,1.93,0.93,19.16,2124
171187,"Sauce, hot chile, sriracha, CHA! BY TEXAS PETE","Soups, Sauces, and Gravies",108,2.02,0.98,22.73,2903
171188,"Sauce, hot chile, sriracha, TUONG OT SRIRACHA","Soups, Sauces, and Gravies",79,1.86,0.9,15.87,1540
171189,"Soup, vegetable beef, microwavable, ready-to-serve, single brand","Soups, Sauces, and Gravies",44,6.2,0.7,3.3,376
171190,"Soup, beef and vegetables, canned, ready-to-serve","Soups, Sauces, and Gravies",48,3.18,1.16,6.16,326
171191,"Sauce, cheese, ready-to-serve","Soups, Sauces, and Gravies",174,6.71,13.29,6.83,828
171192,"Sauce, pasta, spaghetti/marinara, ready-to-serve","Soups, Sauces, and Gravies",50,1.39,1.61,7.43,437
171193,"Beef, chuck, short ribs, boneless, separable lean only, trimmed to 0"" fat, select, raw",Beef Products,161,20.14,8.99,0,93
171194,"Beef, chuck eye Country-Style ribs, boneless, separable lean only, trimmed to 0"" fat, select, raw",Beef Products,137,21.1,5.89,0,82
171195,"Beef, chuck eye Country-Style ribs, boneless, separable lean only, trimmed to 0"" fat, all grades, raw",Beef Products,146,20.96,6.95,0,82
171196,"Beef, chuck eye steak, boneless, separable lean only, trimmed to 0"" fat, choice, cooked, grilled",Beef Products,215,27.97,11.47,0,75
171197,"Beef, chuck eye steak, boneless, separable lean only, trimmed to 0"" fat, select, cooked, grilled",Beef Products,199,27.88,9.77,0,74
171198,"Beef, shoulder pot roast, boneless, separable lean only, trimmed to 0"" fat, choice, cooked, braised",Beef Products,200,31.32,8.3,0,60
171199,"Beef, shoulder pot roast, boneless, separable lean only, trimmed to 0"" fat, select, cooked, braised",Beef Products,190,31.71,7.02,0,63
171200,"Beef, shoulder pot roast, boneless, separable lean only, trimmed to 0"" fat, all grades, cooked, braised",Beef Products,196,31.48,7.78,0,61
171201,"Beef, chuck, mock tender steak, boneless, separable lean only, trimmed to 0"" fat, choice, cooked, braised",Beef Products,197,33.55,6.94,0,67
171202,"Beef, chuck, mock tender steak, boneless, separable lean only, trimmed to 0"" fat, all grades, raw",Beef Products,123,21.3,4.17,0,81
171203,"Beef, chuck for stew, separable lean and fat, all grades, cooked, braised",Beef Products,191,32.41,6.82,0,67
171204,"Beef, chuck for stew, separable lean and fat, select, cooked, braised",Beef Products,186,32.29,6.34,0,68
171205,"Beef, chuck for stew, separable lean and fat, choice, cooked, braised",Beef Products,194,32.49,7.14,0,65
171206,"Beef, chuck for stew, separable lean and fat, all grades, raw",Beef Products,128,21.75,4.48,0.16,80
171207,"Beef, chuck, under blade steak, boneless, separable lean only, trimmed to 0"" fat, all grades, cooked, braised",Beef Products,219,31.35,10.41,0,65
171208,"Beef, chuck, under blade pot roast, boneless, separable lean and fat, trimmed to 0"" fat, all grades, cooked, braised",Beef Products,291,26.7,20.49,0,62
171209,"Beef, rib eye steak, boneless, lip-on, separable lean only, trimmed to 1/8"" fat, all grades, cooked, grilled",Beef Products,207,27.97,10.57,0,59
171210,"Beef, rib eye roast, bone-in, lip-on, separable lean only, trimmed to 1/8"" fat, choice, cooked, roasted",Beef Products,240,27.18,14.55,0,68
171211,"Beef, chuck, under blade center steak, boneless, Denver Cut, separable lean and fat, trimmed to 0"" fat, choice, cooked, grilled",Beef Products,236,26.1,14.41,0.4,73
171212,"Beef, chuck, under blade center steak, boneless, Denver Cut, separable lean and fat, trimmed to 0"" fat, select, cooked, grilled",Beef Products,215,26.3,12.25,0,73
171213,"Beef, chuck, under blade center steak, boneless, Denver Cut, separable lean and fat, trimmed to 0"" fat, all grades, raw",Beef Products,182,18.99,11.64,0.36,76
171214,"Beef, chuck, under blade center steak, boneless, Denver Cut, separable lean and fat, trimmed to 0"" fat, choice, raw",Beef Products,189,18.85,12.4,0.53,75
171215,"Beef, chuck eye roast, boneless, America's Beef Roast, separable lean and fat, trimmed to 0"" fat, choice, cooked, roasted",Beef Products,241,24.47,15.87,0,75
171216,"Beef, chuck eye roast, boneless, America's Beef Roast, separable lean and fat, trimmed to 0"" fat, select, cooked, roasted",Beef Products,229,24.86,14.41,0,76
171217,"Beef, chuck, under blade steak, boneless, separable lean and fat, trimmed to 0"" fat, all grades, cooked, braised",Beef Products,275,28.23,18,0,65
171218,"Beef, chuck, under blade steak, boneless, separable lean and fat, trimmed to 0"" fat, choice, cooked, braised",Beef Products,284,27.6,19.3,0,64
171219,"Beef, chuck, under blade steak, boneless, separable lean and fat, trimmed to 0"" fat, select, cooked, braised",Beef Products,261,29.18,16.05,0,66
171220,"Beef, chuck, mock tender steak, boneless, separable lean and fat, trimmed to 0"" fat, choice, raw",Beef Products,131,21.19,5.18,0,82
171221,"Beef, chuck, mock tender steak, boneless, separable lean and fat, trimmed to 0"" fat, select, raw",Beef Products,122,21.05,4.2,0,76
171222,"Beef, chuck, short ribs, boneless, separable lean and fat, trimmed to 0"" fat, all grades, cooked, braised",Beef Products,305,25.48,22.58,0,70
171223,"Beef, chuck, short ribs, boneless, separable lean and fat, trimmed to 0"" fat, choice, cooked, braised",Beef Products,317,25.26,24.05,0,70
171224,"Beef, shoulder pot roast, boneless, separable lean and fat, trimmed to 0"" fat, all grades, cooked, braised",Beef Products,204,31.03,8.92,0,61
171225,"Beef, shoulder pot roast, boneless, separable lean and fat, trimmed to 0"" fat, choice, cooked, braised",Beef Products,207,30.93,9.25,0,60
171226,"Beef, shoulder pot roast, boneless, separable lean and fat, trimmed to 0"" fat, select, cooked, braised",Beef Products,200,31.18,8.41,0,62
171227,"Beef, chuck eye Country-Style ribs, boneless, separable lean and fat, trimmed to 0"" fat, all grades, cooked, braised",Beef Products,296,27.69,20.55,0,65
171228,"Beef, chuck eye steak, boneless, separable lean and fat, trimmed to 0"" fat, all grades, cooked, grilled",Beef Products,277,24.98,19.64,0,71
171229,"Beef, chuck eye steak, boneless, separable lean and fat, trimmed to 0"" fat, choice, cooked, grilled",Beef Products,283,24.95,20.35,0,71
171230,"Beef, chuck eye steak, boneless, separable lean and fat, trimmed to 0"" fat, select, cooked, grilled",Beef Products,267,25.03,18.57,0,70
171231,"Beef, chuck eye steak, boneless, separable lean and fat, trimmed to 0"" fat, all grades, raw",Beef Products,223,18.86,16.35,0,66
171232,"Beef, rib eye steak, boneless, lip-on, separable lean only, trimmed to 1/8"" fat, choice, cooked, grilled",Beef Products,217,27.3,11.97,0,60
171233,"Beef, rib eye steak, boneless, lip-on, separable lean only, trimmed to 1/8"" fat, select, cooked, grilled",Beef Products,192,28.98,8.48,0,59
171234,"Beef, rib eye steak/roast, bone-in, lip-on, separable lean only, trimmed to 1/8"" fat, all grades, raw",Beef Products,166,21.22,9.04,0,64
171235,"Beef, rib eye steak/roast, bone-in, lip-on, separable lean only, trimmed to 1/8"" fat, choice, raw",Beef Products,173,20.93,9.97,0,65
171236,"Beef, rib eye steak, bone-in, lip-on, separable lean only, trimmed to 1/8"" fat, all grades, cooked, grilled",Beef Products,221,27.4,12.43,0,67
171237,"Beef, rib eye steak, bone-in, lip-on, separable lean only, trimmed to 1/8"" fat, choice, cooked, grilled",Beef Products,229,27.03,13.44,0,67
171238,"Beef, rib eye steak, bone-in, lip-on, separable lean only, trimmed to 1/8"" fat, select, cooked, grilled",Beef Products,210,27.96,10.91,0,67
171239,"Beef, rib eye roast, boneless, lip-on, separable lean only, trimmed to 1/8"" fat, all grades, cooked, roasted",Beef Products,218,28.21,11.68,0,56
171240,"Cheese, gjetost",Dairy and Egg Products,466,9.65,29.51,42.65,600
171241,"Cheese, gouda",Dairy and Egg Products,356,24.94,27.44,2.22,819
171242,"Cheese, gruyere",Dairy and Egg Products,413,29.81,32.34,0.36,714
171243,"Cheese, limburger",Dairy and Egg Products,327,20.05,27.25,0.49,800
171244,"Cheese, mozzarella, low moisture, part-skim",Dairy and Egg Products,295,23.75,19.78,5.58,666
171245,"Cheese, muenster",Dairy and Egg Products,368,23.41,30.04,1.12,628
171246,"Cheese, neufchatel",Dairy and Egg Products,253,9.15,22.78,3.59,334
171247,"Cheese, parmesan, grated",Dairy and Egg Products,420,28.42,27.84,13.91,1804
171248,"Cheese, ricotta, part skim milk",Dairy and Egg Products,138,11.39,7.91,5.14,99
171249,"Cheese, romano",Dairy and Egg Products,387,31.8,26.94,3.63,1433
171250,"Cheese, roquefort",Dairy and Egg Products,369,21.54,30.64,2,1809
171251,"Cheese, swiss",Dairy and Egg Products,393,26.96,30.99,1.44,187
171252,"Cheese food, pasteurized process, American, vitamin D fortified",Dairy and Egg Products,330,16.86,25.63,8.56,1284
171253,"Cheese food, pasteurized process, swiss",Dairy and Egg Products,323,21.92,24.14,4.5,1552
171254,"Cheese spread, pasteurized process, American",Dairy and Egg Products,290,16.41,21.23,8.73,1625
171255,"Cream, fluid, half and half",Dairy and Egg Products,131,3.13,11.5,4.3,61
171256,"Cream, sour, reduced fat, cultured",Dairy and Egg Products,135,2.94,12,4.26,89
171257,"Cream, sour, cultured",Dairy and Egg Products,198,2.44,19.35,4.63,31
171258,Eggnog,Dairy and Egg Products,88,4.55,4.19,8.05,54
171259,"Sour dressing, non-butterfat, cultured, filled cream-type",Dairy and Egg Products,178,3.25,16.57,4.68,48
171260,"Yogurt, Greek, 2%fat, coconut blend, CHOBANI",Dairy and Egg Products,92,8.11,1.71,11.04,33
171261,"Cream substitute, liquid, with hydrogenated vegetable oil and soy protein",Dairy and Egg Products,136,1,9.97,11.38,67
171262,"Cream substitute, liquid, with lauric acid oil and sodium caseinate",Dairy and Egg Products,136,1,9.97,11.38,79
171263,"Cream substitute, powdered",Dairy and Egg Products,529,2.48,32.92,59.29,124
171264,"Milk substitutes, fluid, with lauric acid oil",Dairy and Egg Products,61,1.75,3.41,6.16,78
171265,"Milk, whole, 3.25% milkfat, with added vitamin D",Dairy and Egg Products,61,3.15,3.25,4.8,43
171266,"Milk, producer, fluid, 3.7% milkfat",Dairy and Egg Products,64,3.28,3.66,4.65,49
171267,"Milk, reduced fat, fluid, 2% milkfat, with added vitamin A and vitamin D",Dairy and Egg Products,50,3.3,1.98,4.8,47
171268,"Milk, lowfat, fluid, 1% milkfat, protein fortified, with added vitamin A and vitamin D",Dairy and Egg Products,48,3.93,1.17,5.52,58
171269,"Milk, nonfat, fluid, with added vitamin A and vitamin D (fat free or skim)",Dairy and Egg Products,34,3.37,0.08,4.96,42
171270,"Milk, nonfat, fluid, with added nonfat milk solids, vitamin A and vitamin D (fat free or skim)",Dairy and Egg Products,37,3.57,0.25,5.02,53
171271,"Milk, nonfat, fluid, protein fortified, with added vitamin A and vitamin D (fat free and skim)",Dairy and Egg Products,41,3.96,0.25,5.56,59
171272,"Milk, dry, nonfat, instant, with added vitamin A and vitamin D",Dairy and Egg Products,358,35.1,0.72,52.19,549
171273,"Milk, dry, nonfat, calcium reduced",Dairy and Egg Products,354,35.5,0.2,51.8,2280
171274,"Milk, buttermilk, dried",Dairy and Egg Products,387,34.3,5.78,49,517
171275,"Milk, canned, condensed, sweetened",Dairy and Egg Products,321,7.91,8.7,54.4,127
171276,"Milk, canned, evaporated, with added vitamin D and without added vitamin A",Dairy and Egg Products,134,6.81,7.56,10.04,106
171277,"Milk, chocolate beverage, hot cocoa, homemade",Dairy and Egg Products,77,3.52,2.34,10.74,44
171278,"Milk, goat, fluid, with added vitamin D",Dairy and Egg Products,69,3.56,4.14,4.45,50
171279,"Milk, human, mature, fluid",Dairy and Egg Products,70,1.03,4.38,6.89,17
171280,"Milk, indian buffalo, fluid",Dairy and Egg Products,97,3.75,6.89,5.18,52
171281,"Whey, acid, dried",Dairy and Egg Products,339,11.73,0.54,73.45,968
171282,"Whey, sweet, fluid",Dairy and Egg Products,27,0.85,0.36,5.14,54
171283,"Whey, sweet, dried",Dairy and Egg Products,353,12.93,1.07,74.46,1079
171284,"Yogurt, plain, whole milk",Dairy and Egg Products,61,3.47,3.25,4.66,46
171285,"Yogurt, fruit, low fat, 10 grams protein per 8 ounce",Dairy and Egg Products,102,4.37,1.08,19.05,58
171286,"Yogurt, fruit, low fat, 11g protein/8 oz",Dairy and Egg Products,105,4.86,1.41,18.6,65
171287,"Egg, whole, raw, fresh",Dairy and Egg Products,143,12.56,9.51,0.72,142
171288,"Cheese, Mexican blend",Dairy and Egg Products,384,23.54,32.14,0.13,607
171289,"Cheese product, pasteurized process, American, vitamin D fortified",Dairy and Egg Products,307,16.09,23.06,8.85,1279
171290,"Cheese, pasteurized process, American, without added vitamin D",Dairy and Egg Products,371,18.13,31.79,3.7,1671
171291,"Cheese food, pasteurized process, American, without added vitamin D",Dairy and Egg Products,330,16.86,25.63,8.56,1441
171292,"Cheese, cheddar, reduced fat (Includes foods for USDA's Food Distribution Program)",Dairy and Egg Products,316,27.35,20.41,2.67,628
171293,"Ice cream, light, soft serve, chocolate",Dairy and Egg Products,141,3.36,3.69,23.15,64
171294,"Ice cream bar, stick or nugget, with crunch coating",Dairy and Egg Products,358,2.11,25.26,37.12,84
171295,"Cheese, cheddar, nonfat or fat free",Dairy and Egg Products,157,32.14,0,7.14,1000
171296,"Yogurt, Greek, nonfat, vanilla, CHOBANI",Dairy and Egg Products,71,9.07,0.22,8.09,36
171297,"Yogurt, Greek, strawberry, DANNON OIKOS",Dairy and Egg Products,106,8.25,2.92,11.67,34
171298,"Yogurt, Greek, nonfat, vanilla, DANNON OIKOS",Dairy and Egg Products,85,8.12,0.14,12.72,32
171299,"Yogurt, Greek, nonfat, strawberry, DANNON OIKOS",Dairy and Egg Products,84,8.03,0.22,12.53,33
171300,"Yogurt, Greek, strawberry, lowfat",Dairy and Egg Products,105,8.17,2.57,12.29,33
171301,"Kefir, lowfat, strawberry, LIFEWAY",Dairy and Egg Products,62,3.39,0.9,10.2,37
171302,"Milk, evaporated, 2% fat, with added vitamin A and vitamin D",Dairy and Egg Products,107,6.67,2,15.74,100
171303,"Milk, chocolate, fat free, with added vitamin A and vitamin D",Dairy and Egg Products,67,3.39,0,13.46,79
171304,"Yogurt, Greek, plain, whole milk",Dairy and Egg Products,97,9,5,3.98,35
171305,"Ice cream bar, covered with chocolate and nuts",Dairy and Egg Products,303,5.62,25.84,11.89,56
171306,Ice cream sundae cone,Dairy and Egg Products,254,3,14,28.89,115
171307,"Light ice cream, Creamsicle",Dairy and Egg Products,165,1.54,3.08,32.75,46
171308,"Cream, half and half, lowfat",Dairy and Egg Products,72,3.33,5,3.33,50
171309,"Yogurt, Greek, whole, plain, CHOBANI",Dairy and Egg Products,82,8.24,4.01,3.24,35
171310,"Yogurt, Greek, nonfat, lemon blend, CHOBANI",Dairy and Egg Products,78,8.62,0.15,10.66,44
171311,"Yogurt, Greek, nonfat, peach, CHOBANI",Dairy and Egg Products,80,7.76,0.11,11.9,32
171312,"Yogurt, Greek, nonfat, plain, CHOBANI",Dairy and Egg Products,54,9.53,0.24,3.43,37
171313,"Yogurt, Greek, nonfat, raspberry, CHOBANI",Dairy and Egg Products,81,7.65,0.22,11.98,30
171314,"Butter, Clarified butter (ghee)",Dairy and Egg Products,900,0,100,0,0
171315,"Spices, allspice, ground",Spices and Herbs,263,6.09,8.69,72.12,77
171316,"Spices, anise seed",Spices and Herbs,337,17.6,15.9,50.02,16
171317,"Spices, basil, dried",Spices and Herbs,233,22.98,4.07,47.75,76
171318,"Spices, chervil, dried",Spices and Herbs,237,23.2,3.9,49.1,83
171319,"Spices, chili powder",Spices and Herbs,282,13.46,14.28,49.7,2867
171320,"Spices, cinnamon, ground",Spices and Herbs,247,3.99,1.24,80.59,10
171321,"Spices, cloves, ground",Spices and Herbs,274,5.97,13,65.53,277
171322,"Spices, dill weed, dried",Spices and Herbs,253,19.96,4.36,55.82,208
171323,"Spices, fennel seed",Spices and Herbs,345,15.8,14.87,52.29,88
171324,"Spices, fenugreek seed",Spices and Herbs,323,23,6.41,58.35,67
171325,"Spices, garlic powder",Spices and Herbs,331,16.55,0.73,72.73,60
171326,"Spices, nutmeg, ground",Spices and Herbs,525,5.84,36.31,49.29,16
171327,"Spices, onion powder",Spices and Herbs,341,10.41,1.04,79.12,73
171328,"Spices, oregano, dried",Spices and Herbs,265,9,4.28,68.92,25
171329,"Spices, paprika",Spices and Herbs,282,14.14,12.89,53.99,68
171330,"Spices, poppy seed",Spices and Herbs,525,17.99,41.56,28.13,26
171331,"Spices, poultry seasoning",Spices and Herbs,307,9.59,7.53,65.59,27
171332,"Spices, pumpkin pie spice",Spices and Herbs,342,5.76,12.6,69.28,52
171333,"Spices, rosemary, dried",Spices and Herbs,331,4.88,15.22,64.06,50
171400,"Fat, beef tallow",Fats and Oils,902,0,100,0,0
171401,Lard,Fats and Oils,902,0,100,0,0
171402,"Salad dressing, thousand island, commercial, regular",Fats and Oils,379,1.09,35.06,14.64,962
171403,"Salad dressing, mayonnaise type, regular, with salt",Fats and Oils,250,0.65,21.6,14.78,653
171404,"Salad dressing, french dressing, reduced fat",Fats and Oils,222,0.58,11.52,31.22,838
171405,"Salad dressing, italian dressing, commercial, reduced fat",Fats and Oils,102,0.39,6.68,9.99,891
171406,"Salad dressing, mayonnaise, imitation, soybean",Fats and Oils,232,0.3,19.2,16,497
171407,"Salad dressing, mayonnaise, imitation, milk cream",Fats and Oils,97,2.1,5.1,11.1,504
171408,"Salad dressing, mayonnaise, imitation, soybean without cholesterol",Fats and Oils,482,0.1,47.7,15.8,353
171409,"Sandwich spread, with chopped pickle, regular, unspecified oils",Fats and Oils,389,0.9,34,22.4,1000
171410,"Oil, peanut, salad or cooking",Fats and Oils,884,0,100,0,0
171411,"Oil, soybean, salad or cooking",Fats and Oils,884,0,100,0,0
171412,"Oil, coconut",Fats and Oils,892,0,99.06,0,0
171413,"Oil, olive, salad or cooking",Fats and Oils,884,0,100,0,2
171414,"Salad dressing, french dressing, commercial, regular",Fats and Oils,419,0.87,39.07,18.79,661
171415,"Margarine,spread, 35-39% fat, tub",Fats and Oils,349,0.23,37.98,1.52,584
171416,"Salad dressing, french, home recipe",Fats and Oils,631,0.1,70.2,3.4,658
171417,"Salad dressing, home recipe, vinegar and oil",Fats and Oils,449,0,50.1,2.5,1
171418,"Salad dressing, mayonnaise, soybean oil, without salt",Fats and Oils,717,1.1,79.4,2.7,30
171419,"Salad dressing, french, cottonseed, oil, home recipe",Fats and Oils,631,0.1,70.2,3.4,658
171420,"Salad dressing, french dressing, fat-free",Fats and Oils,132,0.2,0.27,32.14,853
171421,"Oil, cocoa butter",Fats and Oils,884,0,100,0,0
171422,"Vegetable oil, palm kernel",Fats and Oils,862,0,100,0,0
171423,"Oil, poppyseed",Fats and Oils,884,0,100,0,0
171424,"Oil, tomatoseed",Fats and Oils,884,0,100,0,0
171425,"Oil, teaseed",Fats and Oils,884,0,100,0,0
171426,"Oil, soybean lecithin",Fats and Oils,763,0,100,0,0
171427,"Oil, hazelnut",Fats and Oils,884,0,100,0,0
171428,"Oil, babassu",Fats and Oils,884,0,100,0,0
171429,"Oil, sheanut",Fats and Oils,884,0,100,0,0
171430,"Oil, PAM cooking spray, original",Fats and Oils,792,0.26,78.69,20.69,59
171431,"Margarine, margarine-like vegetable oil spread, 67-70% fat, tub",Fats and Oils,606,0.07,68.29,0.59,536
171432,"Margarine, 80% fat, tub, CANOLA HARVEST Soft Spread (canola, palm and palm kernel oils)",Fats and Oils,730,0.41,80.32,1.39,714
171433,"Oil, cooking and salad, ENOVA, 80% diglycerides",Fats and Oils,884,0,100,0,0
171434,"Margarine-like, vegetable oil spread, approximately 37% fat, unspecified oils, with salt, with added vitamin D",Fats and Oils,339,0.51,37.77,0.66,589
171435,"Margarine, regular, 80% fat, composite, stick, with salt, with added vitamin D",Fats and Oils,717,0.16,80.71,0.7,751
171436,"Margarine, regular, 80% fat, composite, tub, with salt, with added vitamin D",Fats and Oils,713,0.22,80.17,0.75,657
171437,"Margarine-like, vegetable oil spread, 60% fat, stick, with salt, with added vitamin D",Fats and Oils,537,0.12,60.39,0.69,785
171438,"Oil, industrial, soy, low linolenic",Fats and Oils,900,0,100,0,0
171439,"Oil, industrial, soy, ultra low linolenic",Fats and Oils,884,0,100,0,0
171440,"Oil, industrial, soy, fully hydrogenated",Fats and Oils,884,0,100,0,0
171441,"Oil, industrial, cottonseed, fully hydrogenated",Fats and Oils,884,0,100,0,0
171442,"Oil, flaxseed, contains added sliced flaxseed",Fats and Oils,878,0.37,99.01,0.39,6
171443,"Mayonnaise, reduced fat, with olive oil",Fats and Oils,361,0.37,40,0,800
171444,"Salad dressing, mayonnaise-type, light",Fats and Oils,158,0.65,10,16.4,833
171445,"Chicken, broiler, rotisserie, BBQ, breast, meat only",Poultry Products,144,28.04,3.57,0,328
171446,"Chicken, broilers or fryers, meat and skin and giblets and neck, stewed",Poultry Products,216,24.49,12.37,0.06,66
171447,"Chicken, broilers or fryers, meat and skin, raw",Poultry Products,215,18.6,15.06,0,70
171448,"Chicken, broilers or fryers, meat and skin, cooked, fried, batter",Poultry Products,289,22.54,17.35,9.42,292
171449,"Chicken, broilers or fryers, meat and skin, cooked, fried, flour",Poultry Products,269,28.56,14.92,3.15,84
171450,"Chicken, broilers or fryers, meat and skin, cooked, roasted",Poultry Products,239,27.3,13.6,0,82
171451,"Chicken, broilers or fryers, meat only, cooked, stewed",Poultry Products,177,27.29,6.71,0,70
171452,"Chicken, broilers or fryers, skin only, raw",Poultry Products,349,13.33,32.35,0,63
171453,"Chicken, broilers or fryers, skin only, cooked, fried, batter",Poultry Products,394,10.32,28.83,23.15,581
171454,"Chicken, broilers or fryers, skin only, cooked, fried, flour",Poultry Products,502,19.09,42.58,9.34,53
171455,"Chicken, broilers or fryers, giblets, cooked, simmered",Poultry Products,157,27.15,4.5,0,67
171456,"Chicken, gizzard, all classes, raw",Poultry Products,94,17.66,2.06,0,69
171457,"Chicken, gizzard, all classes, cooked, simmered",Poultry Products,154,30.39,2.68,0,56
171458,"Chicken, heart, all classes, raw",Poultry Products,153,15.55,9.33,0.71,74
171459,"Chicken, broilers or fryers, light meat, meat and skin, cooked, fried, batter",Poultry Products,277,23.55,15.44,9.5,287
171460,"Chicken, broilers or fryers, light meat, meat and skin, cooked, fried, flour",Poultry Products,246,30.45,12.09,1.82,77
171461,"Chicken, broilers or fryers, light meat, meat and skin, cooked, roasted",Poultry Products,222,29.02,10.85,0,75
171462,"Chicken, broilers or fryers, light meat, meat and skin, cooked, stewed",Poultry Products,201,26.14,9.97,0,63
171463,"Chicken, broilers or fryers, dark meat, meat and skin, raw",Poultry Products,237,16.69,18.34,0,73
171464,"Chicken, broilers or fryers, light meat, meat only, raw",Poultry Products,114,23.2,1.65,0,68
171465,"Chicken, broilers or fryers, light meat, meat only, cooked, fried",Poultry Products,192,32.82,5.54,0.42,81
171466,"Chicken, broilers or fryers, light meat, meat only, cooked, roasted",Poultry Products,173,30.91,4.51,0,77
171467,"Chicken, broilers or fryers, light meat, meat only, cooked, stewed",Poultry Products,159,28.88,3.99,0,65
171468,"Chicken, broilers or fryers, separable fat, raw",Poultry Products,629,3.73,67.95,0,32
171469,"Chicken, broilers or fryers, back, meat and skin, raw",Poultry Products,319,14.05,28.74,0,64
171470,"Chicken, broilers or fryers, back, meat and skin, cooked, fried, batter",Poultry Products,331,21.97,21.91,10.25,317
171471,"Chicken, broilers or fryers, back, meat and skin, cooked, fried, flour",Poultry Products,331,27.79,20.74,6.5,90
171472,"Chicken, broilers or fryers, back, meat only, cooked, roasted",Poultry Products,239,28.19,13.16,0,96
171473,"Chicken, broilers or fryers, back, meat only, cooked, stewed",Poultry Products,209,25.31,11.19,0,67
171474,"Chicken, broilers or fryers, breast, meat and skin, raw",Poultry Products,172,20.85,9.25,0,63
171475,"Chicken, broilers or fryers, breast, meat and skin, cooked, fried, batter",Poultry Products,260,24.84,13.2,8.99,275
171476,"Chicken, broilers or fryers, breast, meat and skin, cooked, fried, flour",Poultry Products,222,31.84,8.87,1.64,76
171477,"Chicken, broilers or fryers, breast, meat only, cooked, roasted",Poultry Products,165,31.02,3.57,0,74
171478,"Chicken, broilers or fryers, breast, meat only, cooked, stewed",Poultry Products,151,28.98,3.03,0,63
171479,"Turkey, whole, meat and skin, cooked, roasted",Poultry Products,189,28.55,7.39,0.06,103
171480,"Turkey, whole, meat only, raw",Poultry Products,115,22.64,1.93,0.14,118
171481,"Turkey, whole, meat only, cooked, roasted",Poultry Products,159,29.06,3.84,0,101
171482,"Turkey, whole, skin (light and dark), raw",Poultry Products,407,12.96,38.93,0.16,62
171483,"Turkey, all classes, gizzard, cooked, simmered",Poultry Products,155,26.45,4.64,0,127
171484,"Turkey, all classes, heart, raw",Poultry Products,140,16.7,7.44,0.4,129
171485,"Turkey, all classes, heart, cooked, simmered",Poultry Products,174,24.88,7.52,0,140
171486,"Turkey, all classes, liver, raw",Poultry Products,128,18.26,5.5,0,131
171487,"Turkey, all classes, liver, cooked, simmered",Poultry Products,189,27,8.18,0,98
171488,"Turkey, dark meat, meat and skin, raw",Poultry Products,166,19.81,8.97,0.15,113
171489,"Turkey, whole, dark meat, meat and skin, cooked, roasted",Poultry Products,206,27.27,9.95,0.07,105
171490,"Turkey, whole, light meat, raw",Poultry Products,114,23.66,1.48,0.14,113
171491,"Turkey, all classes, light meat, cooked, roasted",Poultry Products,147,30.13,2.08,0,99
171492,"Turkey, all classes, breast, meat and skin, cooked, roasted",Poultry Products,189,28.71,7.41,0,63
171493,"Turkey, all classes, leg, meat and skin, raw",Poultry Products,144,19.54,6.72,0,74
171494,"Turkey, all classes, leg, meat and skin, cooked, roasted",Poultry Products,208,27.87,9.82,0,77
171495,"Turkey, all classes, wing, meat and skin, raw",Poultry Products,197,20.22,12.32,0,55
171496,"Turkey, whole, breast, meat only, cooked, roasted",Poultry Products,147,30.13,2.08,0,99
171497,"Turkey, whole, wing, meat only, raw",Poultry Products,115,23.66,1.48,0.14,113
171498,"Turkey, whole, wing, meat only, cooked, roasted",Poultry Products,147,30.13,2.08,0,99
171499,"Turkey, young hen, skin only, cooked, roasted",Poultry Products,482,19.03,44.45,0,44
171500,"Turkey and gravy, frozen",Poultry Products,67,5.88,2.63,4.61,554
171501,"Turkey breast, pre-basted, meat and skin, cooked, roasted",Poultry Products,126,22.16,3.46,0,397
171502,"Turkey thigh, pre-basted, meat and skin, cooked, roasted",Poultry Products,157,18.8,8.54,0,437
171503,"Turkey roast, boneless, frozen, seasoned, light and dark meat, raw",Poultry Products,120,17.6,2.2,6.4,678
171504,"Turkey, mechanically deboned, from turkey frames, raw",Poultry Products,201,13.29,15.96,0,48
171505,"Turkey, Ground, raw",Poultry Products,148,19.66,7.66,0,58
171506,"Turkey, Ground, cooked",Poultry Products,203,27.37,10.4,0,78
171507,"Chicken, cornish game hens, meat and skin, raw",Poultry Products,200,17.15,14.02,0,61
171508,"Chicken, wing, frozen, glazed, barbecue flavored, heated (microwave)",Poultry Products,248,25.34,13.9,3.84,837
171509,"Chicken, broilers or fryers, breast, skinless, boneless, meat only, with added solution, raw",Poultry Products,108,20.32,3,0,173
171510,"Duck, young duckling, domesticated, White Pekin, breast, meat and skin, boneless, cooked, roasted",Poultry Products,202,24.5,10.85,0,84
171511,"Duck, young duckling, domesticated, White Pekin, breast, meat only, boneless, cooked without skin, broiled",Poultry Products,140,27.6,2.5,0,105
171512,"Chicken patty, frozen, uncooked",Poultry Products,292,14.33,20.04,13.61,518
171513,"Chicken patty, frozen, cooked",Poultry Products,287,14.85,19.58,12.84,532
171514,"Chicken breast tenders, breaded, cooked, microwaved",Poultry Products,252,16.35,12.89,17.56,446
171515,"Chicken breast tenders, breaded, uncooked",Poultry Products,263,14.73,15.75,15.01,536
171516,"Chicken, broiler, rotisserie, BBQ, wing, meat only",Poultry Products,186,28.34,7.79,0.54,725
171517,"Chicken, broilers or fryers, rotisserie, original seasoning, back, meat only, cooked",Poultry Products,205,25.34,11.54,0,661
171518,"Chicken, broilers or fryers, rotisserie, original seasoning, breast, meat only, cooked",Poultry Products,137,28,2.79,0,313
171519,"Chicken, broilers or fryers, drumstick, rotisserie, original seasoning, meat only, cooked",Poultry Products,176,28.74,6.81,0,417
171520,"Chicken, broilers or fryers, rotisserie, original seasoning, skin only, cooked",Poultry Products,406,17.66,37.24,0.11,381
171521,"Chicken, broilers or fryers,  rotisserie, original seasoning, drumstick, meat and skin, cooked",Poultry Products,215,26.86,11.98,0.02,411
171522,"Chicken, broilers or fryers, rotisserie, original seasoning, thigh, meat and skin, cooked",Poultry Products,233,22.93,15.7,0.02,345
171523,"Chicken, broilers or fryers, rotisserie, original seasoning, wing, meat and skin, cooked",Poultry Products,266,24.34,18.77,0.04,610
171524,"Chicken, broiler, rotisserie, BBQ, skin",Poultry Products,378,15.19,35.15,0.7,335
171525,"Turkey, drumstick, from whole bird, meat only, with added solution, raw",Poultry Products,115,19.27,4.12,0.15,167
171526,"Turkey, wing, from whole bird, meat only, with added solution, raw",Poultry Products,102,21.54,1.66,0.14,206
171527,"Turkey, wing, from whole bird, meat only, with added solution, roasted",Poultry Products,127,26.97,2.08,0,238
171528,"Turkey, retail parts, breast, meat and skin, raw",Poultry Products,155,21.88,7.45,0,72
171529,"Turkey, retail parts, breast, meat and skin, cooked, roasted",Poultry Products,164,29.01,5.33,0.05,114
171530,"Turkey, drumstick, from whole bird, meat only, roasted",Poultry Products,139,30.13,2.08,0,99
171531,"Turkey, thigh, from whole bird, meat only, raw",Poultry Products,108,21.28,2.5,0.15,124
171532,"Turkey, thigh, from whole bird, meat only, roasted",Poultry Products,165,27.71,6.04,0,104
171533,"Turkey, retail parts, thigh, meat and skin, raw",Poultry Products,161,19.54,9.16,0,75
171534,"Chicken, broiler or fryers, breast, skinless, boneless, meat only, cooked, grilled",Poultry Products,151,30.54,3.17,0,52
171535,"Chicken, broiler or fryers, breast, skinless, boneless, meat only, with added solution, cooked, braised",Poultry Products,145,28.24,3.61,0,172
171536,"Chicken, broiler or fryers, breast, skinless, boneless, meat only, with added solution, cooked, grilled",Poultry Products,148,29.5,3.39,0,215
171537,"Soup, cream of asparagus, canned, condensed","Soups, Sauces, and Gravies",69,1.82,3.26,8.52,669
171538,"Soup, beef broth or bouillon canned, ready-to-serve","Soups, Sauces, and Gravies",7,1.14,0.22,0.04,372
171539,"Soup, beef noodle, canned, condensed","Soups, Sauces, and Gravies",67,3.85,2.46,7.16,653
171540,"Soup, cream of celery, canned, condensed","Soups, Sauces, and Gravies",72,1.32,4.46,7.03,516
171541,"Soup, cheese, canned, condensed","Soups, Sauces, and Gravies",82,0.8,3.92,11.3,692
171542,"Soup, chicken broth, canned, condensed","Soups, Sauces, and Gravies",31,4.42,1.04,0.75,621
171543,"Soup, chicken noodle, canned, condensed","Soups, Sauces, and Gravies",48,2.37,1.55,6.07,681
171544,"Soup, chicken rice, canned, chunky, ready-to-serve","Soups, Sauces, and Gravies",53,5.11,1.33,5.41,370
171545,"Soup, chicken with rice, canned, condensed","Soups, Sauces, and Gravies",68,1.84,1.56,11.57,645
171546,"Soup, chicken and vegetable, canned, ready-to-serve","Soups, Sauces, and Gravies",33,1.97,0.73,4.68,229
171547,"Soup, clam chowder, new england, canned, condensed","Soups, Sauces, and Gravies",72,3.17,2.06,10.32,516
171548,"Soup, beef broth bouillon and consomme, canned, condensed","Soups, Sauces, and Gravies",11,2.52,0,0.32,694
171549,"Soup, lentil with ham, canned, ready-to-serve","Soups, Sauces, and Gravies",56,3.74,1.12,8.16,532
171550,"Soup, minestrone, canned, chunky, ready-to-serve","Soups, Sauces, and Gravies",53,2.13,1.17,8.64,288
171551,"Soup, onion, canned, condensed","Soups, Sauces, and Gravies",46,3.06,1.42,6.68,516
171552,"Soup, cream of onion, canned, condensed","Soups, Sauces, and Gravies",88,2.2,4.2,10.4,637
171553,"Soup, oyster stew, canned, condensed","Soups, Sauces, and Gravies",48,1.72,3.13,3.32,722
171554,"Soup, pea, green, canned, condensed","Soups, Sauces, and Gravies",125,6.54,2.23,20.18,680
171555,"Soup, pea, split with ham, canned, chunky, ready-to-serve","Soups, Sauces, and Gravies",77,4.62,1.66,11.17,301
171556,"CAMPBELL'S, Chicken Noodle Soup, condensed","Soups, Sauces, and Gravies",47,2.37,1.53,5.97,683
171557,"Soup, tomato rice, canned, condensed","Soups, Sauces, and Gravies",93,1.64,2.12,17.08,635
171558,"Soup, turkey, chunky, canned, ready-to-serve","Soups, Sauces, and Gravies",57,4.33,1.87,5.96,391
171559,"Soup, chunky vegetable, canned, ready-to-serve","Soups, Sauces, and Gravies",39,1.14,0.36,7.9,267
171560,"Soup, beef broth or bouillon, powder, dry","Soups, Sauces, and Gravies",213,15.97,8.89,17.4,26000
171561,"Soup, beef broth, cubed, dry","Soups, Sauces, and Gravies",170,17.3,4,16.1,24000
171562,"Soup, chicken broth or bouillon, dry","Soups, Sauces, and Gravies",267,16.66,13.88,18.01,23875
171563,"Soup, chicken broth cubes, dry","Soups, Sauces, and Gravies",198,14.6,4.7,23.5,24000
171564,"Gravy, beef, canned, ready-to-serve","Soups, Sauces, and Gravies",53,3.75,2.36,4.81,633
171565,"Gravy, brown, dry","Soups, Sauces, and Gravies",367,10.74,9.61,59.38,4843
171566,"Gravy, chicken, canned or bottled, ready-to-serve","Soups, Sauces, and Gravies",48,0.71,2.62,5.29,389
171567,"Gravy, chicken, dry","Soups, Sauces, and Gravies",381,11.27,9.73,62.09,4152
171568,"Gravy, turkey, canned, ready-to-serve","Soups, Sauces, and Gravies",51,2.6,2.1,5.1,577
171569,"Gravy, turkey, dry","Soups, Sauces, and Gravies",367,10.42,7.19,65.12,4392
171570,"Gravy, unspecified type, dry","Soups, Sauces, and Gravies",344,13,8,58,5730
171571,"Soup, chicken noodle, dry, mix","Soups, Sauces, and Gravies",377,15.42,6.51,62.32,3161
171572,"Soup, beef mushroom, canned, prepared with equal volume water","Soups, Sauces, and Gravies",30,2.37,1.23,2.6,386
171573,"Soup, chicken mushroom, canned, prepared with equal volume water","Soups, Sauces, and Gravies",54,1.8,3.75,3.8,327
171574,"Soup, tomato bisque, canned, prepared with equal volume water","Soups, Sauces, and Gravies",50,0.92,1.02,9.6,424
171575,"Sauce, peanut, made from coconut, water, sugar, peanuts","Soups, Sauces, and Gravies",179,2.02,6.34,28.46,319
171576,"SMART SOUP, Santa Fe Corn Chowder","Soups, Sauces, and Gravies",55,2,0.71,11.2,131
171577,"SMART SOUP, French Lentil","Soups, Sauces, and Gravies",53,2.9,1.06,9.5,131
171578,"SMART SOUP, Greek Minestrone","Soups, Sauces, and Gravies",40,1.7,0.53,8.4,138
171579,"Sauce, pesto, ready-to-serve, refrigerated","Soups, Sauces, and Gravies",418,9.83,37.6,10.09,603
171580,"Sauce, pesto, ready-to-serve, shelf stable","Soups, Sauces, and Gravies",426,5,42.42,6.14,998
171581,"Sauce, pesto, BUITONI, pesto with basil, ready-to-serve, refrigerated","Soups, Sauces, and Gravies",418,9.83,37.6,10.09,603
171582,"Sauce, pesto, CLASSICO, basil pesto, ready-to-serve","Soups, Sauces, and Gravies",372,4.16,36.38,6.93,1028
171583,"Soup, vegetable broth, ready to serve","Soups, Sauces, and Gravies",5,0.24,0.07,0.93,296
171584,"Sauce, cheese sauce mix, dry","Soups, Sauces, and Gravies",438,7.68,18.33,60.52,3202
171585,"Soup, chicken corn chowder, chunky, ready-to-serve, single brand","Soups, Sauces, and Gravies",99,3.1,6.3,7.5,299
171586,"Soup, bean with bacon, condensed, single brand","Soups, Sauces, and Gravies",117,6.5,2.1,18,672
171587,"Soup, tomato, canned, condensed, reduced sodium","Soups, Sauces, and Gravies",65,1.61,0.56,13.41,22
171588,"Gravy, brown instant, dry","Soups, Sauces, and Gravies",380,8.53,11.85,59.78,5053
171589,"Gravy, instant beef, dry","Soups, Sauces, and Gravies",369,9.8,9.48,61.1,5203
171590,"Gravy, instant turkey, dry","Soups, Sauces, and Gravies",409,11.72,14.66,57.56,4090
171591,"Soup, tomato, low sodium, with water","Soups, Sauces, and Gravies",30,0.79,0.28,6.57,33
171592,"Soup, pea, low sodium, prepared with equal volume water","Soups, Sauces, and Gravies",62,3.2,1.09,9.88,10
171593,"Soup, chicken noodle, low sodium, canned, prepared with equal volume water","Soups, Sauces, and Gravies",25,1.27,0.95,2.95,173
171594,"Soup, vegetable soup, condensed, low sodium, prepared with equal volume water","Soups, Sauces, and Gravies",33,1.1,0.45,6.06,194
171595,"Sauce, tomato chili sauce, bottled, with salt","Soups, Sauces, and Gravies",92,2.5,0.3,19.79,1338
171596,"Soup, vegetable chicken, canned, prepared with water, low sodium","Soups, Sauces, and Gravies",69,5.1,2,8.76,35
171597,"Sauce, pasta, spaghetti/marinara, ready-to-serve, low sodium","Soups, Sauces, and Gravies",51,1.41,1.48,8.06,30
171598,"Gravy, meat or poultry, low sodium, prepared","Soups, Sauces, and Gravies",53,3.8,2.4,6.16,18
171599,"Gravy, HEINZ Home Style, savory beef","Soups, Sauces, and Gravies",39,1.09,1.13,6.24,587
171600,"Gravy, CAMPBELL'S, chicken","Soups, Sauces, and Gravies",51,0.79,2.73,5.87,424
171601,"Barbecue loaf, pork, beef",Sausages and Luncheon Meats,173,15.84,8.9,6.4,1334
171602,"Soup, cream of chicken, canned, condensed, reduced sodium","Soups, Sauces, and Gravies",58,1.8,1.3,9.5,357
171603,"Sauce, alfredo mix, dry","Soups, Sauces, and Gravies",535,15.32,36.35,36.52,2590
171604,"Sauce, peppers, hot, chili, mature red, canned","Soups, Sauces, and Gravies",21,0.9,0.6,3.9,25
171605,"Sauce, chili, peppers, hot, immature green, canned","Soups, Sauces, and Gravies",20,0.7,0.1,5,25
171606,Fish broth,"Soups, Sauces, and Gravies",16,2,0.6,0.4,200
171607,"Soup, cream of mushroom, low sodium, ready-to-serve, canned","Soups, Sauces, and Gravies",53,1,3.7,4.53,20
171608,"Potato soup, instant, dry mix","Soups, Sauces, and Gravies",343,9.2,3.1,76.14,2400
171609,"Soup, chicken broth, low sodium, canned","Soups, Sauces, and Gravies",16,2,0.6,1.2,30
171610,"Sauce, worcestershire","Soups, Sauces, and Gravies",77,0,0,19.17,1300
171611,"Soup, beef and mushroom, low sodium, chunk style","Soups, Sauces, and Gravies",69,4.3,2.3,9.58,25
171612,"Soup, beef stroganoff, canned, chunky style, ready-to-serve","Soups, Sauces, and Gravies",98,5.1,4.6,9,435
171613,"Soup, bouillon cubes and granules, low sodium, dry","Soups, Sauces, and Gravies",438,16.7,13.89,64.88,1067
171614,"Soup, ramen noodle, beef flavor, dry","Soups, Sauces, and Gravies",441,10.06,17.73,60.34,1727
171615,"Soup, ramen noodle, chicken flavor, dry","Soups, Sauces, and Gravies",439,10.22,17.52,60.23,1923
171616,"Beerwurst, beer salami, pork",Sausages and Luncheon Meats,238,14.24,18.8,2.06,1240
171617,"Sausage, Berliner, pork, beef",Sausages and Luncheon Meats,230,15.27,17.2,2.59,1297
171618,Blood sausage,Sausages and Luncheon Meats,379,14.6,34.5,1.29,680
171619,"Bockwurst, pork, veal, raw",Sausages and Luncheon Meats,301,14.03,25.87,2.95,756
171620,"Bratwurst, pork, cooked",Sausages and Luncheon Meats,333,13.72,29.18,2.85,846
171621,"Braunschweiger (a liver sausage), pork",Sausages and Luncheon Meats,327,14.5,28.5,3.1,977
171622,"Bratwurst, pork, beef, link",Sausages and Luncheon Meats,323,14.3,27.8,2.98,1112
171623,"Cheesefurter, cheese smokie, pork, beef",Sausages and Luncheon Meats,328,14.1,29,1.51,1082
171624,"Frankfurter, chicken",Sausages and Luncheon Meats,223,15.51,16.19,2.74,1027
171625,"Frankfurter, turkey",Sausages and Luncheon Meats,223,12.23,17.29,3.81,911
171626,"Ham, chopped, canned",Sausages and Luncheon Meats,239,16.06,18.83,0.26,1280
171627,"Ham, chopped, not canned",Sausages and Luncheon Meats,221,16.5,16.7,0,1194
171628,Ham and cheese loaf or roll,Sausages and Luncheon Meats,241,13.6,18.7,4,1000
171629,Ham and cheese spread,Sausages and Luncheon Meats,245,16.18,18.53,2.28,1197
171630,"Headcheese, pork",Sausages and Luncheon Meats,157,13.83,10.9,0,941
171631,"Sausage, Italian, pork, mild, raw",Sausages and Luncheon Meats,290,13.9,24.26,2.97,563
171632,"Sausage, pork and turkey, pre-cooked",Sausages and Luncheon Meats,342,12.05,30.64,3.63,876
171633,"Frankfurter, meat and poultry, cooked, boiled",Sausages and Luncheon Meats,298,10.31,26.28,4.96,914
171634,"Frankfurter, meat and poultry, cooked, grilled",Sausages and Luncheon Meats,302,10.67,26.43,5.24,1079
171635,"Pork sausage, link/patty, reduced fat, unprepared",Sausages and Luncheon Meats,217,16.75,16.55,0.2,581
171636,"Pork sausage, link/patty, reduced fat, cooked, pan-fried",Sausages and Luncheon Meats,267,20.94,20.32,0.15,698
171637,"Bologna, meat and poultry",Sausages and Luncheon Meats,281,10.34,23.77,6.31,1379
171638,"Meatballs, frozen, Italian style",Sausages and Luncheon Meats,286,14.4,22.21,8.06,666
171639,"Bacon, turkey, microwaved",Sausages and Luncheon Meats,368,29.5,25.87,4.24,2021
171640,"Bacon, turkey, low sodium",Sausages and Luncheon Meats,253,13.33,20,4.8,900
171641,"Cereals ready-to-eat, POST, ALPHA-BITS",Breakfast Cereals,389,10,4.6,80.3,592
171642,"Cereals ready-to-eat, QUAKER, CAP'N CRUNCH",Breakfast Cereals,398,4.39,5.12,85.51,754
171643,"Cereals ready-to-eat, QUAKER, CAP'N CRUNCH with CRUNCHBERRIES",Breakfast Cereals,397,4.45,4.83,85.93,725
171644,"Cereals ready-to-eat, QUAKER, CAP'N CRUNCH'S PEANUT BUTTER CRUNCH",Breakfast Cereals,417,7.1,9.23,78.65,742
171645,"Cereals ready-to-eat, POST, FRUITY PEBBLES",Breakfast Cereals,402,4.62,4.02,86.1,531
171646,"Cereals ready-to-eat, granola, homemade",Breakfast Cereals,489,13.67,24.31,53.88,26
171647,"Cereals ready-to-eat, POST, GRAPE-NUTS Cereal",Breakfast Cereals,361,11.22,1.81,80.49,465
171648,"Cereals ready-to-eat, POST, GRAPE-NUTS Flakes",Breakfast Cereals,376,9.4,3.7,82,470
171649,"Cereals ready-to-eat, QUAKER, SWEET CRUNCH/QUISP",Breakfast Cereals,406,4.51,6.08,85.03,740
171650,"Cereals ready-to-eat, POST Raisin Bran Cereal",Breakfast Cereals,324,7.6,1.6,78.9,382
171651,"Cereals ready-to-eat, QUAKER, QUAKER Puffed Rice",Breakfast Cereals,383,7.01,0.9,87.78,5
171652,"Cereals ready-to-eat, POST, GOLDEN CRISP",Breakfast Cereals,380,5.5,1.7,90.1,95
171653,"Cereals ready-to-eat, SUN COUNTRY, KRETSCHMER Honey Crunch Wheat Germ",Breakfast Cereals,372,26.55,7.78,58.11,11
171654,"Cereals, corn grits, white, regular and quick, enriched, dry",Breakfast Cereals,370,7.65,1.75,79.09,1
171655,"Cereals, corn grits, white, regular and quick, enriched, cooked with water, without salt",Breakfast Cereals,71,1.71,0.46,14.76,2
171656,"Cereals, QUAKER, corn grits, instant, plain, dry",Breakfast Cereals,343,7.31,2.14,78.42,1121
171657,"Cereals, CREAM OF WHEAT, regular (10 minute), cooked with water, without salt",Breakfast Cereals,50,1.44,0.21,10.52,6
171658,"Cereals, farina, enriched, assorted brands including CREAM OF WHEAT, quick (1-3 minutes), dry",Breakfast Cereals,360,11.6,1.41,73.19,124
171659,"Cereals, farina, enriched, assorted brands including CREAM OF WHEAT, quick (1-3 minutes), cooked with water, without salt",Breakfast Cereals,55,1.82,0.34,10.92,18
171660,"Cereals, CREAM OF WHEAT, instant, dry",Breakfast Cereals,366,10.6,1.4,75.5,571
171661,"Cereals, oats, instant, fortified, plain, dry",Breakfast Cereals,362,11.92,6.9,69.52,220
171662,"Cereals, oats, instant, fortified, plain, prepared with water (boiling water added or microwaved)",Breakfast Cereals,68,2.37,1.36,11.67,49
171663,"Cereals, QUAKER, Instant Oatmeal, apples and cinnamon, dry",Breakfast Cereals,366,8.62,4.61,76.74,454
171664,"Cereals, oats, instant, fortified, with cinnamon and spice, dry",Breakfast Cereals,369,9.53,4.84,76.08,434
171665,"Cereals, WHEATENA, dry",Breakfast Cereals,357,13.1,2.9,75.6,13
171666,"Cereals, WHEATENA, cooked with water",Breakfast Cereals,56,2,0.5,11.8,2
171667,"Cereals, whole wheat hot natural cereal, dry",Breakfast Cereals,342,11.2,2,75.2,2
171668,"Cereals, whole wheat hot natural cereal, cooked with water, without salt",Breakfast Cereals,62,2,0.4,13.7,0
171669,"Cereals ready-to-eat, QUAKER, QUAKER Puffed Wheat",Breakfast Cereals,366,16.26,2.15,76.39,5
171670,"Cereals, corn grits, yellow, regular and quick, unenriched, dry",Breakfast Cereals,371,8.8,1.2,79.6,1
171671,"Cereals, corn grits, white, regular and quick, enriched, cooked with water, with salt",Breakfast Cereals,71,1.71,0.46,14.76,223
171672,"Cereals, corn grits, yellow, regular and quick, enriched, cooked with water, without salt",Breakfast Cereals,65,1.23,0.39,13.86,2
171673,"Cereals, corn grits, yellow, regular, quick, enriched, cooked with water, with salt",Breakfast Cereals,65,1.23,0.39,13.86,223
171674,"Cereals, MALT-O-MEAL, chocolate, dry",Breakfast Cereals,363,10.6,0.82,79.55,10
171675,"Cereals, oats, regular and quick and instant, unenriched, cooked with water (includes boiling and microwaving), with salt",Breakfast Cereals,71,2.54,1.52,12,71
171676,"Cereals, WHEATENA, cooked with water, with salt",Breakfast Cereals,59,2.03,0.45,11.74,238
171677,"Cereals, whole wheat hot natural cereal, cooked with water, with salt",Breakfast Cereals,62,2,0.4,13.7,233
171678,"Cereals, ready-to-eat, MALT-O-MEAL, Blueberry Mini SPOONERS",Breakfast Cereals,350,8.81,1.92,79.4,2
171679,"Cereals ready-to-eat, MALT-O-MEAL, OAT BLENDERS with honey",Breakfast Cereals,396,6.78,4.17,84.94,515
171680,"Cereals ready-to-eat, MALT-O-MEAL, OAT BLENDERS with honey & almonds",Breakfast Cereals,379,7.8,4.88,77.26,453
171681,"Cereals ready-to-eat, MALT-O-MEAL, Honey Nut SCOOTERS",Breakfast Cereals,387,8.59,4.51,79.62,695
171682,"Cereals, QUAKER, Instant Oatmeal, Cinnamon Swirl, high fiber",Breakfast Cereals,366,8.79,4.8,75.67,473
171683,"Cereals, QUAKER, oatmeal, REAL MEDLEYS, blueberry hazelnut, dry",Breakfast Cereals,386,9.81,9.8,69.47,337
171684,"Cereals, QUAKER, oatmeal, REAL MEDLEYS, apple walnut, dry",Breakfast Cereals,390,8.18,10.36,70.53,356
171685,"Cereals, QUAKER, oatmeal, REAL MEDLEYS, summer berry, dry",Breakfast Cereals,353,11.31,4.4,72.58,354
171686,"Acerola, (west indian cherry), raw",Fruits and Fruit Juices,32,0.4,0.3,7.69,7
171687,"Acerola juice, raw",Fruits and Fruit Juices,23,0.4,0.3,4.8,3
171688,"Apples, raw, with skin (Includes foods for USDA's Food Distribution Program)",Fruits and Fruit Juices,52,0.26,0.17,13.81,1
171689,"Apples, raw, without skin",Fruits and Fruit Juices,48,0.27,0.13,12.76,0
171690,"Apples, dehydrated (low moisture), sulfured, stewed",Fruits and Fruit Juices,74,0.28,0.12,19.91,26
171691,"Apples, dried, sulfured, uncooked",Fruits and Fruit Juices,243,0.93,0.32,65.89,87
171692,"Apples, dried, sulfured, stewed, without added sugar",Fruits and Fruit Juices,57,0.22,0.07,15.32,20
171693,"Apples, dried, sulfured, stewed, with added sugar",Fruits and Fruit Juices,83,0.2,0.07,20.73,19
171694,"Apples, frozen, unsweetened, unheated (Includes foods for USDA's Food Distribution Program)",Fruits and Fruit Juices,48,0.28,0.32,12.31,3
171695,"Applesauce, canned, unsweetened, without added ascorbic acid (Includes foods for USDA's Food Distribution Program)",Fruits and Fruit Juices,42,0.17,0.1,11.27,2
171696,"Applesauce, canned, sweetened, without salt",Fruits and Fruit Juices,68,0.16,0.17,17.49,2
171697,"Apricots, raw",Fruits and Fruit Juices,48,1.4,0.39,11.12,1
171698,"Apricots, canned, water pack, with skin, solids and liquids",Fruits and Fruit Juices,27,0.71,0.16,6.39,3
171699,"Apricots, canned, heavy syrup pack, with skin, solids and liquids",Fruits and Fruit Juices,83,0.53,0.08,21.47,4
171700,"Apricots, canned, heavy syrup pack, without skin, solids and liquids",Fruits and Fruit Juices,83,0.51,0.09,21.45,11
171701,"Apricots, canned, extra heavy syrup pack, without skin, solids and liquids",Fruits and Fruit Juices,96,0.55,0.04,24.85,13
171702,"Apricots, dehydrated (low-moisture), sulfured, uncooked",Fruits and Fruit Juices,320,4.9,0.62,82.89,13
171703,"Apricots, frozen, sweetened",Fruits and Fruit Juices,98,0.7,0.1,25.1,4
171704,"Apricot nectar, canned, with added ascorbic acid",Fruits and Fruit Juices,56,0.17,0.45,13.63,8
171705,"Avocados, raw, all commercial varieties",Fruits and Fruit Juices,160,2,14.66,8.53,7
171706,"Avocados, raw, California",Fruits and Fruit Juices,167,1.96,15.41,8.64,8
171707,"Avocados, raw, Florida",Fruits and Fruit Juices,120,2.23,10.06,7.82,2
171708,"Cherries, tart, dried, sweetened (Includes foods for USDA's Food Distribution Program)",Fruits and Fruit Juices,333,1.25,0.73,80.45,13
171709,"Blackberries, canned, heavy syrup, solids and liquids",Fruits and Fruit Juices,92,1.31,0.14,23.1,3
171710,"Blackberries, frozen, unsweetened",Fruits and Fruit Juices,64,1.18,0.43,15.67,1
171711,"Blueberries, raw",Fruits and Fruit Juices,57,0.74,0.33,14.49,1
171712,"Boysenberries, canned, heavy syrup",Fruits and Fruit Juices,88,0.99,0.12,22.31,3
171713,"Boysenberries, frozen, unsweetened",Fruits and Fruit Juices,50,1.1,0.26,12.19,1
171714,"Breadfruit, raw",Fruits and Fruit Juices,103,1.07,0.23,27.12,2
171715,"Carambola, (starfruit), raw",Fruits and Fruit Juices,31,1.04,0.33,6.73,2
171716,"Cherries, sour, red, canned, heavy syrup pack, solids and liquids",Fruits and Fruit Juices,91,0.73,0.1,23.27,7
171717,"Cherries, sour, red, canned, extra heavy syrup pack, solids and liquids",Fruits and Fruit Juices,114,0.71,0.09,29.23,7
171718,"Cherries, sour, red, frozen, unsweetened (Includes foods for USDA's Food Distribution Program)",Fruits and Fruit Juices,46,0.92,0.44,11.02,1
171719,"Cherries, sweet, raw",Fruits and Fruit Juices,63,1.06,0.2,16.01,0
171720,"Cherries, sweet, canned, extra heavy syrup pack, solids and liquids",Fruits and Fruit Juices,102,0.59,0.15,26.23,3
171721,"Crabapples, raw",Fruits and Fruit Juices,76,0.4,0.3,19.95,1
171722,"Cranberries, raw",Fruits and Fruit Juices,46,0.46,0.13,11.97,2
171723,"Cranberries, dried, sweetened (Includes foods for USDA's Food Distribution Program)",Fruits and Fruit Juices,308,0.17,1.09,82.8,5
171724,"Currants, zante, dried",Fruits and Fruit Juices,290,3.43,0.22,76.98,43
171725,"Custard-apple, (bullock's-heart), raw",Fruits and Fruit Juices,101,1.7,0.6,25.2,4
171726,"Dates, deglet noor",Fruits and Fruit Juices,282,2.45,0.39,75.03,2
171727,"Elderberries, raw",Fruits and Fruit Juices,73,0.66,0.5,18.4,6
171728,"Beef, Australian, imported, grass-fed,  external fat, raw",Beef Products,509,11.32,51.36,0.39,36
171729,"Beef, Australian, imported, grass-fed, seam fat, raw",Beef Products,562,9.58,57.73,1.06,34
171730,"Beef, Australian, imported, Wagyu, external fat, Aust. marble score 4/5, raw",Beef Products,596,6.54,63.27,0,37
171731,"Beef, Australian, imported, Wagyu, seam fat, Aust. marble score 4/5, raw",Beef Products,594,6,63.3,0,32
171732,"Beef, Australian, imported, Wagyu, loin, tenderloin steak/roast, boneless, separable lean and fat, Aust. marble score 4/5, raw",Beef Products,206,19.71,14.09,0,63
171733,"Beef, Australian, imported, grass-fed, loin, top loin steak/roast, boneless, separable lean and fat, raw",Beef Products,199,19.9,13.17,0.11,60
171734,"Beef, Australian, imported, grass-fed, loin, top sirloin cap-off steak/roast, boneless, separable lean only, raw",Beef Products,122,21.9,3.87,0,60
171735,"Beef, Australian, imported, grass-fed, rib, ribeye steak/roast lip-on, boneless, separable lean only, raw",Beef Products,160,21.47,8.2,0,65
171736,"Beef, Australian, imported, Wagyu, loin, top loin steak/roast, boneless, separable lean only, Aust. marble score 9, raw",Beef Products,331,16.92,29.15,0.13,68
171737,"Beef, Australian, imported, Wagyu, rib, small end rib steak/roast, boneless, separable lean only, Aust. marble score 4/5, raw",Beef Products,234,20.35,16.93,0,58
171738,"Beef, Australian, imported, Wagyu, rib, small end rib steak/roast, boneless, separable lean only, Aust. marble score 9, raw",Beef Products,330,17.61,28.61,0.46,65
171739,"Beef, Australian, imported, grass-fed, loin, top sirloin cap-off steak/roast, boneless, separable lean and fat, raw",Beef Products,127,21.77,4.45,0.01,59
171740,"Beef, Australian, imported, Wagyu, rib, small end rib steak/roast, boneless, separable lean and fat, Aust. marble score 4/5, raw",Beef Products,317,17.07,27.64,0,52
171741,"Beef, Australian, imported, Wagyu, rib, small end rib steak/roast, boneless, separable lean and fat, Aust. marble score 9, raw",Beef Products,404,14.54,38.3,0.28,57
171742,"Beef, Australian, imported, Wagyu, loin, tenderloin steak/roast, boneless, separable lean and fat, Aust. marble score 9, raw",Beef Products,248,18.5,19.11,0.58,61
171743,"Beef, round, top round steak, boneless, separable lean and fat, trimmed to 0"" fat, all grades, raw",Beef Products,124,23.49,3.34,0,54
171744,"Beef, round, top round roast, boneless, separable lean and fat, trimmed to 0"" fat, select, raw",Beef Products,121,23.44,3.04,0,54
171745,"Beef, round, eye of round roast, boneless, separable lean and fat, trimmed to 0"" fat, all grades, raw",Beef Products,124,23.27,3.44,0,53
171746,"Beef, round, eye of round roast, boneless, separable lean and fat, trimmed to 0"" fat, choice, raw",Beef Products,127,23.26,3.74,0,52
171747,"Beef, round, eye of round roast, boneless, separable lean and fat, trimmed to 0"" fat, select, raw",Beef Products,120,23.28,3,0,50
171748,"Beef, loin, tenderloin roast, boneless, separable lean and fat, trimmed to 0"" fat, choice, raw",Beef Products,153,21.5,7.4,0,44
171749,"Beef, loin, tenderloin roast, boneless, separable lean and fat, trimmed to 0"" fat, select, raw",Beef Products,144,21.91,6.21,0,42
171750,"Beef, loin, top loin steak, boneless, lip off, separable lean and fat, trimmed to 0"" fat, all grades, raw",Beef Products,163,22.43,8.17,0,45
171751,"Beef, loin, top loin steak, boneless, lip off, separable lean and fat, trimmed to 0"" fat, choice, raw",Beef Products,171,22.19,9.16,0,45
171752,"Beef, loin, top loin steak, boneless, lip off, separable lean and fat, trimmed to 0"" fat, select, raw",Beef Products,151,22.79,6.67,0,46
171753,"Beef, loin, tenderloin roast, boneless, separable lean and fat, trimmed to 0"" fat, choice, cooked, roasted",Beef Products,188,27.26,8.82,0,56
171754,"Beef, loin, tenderloin roast, boneless, separable lean and fat, trimmed to 0"" fat, select, cooked, roasted",Beef Products,174,27.38,7.12,0,54
171755,"Beef, round, top round roast, boneless, separable lean and fat, trimmed to 0"" fat, all grades, cooked, roasted",Beef Products,160,29.9,4.49,0,67
171756,"Beef, round, top round roast, boneless, separable lean and fat, trimmed to 0"" fat, choice, cooked, roasted",Beef Products,163,30.08,4.79,0,69
171757,"Beef, round, top round steak, boneless, separable lean only, trimmed to 0"" fat, all grades, raw",Beef Products,121,23.59,2.94,0,54
171758,"Beef, round, top round steak, boneless, separable lean only, trimmed to 0"" fat, choice, raw",Beef Products,124,23.59,3.26,0,56
171759,"Beef, round, top round steak, boneless, separable lean only, trimmed to 0"" fat, select, raw",Beef Products,116,23.59,2.45,0,55
171760,"Beef, round, top round roast, boneless, separable lean only, trimmed to 0"" fat, all grades, raw",Beef Products,121,23.59,2.94,0,54
171761,"Beef, round, eye of round roast, boneless, separable lean only, trimmed to 0"" fat, select, raw",Beef Products,116,23.41,2.52,0,50
171762,"Beef, round, eye of round steak, boneless, separable lean only, trimmed to 0"" fat, all grades, raw",Beef Products,121,23.37,3.04,0,53
171763,"Beef, round, eye of round steak, boneless, separable lean only, trimmed to 0"" fat, choice, raw",Beef Products,124,23.35,3.38,0,52
171764,"Beef, round, eye of round steak, boneless, separable lean only, trimmed to 0"" fat, select, raw",Beef Products,116,23.41,2.52,0,50
171765,"Beef, loin, tenderloin roast, boneless, separable lean only, trimmed to 0"" fat, all grades, raw",Beef Products,139,21.94,5.74,0,44
171766,"Beef, loin, top loin steak, boneless, lip off, separable lean only, trimmed to 0"" fat, select, raw",Beef Products,135,23.3,4.66,0,47
171767,"Beef, loin, tenderloin steak, boneless, separable lean only, trimmed to 0"" fat, all grades, raw",Beef Products,139,21.94,5.74,0,44
171768,"Beef, loin, tenderloin steak, boneless, separable lean only, trimmed to 0"" fat, choice, raw",Beef Products,143,21.78,6.16,0,45
171769,"Beef, loin, tenderloin steak, boneless, separable lean only, trimmed to 0"" fat, select, raw",Beef Products,135,22.16,5.1,0,42
171770,"Beef, round, top round roast, boneless, separable lean only, trimmed to 0"" fat, choice, cooked, roasted",Beef Products,158,30.24,4.11,0.06,69
171771,"Beef, round, top round roast, boneless, separable lean only, trimmed to 0"" fat, select, cooked, roasted",Beef Products,150,29.81,3.37,0,67
171772,"Beef, round, eye of round steak, boneless, separable lean only, trimmed to 0"" fat, all grades, cooked, grilled",Beef Products,155,29.85,3.9,0,68
171773,"Beef, round, eye of round steak, boneless, separable lean only, trimmed to 0"" fat, choice, cooked, grilled",Beef Products,158,29.94,4.26,0,68
171774,"Beef, loin, top loin steak, boneless, lip-on, separable lean and fat, trimmed to 1/8"" fat, select, raw",Beef Products,191,21.54,11.65,0,45
171775,"Beef, loin, top loin steak, boneless, lip-on, separable lean and fat, trimmed to 1/8"" fat, all grades, raw",Beef Products,199,21.29,12.68,0,44
171776,"Beef, composite of trimmed retail cuts, separable lean only, trimmed to 0"" fat, select, raw",Beef Products,133,22.03,4.99,0,63
171777,"Beef, composite of trimmed retail cuts, separable lean and fat, trimmed to 0"" fat, select, raw",Beef Products,157,21.2,8,0,61
171778,"Beef, composite of trimmed retail cuts, separable lean only, trimmed to 1/8"" fat, select, cooked",Beef Products,167,27.51,6.37,0,51
171779,"Beef, composite of trimmed retail cuts, separable lean only, trimmed to 1/8"" fat, select, raw",Beef Products,130,22.37,4.55,0,58
171780,"Beef, chuck, clod roast, separable lean only, trimmed to 1/4"" fat, all grades, cooked, roasted",Beef Products,173,26.36,6.75,0,71
171781,"Beef, shoulder steak, boneless, separable lean only, trimmed to 0"" fat, all grades, cooked, grilled",Beef Products,175,28.6,5.82,0,68
171782,"Beef, chuck, clod steak, separable lean only, trimmed to 1/4"" fat, all grades, cooked, braised",Beef Products,189,29.34,7.04,0,60
171783,"Beef, chuck, mock tender steak, separable lean and fat, trimmed to 0"" fat, USDA choice, cooked, broiled",Beef Products,161,25.73,5.72,0,73
171784,"Beef, chuck, clod roast, separable lean and fat, trimmed to 0"" fat, select, cooked, roasted",Beef Products,196,27.3,8.76,0,72
171785,"Beef, shoulder steak, boneless, separable lean and fat, trimmed to 0"" fat, choice, cooked, grilled",Beef Products,186,28.22,7.25,0,67
171786,"Beef, shoulder steak, boneless, separable lean and fat, trimmed to 0"" fat, select, cooked, grilled",Beef Products,177,28.41,6.14,0,67
171787,"Beef, plate, inside skirt steak, separable lean and fat, trimmed to 0"" fat, all grades, cooked, broiled",Beef Products,220,26.13,12.05,0,75
171788,"Beef, plate, outside skirt steak, separable lean and fat, trimmed to 0"" fat, all grades, cooked, broiled",Beef Products,255,23.51,17.13,0,92
171789,"Beef, shoulder steak, boneless, separable lean and fat, trimmed to 0"" fat, all grades, cooked, grilled",Beef Products,182,28.29,6.8,0,67
171790,"Beef, ground, 95% lean meat / 5% fat, raw",Beef Products,137,21.41,5,0,66
171791,"Beef, ground, 95% lean meat / 5% fat, patty, cooked, broiled",Beef Products,174,26.29,6.8,0,65
171792,"Beef, ground, 95% lean meat / 5% fat, patty, cooked, pan-broiled",Beef Products,164,25.8,5.94,0,71
171793,"Beef, ground, 90% lean meat / 10% fat, patty, cooked, pan-broiled",Beef Products,204,25.21,10.68,0,75
171794,"Beef, ground, 90% lean meat / 10% fat, crumbles, cooked, pan-browned",Beef Products,230,28.45,12.04,0,87
171795,"Beef, ground, 90% lean meat / 10% fat, loaf, cooked, baked",Beef Products,214,26.62,11.1,0,61
171796,"Beef, ground, 85% lean meat / 15% fat, raw (Includes foods for USDA's Food Distribution Program)",Beef Products,215,18.59,15,0,66
171797,"Beef, ground, 80% lean meat / 20% fat, patty, cooked, broiled",Beef Products,270,25.75,17.78,0,75
171798,"Beef, ground, 80% lean meat / 20% fat, patty, cooked, pan-broiled",Beef Products,246,24.04,15.94,0,83
171799,"Beef, ground, 80% lean meat / 20% fat, crumbles, cooked, pan-browned",Beef Products,272,27,17.36,0,91
171800,"Beef, ground, 80% lean meat / 20% fat, loaf, cooked, baked",Beef Products,254,25.25,16.17,0,67
171801,"Beef, ground, 75% lean meat / 25% fat, loaf, cooked, baked",Beef Products,254,24.56,16.5,0,70
171802,"Beef, rib, small end (ribs 10-12), separable lean only, trimmed to 1/8"" fat, select, raw",Beef Products,134,22.53,4.2,0,55
171803,"Beef, tenderloin, steak, separable lean only, trimmed to 1/8"" fat, select, raw",Beef Products,148,22.06,5.93,0,55
171804,"Beef, top sirloin, steak, separable lean only, trimmed to 1/8"" fat, select, raw",Beef Products,127,22.27,3.54,0,56
171805,"Beef, short loin, top loin, steak, separable lean only, trimmed to 1/8"" fat, select, cooked, grilled",Beef Products,177,29.44,5.73,0,62
171806,"Beef, round, bottom round , roast, separable lean only, trimmed to 1/8"" fat, select, cooked, roasted",Beef Products,164,28.45,4.67,0,38
171807,"Beef, round, eye of round, roast, separable lean only, trimmed to 1/8"" fat, select, cooked, roasted",Beef Products,163,29.59,4.11,0,39
171808,"Beef, round, top round, steak, separable lean only, trimmed to 1/8"" fat, select, cooked, broiled",Beef Products,177,31.61,4.65,0,43
171809,"Beef, round, eye of round, roast, separable lean only, trimmed to 1/8"" fat, all grades, cooked, roasted",Beef Products,169,29.73,4.71,0,38
171810,"Beef, rib, small end (ribs 10-12), separable lean only, trimmed to 1/8"" fat, all grades, raw",Beef Products,141,22.33,5.04,0,56
171811,"Beef, tenderloin, steak, separable lean only, trimmed to 1/8"" fat, all grades, cooked, broiled",Beef Products,200,29.04,8.39,0,60
171812,"Beef, tenderloin, steak, separable lean only, trimmed to 1/8"" fat, all grades, raw",Beef Products,153,22.12,6.52,0,56
171813,"Beef, short loin, top loin, steak, separable lean only, trimmed to 1/8"" fat, all grades, cooked, broiled",Beef Products,189,29.3,7.09,0,61
171814,"Beef, short loin, top loin steak, separable lean only, trimmed to 1/8"" fat, all grades, raw",Beef Products,138,22.93,5.15,0,57
171815,"Beef, round, top round, steak, separable lean only, trimmed to 1/8"" fat, all grades, cooked, broiled",Beef Products,185,31.82,5.45,0,42
171816,"Beef, round, top round, steak, separable lean only, trimmed to 1/8"" fat, all grades, raw",Beef Products,135,22.91,4.09,0,61
171817,"Beef, chuck, arm pot roast, separable lean only, trimmed to 1/8"" fat, choice, cooked, braised",Beef Products,224,34.72,8.37,0,56
171818,"Beef, brisket, flat half, separable lean only, trimmed to 1/8"" fat, choice, cooked, braised",Beef Products,203,33.13,6.79,0,53
171819,"Beef, round, eye of round, roast, separable lean only, trimmed to 1/8"" fat, choice, raw",Beef Products,128,22.88,3.38,0,57
171820,"Beef, round, top round, steak, separable lean only, trimmed to 1/8"" fat, choice, raw",Beef Products,140,22.69,4.78,0,57
171821,"Soup, wonton, Chinese restaurant","Soups, Sauces, and Gravies",32,2.08,0.26,5.25,406
171822,"Soup, ramen noodle, dry, any flavor, reduced fat, reduced sodium","Soups, Sauces, and Gravies",350,10.89,2.5,70.95,1200
171823,"Sauce, duck, ready-to-serve","Soups, Sauces, and Gravies",245,0.36,0.13,60.66,712
171824,"Sauce, salsa, verde, ready-to-serve","Soups, Sauces, and Gravies",38,1.13,0.89,6.36,906
171825,"Sauce, steak, tomato based","Soups, Sauces, and Gravies",95,1.25,0.23,22.04,1647
171826,"Sauce, tartar, ready-to-serve","Soups, Sauces, and Gravies",211,1,16.7,13.3,667
171827,"Sauce, barbecue, SWEET BABY RAY'S, original","Soups, Sauces, and Gravies",192,0.95,0.43,46.08,765
171828,"Sauce, barbecue, BULL'S-EYE, original","Soups, Sauces, and Gravies",170,0.91,0.67,39.95,1012
171829,"Sauce, barbecue, KC MASTERPIECE, original","Soups, Sauces, and Gravies",160,1,0.52,37.92,613
171830,"Sauce, barbecue, OPEN PIT, original","Soups, Sauces, and Gravies",132,0.44,1.41,29.45,1517
171831,Wasabi,"Soups, Sauces, and Gravies",292,2.23,10.9,46.13,3390
171832,"Dip, bean, original flavor","Soups, Sauces, and Gravies",119,5.44,3.7,15.89,443
171833,"Sauce, horseradish","Soups, Sauces, and Gravies",503,1.09,50.89,10.05,730
171834,"Dip, FRITO'S, bean, original flavor","Soups, Sauces, and Gravies",119,5.44,3.7,15.89,443
171835,"Cookie, vanilla with caramel, coconut, and chocolate coating",Baked Products,489,3.5,25.8,64.1,182
171836,"Cookie, with peanut butter filling, chocolate-coated",Baked Products,562,8.1,35.3,52.9,371
171837,"Cookies, animal, with frosting or icing",Baked Products,509,3,24.1,70.09,257
171838,"Crackers, multigrain",Baked Products,482,7.1,20.4,67.6,883
171839,"Cake, snack cakes, not chocolate, with icing or filling, low-fat, with added fiber",Baked Products,412,3.71,11.14,74.3,316
171840,"Cookies, brownies, commercially prepared, reduced fat, with added fiber",Baked Products,345,2.77,9.68,61.58,290
171841,"Cookies, chocolate sandwich, with creme filling, reduced fat",Baked Products,436,2.94,13.24,76.17,471
171842,"Cookies, oatmeal sandwich, with creme filling",Baked Products,398,2.61,18.29,55.62,500
171843,"Cookies, peanut butter, commercially prepared, sugar free",Baked Products,523,10.34,31.03,50.52,448
171844,"Bread, chapati or roti, plain, commercially prepared",Baked Products,297,11.25,7.45,46.36,409
171845,"Bread, naan, plain, commercially prepared, refrigerated",Baked Products,291,9.62,5.65,50.43,465
171846,"Crackers, standard snack-type, with whole wheat",Baked Products,463,7.29,17.84,68.37,748
171847,"Cookies, coconut macaroon",Baked Products,460,3.02,22.55,61.22,241
171848,"Crackers, sandwich-type, peanut butter filled, reduced fat",Baked Products,437,8.33,16.67,63.49,639
171849,"Bread, cinnamon",Baked Products,253,7.05,5.29,44.38,388
171850,"Bread, wheat, sprouted",Baked Products,188,13.16,0,33.88,474
171851,"Bread, wheat, sprouted, toasted",Baked Products,205,14.3,0,36.82,515
171852,"Bagels, multigrain",Baked Products,241,9.9,1.24,47.47,359
171853,"Pancakes, whole wheat, dry mix, incomplete",Baked Products,350,10.53,1.32,74.11,1632
171854,"Crackers, toast thins, low sodium",Baked Products,442,6.45,16.13,67.66,177
171855,"Crackers, whole grain, sandwich-type, with peanut butter filling",Baked Products,465,14.12,21.18,54.59,635
171856,"Crackers, water biscuits",Baked Products,384,7.14,7.14,72.81,571
171857,"Cookies, gluten-free, chocolate sandwich, with creme filling",Baked Products,474,2.19,17.89,76.03,275
171858,"Cookies, gluten-free, chocolate wafer",Baked Products,541,4.06,30.42,62.82,122
171859,"Cookies, gluten-free, lemon wafer",Baked Products,515,0,24.18,74.39,111
171860,"Cookies, gluten-free, vanilla sandwich, with creme filling",Baked Products,493,2.66,20.47,74.61,201
171861,"Rolls, gluten-free, white, made with brown rice flour, tapioca starch, and potato starch",Baked Products,310,7.99,6.4,55.1,707
171862,"Rolls, gluten-free, white, made with rice flour, rice starch, and corn starch",Baked Products,239,3.34,2.65,50.47,593
171863,"Rolls, gluten-free, white, made with brown rice flour, tapioca starch, and sorghum flour",Baked Products,257,5.65,8.2,40.24,544
171864,"Rolls, gluten-free, whole grain, made with tapioca starch and brown rice flour",Baked Products,329,11.8,11.6,44.29,507
171865,"Cookies, oatmeal, reduced fat",Baked Products,365,4.02,10.04,64.62,562
171866,"Cookies, chocolate cream covered biscuit sticks",Baked Products,447,10,22.5,51.08,213
171867,"Cookies, Marie biscuit",Baked Products,406,7.05,10.58,70.54,370
171868,"Cookies, vanilla sandwich with creme filling, reduced fat",Baked Products,423,4.17,10.42,78.16,354
171869,"Beverages, carbonated, tonic water",Beverages,34,0,0,8.8,12
171870,"Beverages, Energy drink, RED BULL, sugar free, with added caffeine, niacin, pantothenic acid, vitamins B6 and B12",Beverages,5,0.25,0.08,0.7,83
171871,"Beverages, carbonated, root beer",Beverages,41,0,0,10.6,13
171873,"Beverages, chocolate drink, milk and soy based, ready to drink, fortified",Beverages,101,4.22,1.69,17.3,63
171874,"Beverages, chocolate malt powder, prepared with 1% milk, fortified",Beverages,57,3.32,0.97,8.81,60
171875,"Beverages, carbonated, limeade, high caffeine",Beverages,17,0,0.11,4.11,40
171876,"Beverages, carbonated, low calorie, cola or pepper-types, with sodium saccharin, contains caffeine",Beverages,0,0,0,0.1,16
171877,"Beverages, coffee, ready to drink, vanilla, light, milk based, sweetened",Beverages,36,2.14,1.07,4.27,34
171878,"Beverages, Lemonade fruit juice drink light, fortified with vitamin E and C",Beverages,21,0,0,5,5
171879,"Beverages, chocolate-flavor beverage mix, powder, prepared with whole milk",Beverages,85,3.23,3.24,11.96,58
171880,"Beverages, coffee, ready to drink, milk based, sweetened",Beverages,71,1.98,1.38,12.6,26
171881,"Beverages, coffee, brewed, breakfast blend",Beverages,2,0.3,0,0.17,1
171882,"Beverages, Clam and tomato juice, canned",Beverages,48,0.6,0.2,10.95,362
171883,"Beverages, tea, green, ready to drink, ginseng and honey, sweetened",Beverages,30,0,0.18,7.16,2
171884,"Beverages, The COCA-COLA company, Minute Maid, Lemonade",Beverages,46,0,0,12.08,6
171885,"Beverages, tea, green, ready-to-drink, diet",Beverages,4,0,0,0.93,6
171886,"Beverages, Cocoa mix, no sugar added, powder",Beverages,377,15.49,3,71.93,876
171887,"Cocoa mix, NESTLE, Rich Chocolate Hot Cocoa Mix",Beverages,400,3,15,75,850
171888,"Beverages, tea, black, ready-to-drink, lemon, sweetened",Beverages,45,0,0.22,10.8,3
171889,"Beverages, coffee, brewed, prepared with tap water, decaffeinated",Beverages,0,0.1,0,0,2
171890,"Beverages, coffee, brewed, prepared with tap water",Beverages,1,0.12,0.02,0,2
171891,"Beverages, coffee, brewed, espresso, restaurant-prepared",Beverages,9,0.12,0.18,1.67,14
171892,"Beverages, tea, black, ready-to-drink, lemon, diet",Beverages,1,0,0,0.22,17
171893,"Beverages, coffee, instant, regular, powder",Beverages,353,12.2,0.5,75.4,37
171894,"Beverages, coffee, instant, decaffeinated, prepared with water",Beverages,2,0.12,0,0.43,4
171895,"Beverages, OCEAN SPRAY, Cranberry-Apple Juice Drink, bottled",Beverages,56,0.29,0,13.68,19
171896,"Beverages, OCEAN SPRAY, Diet Cranberry Juice",Beverages,4,0.07,0,0.8,7
171897,"Beverages, coffee, instant, with chicory",Beverages,355,9.3,0.2,78.9,277
171898,"Beverages, KRAFT, coffee, instant, French Vanilla Cafe",Beverages,481,2.5,19.2,74.6,399
171899,"Beverages, OCEAN SPRAY, Cran Raspberry Juice Drink",Beverages,49,0.28,0,11.96,14
171900,"Beverages, OCEAN SPRAY, Cran Lemonade",Beverages,45,0.07,0,11.12,52
171901,"Beverages, OCEAN SPRAY, Diet Cran Cherry",Beverages,4,0.21,0,0.7,8
171902,"Beverages, cranberry-grape juice drink, bottled",Beverages,56,0.2,0.1,14,3
171903,"Cranberry juice cocktail, bottled",Beverages,54,0,0.1,13.52,2
171904,"Cranberry juice cocktail, bottled, low calorie, with calcium, saccharin and corn sweetener",Beverages,19,0.02,0.01,4.6,3
171905,"Beverages, Eggnog-flavor mix, powder, prepared with whole milk",Beverages,95,2.93,3.02,14.2,55
171906,"Alcoholic beverages, beer, higher alcohol",Beverages,58,0.9,0,0.27,4
171907,"Beverages, Malt liquor beverage",Beverages,40,0.35,0,0,3
171908,"Alcoholic beverages, wine, rose",Beverages,83,0.36,0,3.8,5
171909,"Beverages, OCEAN SPRAY, Cran Pomegranate",Beverages,47,0.07,0.01,12.56,12
171910,"Beverages, tea, green, brewed, decaffeinated",Beverages,0,0,0,0,0
171911,"Beverages, tea, green, ready to drink, unsweetened",Beverages,0,0,0,0,7
171912,"Beverages, citrus fruit juice drink, frozen concentrate",Beverages,162,1.2,0.1,40.2,3
171913,"Beverages, citrus fruit juice drink, frozen concentrate, prepared with water",Beverages,46,0.34,0.03,11.42,4
171914,"Beverages, fruit punch drink, without added nutrients, canned",Beverages,48,0,0,11.97,10
171915,"Beverages, Tropical Punch, ready-to-drink",Beverages,10,0,0,2.5,13
171916,"Beverages, grape drink, canned",Beverages,61,0,0,15.72,16
171917,"Beverages, tea, green, brewed, regular",Beverages,1,0.22,0,0,1
171918,"Beverages, tea, instant, lemon, with added ascorbic acid",Beverages,385,0.6,0.3,97.6,5
171919,"Alcoholic beverage, distilled, all (gin, rum, vodka, whiskey) 86 proof",Beverages,250,0,0,0.1,1
171920,"Alcoholic beverage, distilled, all (gin, rum, vodka, whiskey) 90 proof",Beverages,263,0,0,0,1
171921,"Carbonated beverage, chocolate-flavored soda",Beverages,42,0,0,10.7,4
171922,"Beverages, water, bottled, non-carbonated, EVIAN",Beverages,0,0,0,0,0
171923,"Beverages, Powerade Zero Ion4, calorie-free, assorted flavors",Beverages,0,0,0,0,42
171924,"Beverages, WENDY'S, tea, ready-to-drink, unsweetened",Beverages,1,0.22,0,0,3
171925,"Alcoholic Beverage, wine, table, red, Merlot",Beverages,83,0.07,0,2.51,4
171926,"Water, non-carbonated, bottles, natural fruit flavors, sweetened with low calorie sweetener",Beverages,1,0,0,0.13,14
171927,"Beverages, V8 SPLASH Juice Drinks, Diet Tropical Blend",Beverages,4,0,0,1.26,15
171928,"Beverages, V8 SPLASH Juice Drinks, Berry Blend",Beverages,29,0,0,7.41,21
171929,"Beverages, V8 SPLASH Juice Drinks, Fruit Medley",Beverages,33,0,0,7.82,21
171930,"Beverages, V8 SPLASH Juice Drinks, Guava Passion Fruit",Beverages,33,0,0,7.82,14
171931,"Beverages, V8 SPLASH Juice Drinks, Strawberry Kiwi",Beverages,29,0,0,7.41,21
171932,"Beverages, V8 SPLASH Juice Drinks, Tropical Blend",Beverages,29,0,0,7.41,21
171933,"Beverages, V8 V-FUSION Juices, Peach Mango",Beverages,49,0.41,0,11.38,28
171934,"Beverages, V8 V-FUSION Juices, Strawberry Banana",Beverages,49,0.41,0,11.79,28
171935,"Beverages, Energy Drink, Monster, fortified with vitamins C, B2, B3, B6, B12",Beverages,47,0.47,0,11.28,77
171936,"Beverages, Energy drink, AMP, sugar free",Beverages,2,0,0,1.03,31
171937,"Beverages, Energy drink, ROCKSTAR",Beverages,58,0.34,0.22,12.7,16
171938,"Beverages, Energy drink, ROCKSTAR, sugar free",Beverages,4,0.25,0.08,0.7,52
171939,"Beverages, Meal supplement drink, canned, peanut flavor",Beverages,101,3.5,3.07,14.74,54
171940,"Water, with corn syrup and/or sugar and low calorie sweetener, fruit flavored",Beverages,18,0,0,4.5,8
171941,"Beverages, Horchata, as served in restaurant",Beverages,54,0.48,0.71,11.52,14
171942,"Beverages, rice milk, unsweetened",Beverages,47,0.28,0.97,9.17,39
171943,"Beverages, Energy drink, VAULT, citrus flavor",Beverages,49,0,0,12.99,12
171944,"Beverages, Fruit flavored drink, reduced sugar, greater than 3% fruit juice, high vitamin C, added calcium",Beverages,29,0,0.37,6.67,25
171945,"Beverages, fruit juice drink, greater than 3% fruit juice, high vitamin C and added thiamin",Beverages,54,0.13,0,13.16,61
171946,"Beverages, tea, hibiscus, brewed",Beverages,0,0,0,0,4
171947,"Beverages, fruit juice drink, greater than 3% juice, high vitamin C",Beverages,46,0.13,0.11,11.35,8
171948,"Fish, bass, striped, raw",Finfish and Shellfish Products,97,17.73,2.33,0,69
171949,"Fish, bluefish, raw",Finfish and Shellfish Products,124,20.04,4.24,0,60
171950,"Fish, burbot, raw",Finfish and Shellfish Products,90,19.31,0.81,0,97
171951,"Fish, butterfish, raw",Finfish and Shellfish Products,146,17.28,8.02,0,89
171952,"Fish, carp, raw",Finfish and Shellfish Products,127,17.83,5.6,0,49
171953,"Fish, cisco, raw",Finfish and Shellfish Products,98,18.99,1.91,0,55
171954,"Fish, cisco, smoked",Finfish and Shellfish Products,177,16.36,11.9,0,481
171955,"Fish, cod, Atlantic, raw",Finfish and Shellfish Products,82,17.81,0.67,0,54
171956,"Fish, cod, Atlantic, cooked, dry heat",Finfish and Shellfish Products,105,22.83,0.86,0,78
171957,"Fish, croaker, Atlantic, cooked, breaded and fried",Finfish and Shellfish Products,221,18.2,12.67,7.54,348
171958,"Fish, cusk, raw",Finfish and Shellfish Products,87,18.99,0.69,0,31
171959,"Fish, mahimahi, raw",Finfish and Shellfish Products,85,18.5,0.7,0,88
171960,"Fish, drum, freshwater, raw",Finfish and Shellfish Products,119,17.54,4.93,0,75
171961,"Fish, gefiltefish, commercial, sweet recipe",Finfish and Shellfish Products,84,9.07,1.73,7.41,524
171962,"Fish, grouper, mixed species, raw",Finfish and Shellfish Products,92,19.38,1.02,0,53
171963,"Fish, grouper, mixed species, cooked, dry heat",Finfish and Shellfish Products,118,24.84,1.3,0,53
171964,"Fish, haddock, raw",Finfish and Shellfish Products,74,16.32,0.45,0,213
171965,"Fish, halibut, Greenland, raw",Finfish and Shellfish Products,186,14.37,13.84,0,80
171966,"Crustaceans, crab, blue, canned",Finfish and Shellfish Products,83,17.88,0.74,0,563
171967,"Crustaceans, crab, blue, crab cakes, home recipe",Finfish and Shellfish Products,155,20.21,7.52,0.48,330
171968,"Crustaceans, crab, dungeness, raw",Finfish and Shellfish Products,86,17.41,0.97,0.74,295
171969,"Crustaceans, crab, queen, raw",Finfish and Shellfish Products,90,18.5,1.18,0,539
171970,"Crustaceans, shrimp, mixed species, cooked, breaded and fried",Finfish and Shellfish Products,242,21.39,12.28,11.47,344
171971,"Crustaceans, shrimp, mixed species, cooked, moist heat (may contain additives to retain moisture)",Finfish and Shellfish Products,119,22.78,1.7,1.52,947
171972,"Crustaceans, shrimp, mixed species, canned",Finfish and Shellfish Products,100,20.42,1.36,0,870
171973,"Crustaceans, shrimp, mixed species, imitation, made from surimi",Finfish and Shellfish Products,101,12.39,1.47,9.13,705
171974,"Mollusks, clam, mixed species, cooked, breaded and fried",Finfish and Shellfish Products,202,14.24,11.15,10.33,364
171975,"Mollusks, clam, mixed species, cooked, moist heat",Finfish and Shellfish Products,148,25.55,1.95,5.13,1202
171976,"Mollusks, clam, mixed species, canned, drained solids",Finfish and Shellfish Products,142,24.25,1.59,5.9,112
171977,"Mollusks, clam, mixed species, canned, liquid",Finfish and Shellfish Products,2,0.4,0.02,0.1,215
171978,"Mollusks, oyster, eastern, wild, raw",Finfish and Shellfish Products,51,5.71,1.71,2.72,85
171979,"Mollusks, oyster, eastern, cooked, breaded and fried",Finfish and Shellfish Products,199,8.77,12.58,11.62,417
171980,"Mollusks, oyster, eastern, wild, cooked, moist heat",Finfish and Shellfish Products,102,11.42,3.42,5.45,166
171981,"Mollusks, oyster, eastern, canned",Finfish and Shellfish Products,68,7.06,2.47,3.91,112
171982,"Mollusks, squid, mixed species, cooked, fried",Finfish and Shellfish Products,175,17.94,7.48,7.79,306
171983,"Mollusks, whelk, unspecified, raw",Finfish and Shellfish Products,137,23.84,0.4,7.76,206
171984,"Mollusks, whelk, unspecified, cooked, moist heat",Finfish and Shellfish Products,275,47.68,0.8,15.52,412
171985,"Fish, salmon, chinook, smoked, (lox), regular",Finfish and Shellfish Products,117,18.28,4.32,0,2000
171986,"Fish, tuna, light, canned in water, without salt, drained solids",Finfish and Shellfish Products,116,25.51,0.82,0,50
171987,"Fish, tuna, white, canned in oil, without salt, drained solids",Finfish and Shellfish Products,186,26.53,8.08,0,50
171988,"Fish, tuna, white, canned in water, without salt, drained solids",Finfish and Shellfish Products,128,23.62,2.97,0,50
171989,"Fish, bass, freshwater, mixed species, cooked, dry heat",Finfish and Shellfish Products,146,24.18,4.73,0,90
171990,"Fish, cod, Pacific, cooked, dry heat (may contain additives to retain moisture)",Finfish and Shellfish Products,85,18.73,0.5,0,372
171991,"Fish, cusk, cooked, dry heat",Finfish and Shellfish Products,112,24.35,0.88,0,40
171992,"Fish, mahimahi, cooked, dry heat",Finfish and Shellfish Products,109,23.72,0.9,0,113
171993,"Fish, drum, freshwater, cooked, dry heat",Finfish and Shellfish Products,153,22.49,6.32,0,96
171994,"Fish, mackerel, Pacific and jack, mixed species, cooked, dry heat",Finfish and Shellfish Products,201,25.73,10.12,0,110
171995,"Fish, milkfish, cooked, dry heat",Finfish and Shellfish Products,190,26.32,8.63,0,92
171996,"Fish, monkfish, cooked, dry heat",Finfish and Shellfish Products,97,18.56,1.95,0,23
171997,"Fish, pike, walleye, cooked, dry heat",Finfish and Shellfish Products,119,24.54,1.56,0,65
171998,"Fish, salmon, Atlantic, wild, cooked, dry heat",Finfish and Shellfish Products,182,25.44,8.13,0,56
171999,"Fish, salmon, chinook, cooked, dry heat",Finfish and Shellfish Products,231,25.72,13.38,0,60
172000,"Fish, salmon, chum, cooked, dry heat",Finfish and Shellfish Products,154,25.82,4.83,0,64
172001,"Fish, salmon, pink, cooked, dry heat",Finfish and Shellfish Products,153,24.58,5.28,0,90
172002,"Fish, sucker, white, cooked, dry heat",Finfish and Shellfish Products,119,21.49,2.97,0,51
172003,"Fish, sunfish, pumpkin seed, cooked, dry heat",Finfish and Shellfish Products,114,24.87,0.9,0,103
172004,"Fish, trout, mixed species, cooked, dry heat",Finfish and Shellfish Products,190,26.63,8.47,0,67
172005,"Fish, tuna, skipjack, fresh, cooked, dry heat",Finfish and Shellfish Products,132,28.21,1.29,0,47
172006,"Fish, tuna, yellowfin, fresh, cooked, dry heat",Finfish and Shellfish Products,130,29.15,0.59,0,54
172007,"Crustaceans, crab, dungeness, cooked, moist heat",Finfish and Shellfish Products,110,22.32,1.24,0.95,378
172008,"Crustaceans, crab, queen, cooked, moist heat",Finfish and Shellfish Products,115,23.72,1.51,0,691
172009,"Crustaceans, spiny lobster, mixed species, cooked, moist heat",Finfish and Shellfish Products,143,26.41,1.94,3.12,227
172010,"Mollusks, cuttlefish, mixed species, cooked, moist heat",Finfish and Shellfish Products,158,32.48,1.4,1.64,744
172011,"Beerwurst, beer salami, pork and beef",Sausages and Luncheon Meats,277,14,22.53,3.76,881
172012,"Bologna, beef",Sausages and Luncheon Meats,299,10.91,26.13,4.29,1013
172013,"Bologna, beef and pork",Sausages and Luncheon Meats,308,15.2,24.59,5.49,960
172014,"Pasta, cooked, unenriched, with added salt",Cereal Grains and Pasta,157,5.8,0.93,30.59,131
172015,"Cornmeal, degermed, unenriched, white",Cereal Grains and Pasta,370,7.11,1.75,79.45,7
172016,"Wheat flour, white (industrial), 9% protein, bleached, enriched",Cereal Grains and Pasta,367,8.89,1.43,77.32,2
172017,"Wheat flour, white (industrial), 9% protein, bleached, unenriched",Cereal Grains and Pasta,367,8.89,1.43,77.32,2
172018,"Wheat flour, white (industrial), 10% protein, bleached, enriched",Cereal Grains and Pasta,366,9.71,1.48,76.22,2
172019,"Wheat flour, white (industrial), 10% protein, bleached, unenriched",Cereal Grains and Pasta,366,9.71,1.48,76.22,2
172020,"Wheat flour, white (industrial), 13% protein, bleached, unenriched",Cereal Grains and Pasta,362,13.07,1.38,72.2,2
172021,"Wheat flour, white (industrial), 15% protein, bleached, enriched",Cereal Grains and Pasta,362,15.33,1.41,69.88,2
172022,"Wheat flour, white (industrial), 15% protein, bleached, unenriched",Cereal Grains and Pasta,362,15.33,1.41,69.88,2
172023,Millet flour,Cereal Grains and Pasta,382,10.75,4.25,75.12,4
172024,"Pasta, whole grain, 51% whole wheat, remaining enriched semolina, cooked (Includes foods for USDA's Food Distribution Program)",Cereal Grains and Pasta,156,5.67,1.48,30.87,4
172025,"Pasta, whole grain, 51% whole wheat, remaining enriched semolina, dry (Includes foods for USDA's Food Distribution Program)",Cereal Grains and Pasta,361,13.2,2.55,73.3,12
172026,"Pasta, gluten-free, brown rice flour, cooked, TINKYADA",Cereal Grains and Pasta,138,3.46,1.67,32.2,4
172027,"Pasta, gluten-free, corn flour and quinoa flour, cooked, ANCIENT HARVEST",Cereal Grains and Pasta,152,3.23,2.07,31.11,4
172115,"Beef, short loin, porterhouse steak, separable lean and fat, trimmed to 1/8"" fat, all grades, cooked, grilled",Beef Products,276,25.4,18.57,0,64
172116,"Beef, short loin, porterhouse steak, separable lean and fat, trimmed to 1/8"" fat, select, raw",Beef Products,208,20.69,13.27,0,42
172117,"Beef, short loin, porterhouse steak, separable lean and fat, trimmed to 1/8"" fat, select, cooked, grilled",Beef Products,263,26.21,16.75,0,63
172118,"Beef, short loin, t-bone steak, separable lean and fat, trimmed to 1/8"" fat, all grades, raw",Beef Products,223,20.11,15.18,0,40
172119,"Beef, round, knuckle, tip side, steak, separable lean and fat, trimmed to 0"" fat, choice, cooked, grilled",Beef Products,174,28.79,5.71,0,55
172120,"Beef, round, knuckle, tip side, steak, separable lean and fat , trimmed to 0"" fat, select, raw",Beef Products,123,21.96,3.24,0,57
172121,"Beef, round, knuckle, tip side, steak, separable lean and fat, trimmed to 0"" fat, select, cooked, grilled",Beef Products,160,29.24,3.91,0,52
172122,"Beef, chuck, shoulder clod, shoulder tender, medallion, separable lean and fat, trimmed to 0"" fat, choice, raw",Beef Products,145,20.51,6.36,0,59
172123,"Beef, chuck, shoulder clod, shoulder top and center steaks, separable lean and fat, trimmed to 0"" fat, select, raw",Beef Products,140,21.13,5.51,0,58
172124,"Beef, chuck, shoulder clod, shoulder top and center steaks, separable lean and fat, trimmed to 0"" fat, select, cooked, grilled",Beef Products,176,26.66,6.94,0,62
172125,"Beef, chuck, shoulder clod, top blade, steak, separable lean and fat, trimmed to 0"" fat, choice, raw",Beef Products,182,18.75,11.33,0,74
172126,"Beef, chuck, shoulder clod, top blade, steak, separable lean and fat, trimmed to 0"" fat, choice, cooked, grilled",Beef Products,228,24.7,13.59,0,78
172127,"Beef, round, knuckle, tip center, steak, separable lean and fat, trimmed to 0"" fat, select, cooked, grilled",Beef Products,162,26.61,5.32,0,53
172128,"Beef, round, outside round, bottom round, steak, separable lean and fat, trimmed to 0"" fat, choice, raw",Beef Products,150,21.24,6.59,0,63
172129,"Beef, round, outside round, bottom round, steak, separable lean and fat, trimmed to 0"" fat, choice, cooked, grilled",Beef Products,191,27.22,8.3,0,57
172130,"Beef, round, outside round, bottom round, steak, separable lean and fat, trimmed to 0"" fat, select, raw",Beef Products,129,22.15,3.83,0,62
172131,"Beef, round, knuckle, tip side, steak, separable lean and fat, trimmed to 0"" fat, all grades, cooked, grilled",Beef Products,168,29.08,4.84,0,54
172132,"Beef, chuck, shoulder clod, shoulder top and center steaks, separable lean and fat, trimmed to 0"" fat, all grades, raw",Beef Products,141,20.67,5.88,0,60
172133,"Beef, chuck, shoulder clod, shoulder top and center steaks, separable lean and fat, trimmed to 0"" fat, all grades, cooked, grilled",Beef Products,182,26.3,7.66,0.12,60
172134,"Beef, chuck, shoulder clod, top blade, steak, separable lean and fat, trimmed to 0"" fat, all grades, raw",Beef Products,176,18.99,10.52,0,74
172135,"Beef, round, outside round, bottom round, steak, separable lean and fat, trimmed to 0"" fat, all grades, cooked, grilled",Beef Products,182,27.52,7.1,0,58
172136,"Beef, chuck, shoulder clod, shoulder tender, medallion, separable lean and fat, trimmed to 0"" fat, select, cooked, grilled",Beef Products,172,26.45,6.43,0.33,58
172137,"Beef, plate steak, boneless, inside skirt, separable lean only, trimmed to 0"" fat, choice, raw",Beef Products,171,20.89,9.76,0,67
172138,"Beef, plate steak, boneless, inside skirt, separable lean only, trimmed to 0"" fat, select, cooked, grilled",Beef Products,223,30.64,11.16,0,62
172139,"Beef, plate steak, boneless, inside skirt, separable lean only, trimmed to 0"" fat, select, raw",Beef Products,153,21.61,7.41,0,66
172140,"Beef, plate steak, boneless, outside skirt, separable lean only, trimmed to 0"" fat, all grades, cooked, grilled",Beef Products,282,27.68,19.01,0,71
172141,"Beef, plate steak, boneless, outside skirt, separable lean only, trimmed to 0"" fat, select, raw",Beef Products,198,19.14,13.44,0.23,65
172142,"Beef, rib eye steak, boneless, lip off, separable lean only, trimmed to 0"" fat, all grades, cooked, grilled",Beef Products,206,28.11,10.37,0,59
172143,"Beef, rib eye steak, boneless, lip off, separable lean only, trimmed to 0"" fat, all grades, raw",Beef Products,154,21.85,7.41,0,56
172144,"Beef, rib eye steak, boneless, lip off, separable lean only, trimmed to 0"" fat, choice, cooked, grilled",Beef Products,215,27.39,11.75,0,60
172145,"Beef, rib, back ribs, bone-in, separable lean only, trimmed to 0"" fat, all grades, raw",Beef Products,239,19.11,17.91,0.46,60
172146,"Beef, rib, back ribs, bone-in, separable lean only, trimmed to 0"" fat, choice, cooked, braised",Beef Products,306,27.75,21.72,0,68
172147,"Beef, rib, back ribs, bone-in, separable lean only, trimmed to 0"" fat, choice, raw",Beef Products,252,18.72,19.36,0.64,61
172148,"Beef, rib, back ribs, bone-in, separable lean only, trimmed to 0"" fat, select, cooked, braised",Beef Products,287,29.28,18.84,0,68
172149,"Beef, rib eye roast, bone-in, lip-on, separable lean and fat, trimmed to 1/8"" fat, select, cooked, roasted",Beef Products,290,23.36,21.85,0,64
172150,"Beef, rib eye roast, bone-in, lip-on, separable lean and fat, trimmed to 1/8"" fat, all grades, cooked, roasted",Beef Products,300,23.47,22.91,0,63
172151,"Beef, rib eye steak/roast, bone-in, lip-on, separable lean and fat, trimmed to 1/8"" fat, all grades, raw",Beef Products,255,18.13,20.31,0,56
172152,"Beef, rib eye steak/roast, bone-in, lip-on, separable lean and fat, trimmed to 1/8"" fat, choice, raw",Beef Products,260,17.92,20.96,0,57
172153,"Beef, rib eye roast, boneless, lip-on, separable lean and fat, trimmed to 1/8"" fat, all grades, cooked, roasted",Beef Products,292,24.3,21.66,0,52
172154,"Beef, rib eye roast, boneless, lip-on, separable lean and fat, trimmed to 1/8"" fat, choice, cooked, roasted",Beef Products,303,23.92,22.98,0,51
172155,"Beef, rib eye roast, boneless, lip-on, separable lean and fat, trimmed to 1/8"" fat, select, cooked, roasted",Beef Products,277,24.85,19.68,0,54
172156,"Beef, rib eye steak/roast, boneless, lip-on, separable lean and fat, trimmed to 1/8"" fat, all grades, raw",Beef Products,244,18.85,18.73,0,50
172157,"Beef, plate steak, boneless, inside skirt, separable lean and fat, trimmed to 0"" fat, select, cooked, grilled",Beef Products,233,30.06,12.54,0,61
172158,"Beef, plate steak, boneless, inside skirt, separable lean and fat, trimmed to 0"" fat, all grades, raw",Beef Products,187,20.38,11.71,0,64
172159,"Beef, plate steak, boneless, inside skirt, separable lean and fat, trimmed to 0"" fat, choice, raw",Beef Products,195,20.06,12.78,0,65
172160,"Beef, plate steak, boneless, inside skirt, separable lean and fat, trimmed to 0"" fat, select, raw",Beef Products,174,20.87,10.11,0,65
172161,"Beef, ground, unspecified fat content, cooked",Beef Products,240,25.07,14.53,0.62,85
172162,"Beef, plate steak, boneless, outside skirt, separable lean and fat, trimmed to 0"" fat, choice, raw",Beef Products,238,17.69,18.44,0.35,65
172163,"Beef, plate steak, boneless, outside skirt, separable lean and fat, trimmed to 0"" fat, select, raw",Beef Products,222,18.43,16.31,0.36,63
172164,"Beef, rib eye steak, boneless, lip off, separable lean and fat, trimmed to 0"" fat, all grades, cooked, grilled",Beef Products,271,24.85,19.02,0,58
172165,"Beef, rib eye steak, boneless, lip off, separable lean and fat, trimmed to 0"" fat, choice, cooked, grilled",Beef Products,285,23.89,21.1,0,58
172166,"Beef, rib, back ribs, bone-in, separable lean and fat, trimmed to 0"" fat, all grades, cooked, braised",Beef Products,360,24.23,29.21,0,63
172167,"Beef, rib, back ribs, bone-in, separable lean and fat, trimmed to 0"" fat, choice, cooked, braised",Beef Products,372,23.34,30.95,0,61
172168,"Beef, rib, back ribs, bone-in, separable lean and fat, trimmed to 0"" fat, select, cooked, braised",Beef Products,341,25.56,26.59,0,64
172169,"Beef, rib, back ribs, bone-in, separable lean and fat, trimmed to 0"" fat, all grades, raw",Beef Products,324,16.15,28.42,0.78,53
172170,"Beef, loin, top sirloin cap steak, boneless, separable lean only, trimmed to 1/8"" fat, all grades, cooked, grilled",Beef Products,181,28.26,7.23,0.73,62
172171,"Beef, loin, top sirloin cap steak, boneless, separable lean only, trimmed to 1/8"" fat, choice, cooked, grilled",Beef Products,189,28.19,7.96,1.07,62
172172,"Beef, loin, top sirloin cap steak, boneless, separable lean only, trimmed to 1/8"" fat, select, cooked, grilled",Beef Products,170,28.36,6.14,0.22,63
172173,"Beef, loin, top sirloin cap steak, boneless, separable lean only, trimmed to 1/8"" fat, all grades, raw",Beef Products,134,21.38,5.36,0,55
172174,"Beef, loin, top sirloin cap steak, boneless, separable lean only, trimmed to 1/8"" fat, choice, raw",Beef Products,138,21.34,5.82,0,60
172175,"Cheese, blue",Dairy and Egg Products,353,21.4,28.74,2.34,1146
172176,"Cheese, brick",Dairy and Egg Products,371,23.24,29.68,2.79,560
172177,"Cheese, brie",Dairy and Egg Products,334,20.75,27.68,0.45,629
172178,"Cheese, camembert",Dairy and Egg Products,300,19.8,24.26,0.46,842
172179,"Cheese, cottage, creamed, large or small curd",Dairy and Egg Products,98,11.12,4.3,3.38,315
172180,"Cheese, cottage, creamed, with fruit",Dairy and Egg Products,97,10.69,3.85,4.61,344
172181,"Cheese, cottage, nonfat, uncreamed, dry, large or small curd",Dairy and Egg Products,72,10.34,0.29,6.66,372
172182,"Cheese, cottage, lowfat, 2% milkfat",Dairy and Egg Products,81,10.45,2.27,4.76,308
172183,"Egg, white, raw, fresh",Dairy and Egg Products,52,10.9,0.17,0.73,166
172184,"Egg, yolk, raw, fresh",Dairy and Egg Products,322,15.86,26.54,3.59,48
172185,"Egg, whole, cooked, omelet",Dairy and Egg Products,154,10.57,11.66,0.64,155
172186,"Egg, whole, cooked, poached",Dairy and Egg Products,143,12.51,9.47,0.71,297
172187,"Egg, whole, cooked, scrambled",Dairy and Egg Products,149,9.99,10.98,1.61,145
172188,"Egg, whole, dried",Dairy and Egg Products,592,48.05,43.9,1.13,476
172189,"Egg, duck, whole, fresh, raw",Dairy and Egg Products,185,12.81,13.77,1.45,146
172190,"Egg, goose, whole, fresh, raw",Dairy and Egg Products,185,13.87,13.27,1.35,138
172191,"Egg, quail, whole, fresh, raw",Dairy and Egg Products,158,13.05,11.09,0.41,141
172192,"Egg, turkey, whole, fresh, raw",Dairy and Egg Products,171,13.68,11.88,1.15,151
172193,"Milk, reduced fat, fluid, 2% milkfat, with added nonfat milk solids, without added vitamin A",Dairy and Egg Products,56,3.95,1.98,5.49,59
172194,"Milk, canned, evaporated, with added vitamin A",Dairy and Egg Products,134,6.81,7.56,10.04,106
172195,"Milk, dry, nonfat, regular, with added vitamin A and vitamin D",Dairy and Egg Products,362,36.16,0.77,51.98,535
172196,"Milk, dry, nonfat, instant, without added vitamin A and vitamin D",Dairy and Egg Products,358,35.1,0.72,52.19,549
172197,"Cheese, goat, hard type",Dairy and Egg Products,452,30.52,35.59,2.17,423
172198,"Cheese substitute, mozzarella",Dairy and Egg Products,248,11.47,12.22,23.67,685
172199,"Yogurt, Greek, 2% fat, mango, CHOBANI",Dairy and Egg Products,93,7.64,1.69,11.84,30
172200,"Cheese sauce, prepared from recipe",Dairy and Egg Products,197,10.33,14.92,5.48,493
172201,"Cheese, mexican, queso anejo",Dairy and Egg Products,373,21.44,29.98,4.63,1131
172202,"Egg, whole, raw, frozen, pasteurized (Includes foods for USDA's Food Distribution Program)",Dairy and Egg Products,147,12.33,9.95,1.01,128
172203,"Egg, white, raw, frozen, pasteurized",Dairy and Egg Products,48,10.2,0,1.04,169
172204,"Egg, white, dried",Dairy and Egg Products,382,81.1,0,7.8,1280
172205,"Milk, reduced fat, fluid, 2% milkfat, without added vitamin A and vitamin D",Dairy and Egg Products,50,3.3,1.98,4.8,47
172206,"Parmesan cheese topping, fat free",Dairy and Egg Products,370,40,5,40,1150
172207,"Cheese, cream, fat free",Dairy and Egg Products,105,15.69,1,7.66,702
172208,"Yogurt, chocolate, nonfat milk",Dairy and Egg Products,112,3.53,0,23.53,135
172209,KRAFT CHEEZ WHIZ Pasteurized Process Cheese Sauce,Dairy and Egg Products,276,12,21,9.2,1638
172210,KRAFT BREAKSTONE'S Reduced Fat Sour Cream,Dairy and Egg Products,152,4.5,12,6.5,59
172211,KRAFT BREAKSTONE'S FREE Fat Free Sour Cream,Dairy and Egg Products,91,4.7,1.3,15.1,72
172212,"Cream, half and half, fat free",Dairy and Egg Products,59,2.6,1.4,9,100
172213,Reddi Wip Fat Free Whipped Topping,Dairy and Egg Products,149,3,5,25,72
172214,"Cream substitute, flavored, powdered",Dairy and Egg Products,482,0.68,21.47,75.42,123
172215,"Cheese, provolone, reduced fat",Dairy and Egg Products,274,24.7,17.6,3.5,615
172216,"Cheese, Mexican, blend, reduced fat",Dairy and Egg Products,282,24.69,19.4,3.41,776
172217,"Milk, whole, 3.25% milkfat, without added vitamin A and vitamin D",Dairy and Egg Products,61,3.15,3.27,4.78,43
172218,"Yogurt, fruit, lowfat, with low calorie sweetener, fortified with vitamin D",Dairy and Egg Products,105,4.86,1.41,18.6,58
172219,"Yogurt, vanilla, low fat, fortified with vitamin D",Dairy and Egg Products,85,4.93,1.25,13.8,66
172220,"Yogurt, vanilla or lemon flavor, nonfat milk, sweetened with low-calorie sweetener, fortified with vitamin D",Dairy and Egg Products,43,3.86,0.18,7.5,59
172221,"Yogurt, chocolate, nonfat milk, fortified with vitamin D",Dairy and Egg Products,112,3.53,0,23.53,135
172222,"Cheese, dry white, queso seco",Dairy and Egg Products,325,24.51,24.35,2.04,1808
172223,"Cheese, fresh, queso fresco",Dairy and Egg Products,299,18.09,23.82,2.98,751
172224,"Cheese, white, queso blanco",Dairy and Egg Products,310,20.38,24.31,2.53,704
172225,"Milk, buttermilk, fluid, whole",Dairy and Egg Products,62,3.21,3.31,4.88,105
172226,Ice cream sandwich,Dairy and Egg Products,237,4.29,8.57,37.14,129
172227,Ice cream cookie sandwich,Dairy and Egg Products,240,3.7,7.4,39.6,162
172228,"Ice cream cone, chocolate covered, with nuts, flavors other than chocolate",Dairy and Egg Products,354,5.21,21.88,34.38,94
172229,"Ice cream sandwich, made with light ice cream, vanilla",Dairy and Egg Products,186,4.29,3.04,39.64,146
172230,"Ice cream sandwich, vanilla, light, no sugar added",Dairy and Egg Products,200,5.71,2.86,42.86,164
172231,"Spices, turmeric, ground",Spices and Herbs,312,9.68,3.25,67.14,27
172232,"Basil, fresh",Spices and Herbs,23,3.15,0.64,2.65,4
172233,"Dill weed, fresh",Spices and Herbs,43,3.46,1.12,7.02,61
172234,"Mustard, prepared, yellow",Spices and Herbs,60,3.74,3.34,5.83,1104
172235,"Vanilla extract, imitation, alcohol",Spices and Herbs,237,0.05,0,2.41,4
172236,"Vanilla extract, imitation, no alcohol",Spices and Herbs,56,0.03,0,14.4,3
172237,"Vinegar, distilled",Spices and Herbs,18,0,0,0.04,2
172238,"Capers, canned",Spices and Herbs,23,2.36,0.86,4.89,2348
172239,"Spearmint, dried",Spices and Herbs,285,19.93,6.03,52.04,344
172240,"Vinegar, red wine",Spices and Herbs,19,0.04,0,0.27,8
172241,"Vinegar, balsamic",Spices and Herbs,88,0.49,0,17.03,23
172242,"Seasoning mix, dry, sazon, coriander & annatto",Spices and Herbs,0,0,0,0,17000
172243,"Seasoning mix, dry, taco, original",Spices and Herbs,322,4.5,0,58,7203
172327,"Shortening, household, lard and vegetable oil",Fats and Oils,900,0,100,0,0
172328,"Oil, sunflower, linoleic, (partially hydrogenated)",Fats and Oils,884,0,100,0,0
172329,"Shortening bread, soybean (hydrogenated) and cottonseed",Fats and Oils,884,0,100,0,0
172330,"Shortening cake mix, soybean (hydrogenated) and cottonseed (hydrogenated)",Fats and Oils,884,0,100,0,0
172331,"Shortening frying (heavy duty), palm (hydrogenated)",Fats and Oils,884,0,100,0,0
172332,Shortening household soybean (hydrogenated) and palm,Fats and Oils,884,0,100,0,0
172333,"Shortening frying (heavy duty), soybean (hydrogenated), linoleic (less than 1%)",Fats and Oils,884,0,100,0,0
172334,"Shortening, confectionery, fractionated palm",Fats and Oils,884,0,100,0,0
172335,"Oil, nutmeg butter",Fats and Oils,884,0,100,0,0
172336,"Oil, canola",Fats and Oils,884,0,100,0,0
172337,"Oil, mustard",Fats and Oils,884,0,100,0,0
172338,"Oil, sunflower, high oleic (70% and over)",Fats and Oils,884,0,100,0,0
172339,"Margarine-like, margarine-butter blend, soybean oil and butter",Fats and Oils,727,0.31,80.32,0.77,719
172340,"Fish oil, herring",Fats and Oils,902,0,100,0,0
172341,"Fish oil, menhaden",Fats and Oils,902,0,100,0,0
172342,"Fish oil, menhaden, fully hydrogenated",Fats and Oils,902,0,100,0,0
172343,"Fish oil, salmon",Fats and Oils,902,0,100,0,0
172344,"Butter, light, stick, without salt",Fats and Oils,499,3.3,55.1,0,36
172345,"Animal fat, bacon grease",Fats and Oils,897,0,99.5,0,150
172346,"Margarine, regular, 80% fat, composite, stick, with salt",Fats and Oils,717,0.16,80.71,0.7,751
172347,"Margarine, regular, 80% fat, composite, tub, with salt",Fats and Oils,713,0.22,80.17,0.75,657
172348,"Margarine-like, vegetable oil spread, 60% fat, stick, with salt",Fats and Oils,537,0.12,60.39,0.69,785
172349,"Margarine, regular, 80% fat, composite, tub, without salt",Fats and Oils,713,0.22,80.17,0.75,28
172350,"Margarine-like, vegetable oil spread, 60% fat, stick/tub/bottle, without salt",Fats and Oils,533,0.17,59.81,0.86,2
172351,"Margarine-like, vegetable oil spread, fat free, liquid, with salt",Fats and Oils,43,1.5,3,2.5,833
172352,"Margarine-like spread with yogurt, 70% fat, stick, with salt",Fats and Oils,630,0.3,70,0.5,590
172353,"Margarine-like, vegetable oil spread, fat-free, tub",Fats and Oils,44,0.1,3.04,4.34,580
172354,"Margarine-like, vegetable oil spread, 20% fat, with salt",Fats and Oils,175,0,19.5,0.4,733
172355,"Margarine-like, vegetable oil spread, 20% fat, without salt",Fats and Oils,175,0,19.5,0.4,0
172356,"Salad dressing, thousand island dressing, fat-free",Fats and Oils,132,0.55,1.45,29.27,788
172357,"Oil, industrial, mid-oleic, sunflower",Fats and Oils,884,0,100,0,0
172358,"Oil, industrial, canola with antifoaming agent, principal uses salads, woks and light frying",Fats and Oils,884,0,100,0,0
172359,"Oil, industrial, canola for salads, woks and light frying",Fats and Oils,884,0,100,0,0
172360,"Oil, industrial, canola (partially hydrogenated) oil for deep fat frying",Fats and Oils,884,0,100,0,0
172361,"Oil, industrial, soy (partially hydrogenated), multiuse for non-dairy butter flavor",Fats and Oils,884,0,100,0,0
172362,"Oil, industrial, soy ( partially hydrogenated), all purpose",Fats and Oils,884,0,100,0,0
172363,"Oil, industrial, soy (partially hydrogenated ) and soy (winterized), pourable clear fry",Fats and Oils,884,0,100,0,0
172364,"Oil, industrial, soy (partially hydrogenated)  and cottonseed, principal use as a tortilla shortening",Fats and Oils,884,0,100,0,0
172365,"Oil, industrial, coconut, confection fat, typical basis for ice cream coatings",Fats and Oils,884,0,100,0,5
172366,"Oil, industrial, palm kernel (hydrogenated) , used for whipped toppings, non-dairy",Fats and Oils,884,0,100,0,6
172367,"Oil, industrial, coconut (hydrogenated), used for whipped toppings and coffee whiteners",Fats and Oils,880,0,99.5,0,7
172368,"Oil, industrial, palm and palm kernel, filling fat (non-hydrogenated)",Fats and Oils,880,0,99.5,0,6
172369,"Margarine, industrial, soy and partially hydrogenated soy oil, use for baking, sauces and candy",Fats and Oils,714,0.18,80,0.71,886
172370,"Oil, vegetable, soybean, refined",Fats and Oils,884,0,100,0,0
172371,"Margarine-like spread, SMART BALANCE Regular Buttery Spread with flax oil",Fats and Oils,583,0.14,64.63,0.14,646
172372,"Margarine-like spread, SMART BALANCE Light Buttery Spread",Fats and Oils,337,0.02,36.41,1.98,580
172373,"Chicken, broilers or fryers, drumstick, meat and skin, raw",Poultry Products,161,18.08,9.2,0.11,106
172374,"Chicken, broilers or fryers, drumstick, meat and skin, cooked, fried, batter",Poultry Products,268,21.95,15.75,8.28,269
172375,"Chicken, broilers or fryers, drumstick, meat only, cooked, fried",Poultry Products,195,28.62,8.08,0,96
172376,"Chicken, broilers or fryers, dark meat, drumstick, meat only, cooked, roasted",Poultry Products,155,24.24,5.7,0,128
172377,"Chicken, broilers or fryers, drumstick, meat only, cooked, stewed",Poultry Products,169,27.5,5.71,0,80
172378,"Chicken, broilers or fryers, leg, meat and skin, raw",Poultry Products,214,16.37,15.95,0.17,84
172379,"Chicken, broilers or fryers, leg, meat only, cooked, fried",Poultry Products,208,28.38,9.32,0.65,96
172380,"Chicken, broilers or fryers, leg, meat only, cooked, roasted",Poultry Products,174,24.22,7.8,0,99
172381,"Chicken, broilers or fryers, leg, meat only, cooked, stewed",Poultry Products,185,26.26,8.06,0,78
172382,"Chicken, broilers or fryers, neck, meat and skin, raw",Poultry Products,297,14.07,26.24,0,64
172383,"Chicken, broilers or fryers, neck, meat only, cooked, fried",Poultry Products,229,26.87,11.88,1.77,99
172384,"Chicken, broilers or fryers, neck, meat only, cooked, simmered",Poultry Products,179,24.56,8.18,0,64
172385,"Chicken, broilers or fryers, thigh, meat and skin, raw",Poultry Products,221,16.52,16.61,0.25,81
172386,"Chicken, broilers or fryers, thigh, meat and skin, cooked, fried, batter",Poultry Products,277,21.61,16.53,9.08,288
172387,"Chicken, broilers or fryers, thigh, meat only, cooked, fried",Poultry Products,218,28.18,10.3,1.18,95
172388,"Chicken, broilers or fryers, thigh, meat only, cooked, roasted",Poultry Products,179,24.76,8.15,0,106
172389,"Chicken, broilers or fryers, thigh, meat only, cooked, stewed",Poultry Products,195,25,9.79,0,75
172390,"Chicken, broilers or fryers, wing, meat and skin, raw",Poultry Products,191,17.52,12.85,0,84
172391,"Chicken, broilers or fryers, wing, meat only, cooked, fried",Poultry Products,211,30.15,9.15,0,91
172392,"Chicken, broilers or fryers, wing, meat only, cooked, roasted",Poultry Products,203,30.46,8.13,0,92
172393,"Chicken, broilers or fryers, wing, meat only, cooked, stewed",Poultry Products,181,27.18,7.18,0,73
172394,"Chicken, roasting, meat and skin and giblets and neck, raw",Poultry Products,213,17.09,15.46,0.09,69
172395,"Chicken, roasting, meat only, cooked, roasted",Poultry Products,167,25.01,6.63,0,75
172396,"Chicken, roasting, giblets, raw",Poultry Products,127,18.14,5.04,1.14,77
172397,"Chicken, roasting, giblets, cooked, simmered",Poultry Products,165,26.77,5.22,0.86,60
172398,"Chicken, roasting, light meat, meat only, raw",Poultry Products,109,22.2,1.63,0,51
172399,"Chicken, stewing, meat and skin, and giblets and neck, cooked, stewed",Poultry Products,214,24.88,11.91,0,67
172400,"Chicken, stewing, meat and skin, raw",Poultry Products,258,17.55,20.33,0,71
172401,"Chicken, stewing, meat and skin, cooked, stewed",Poultry Products,285,26.88,18.87,0,73
172402,"Chicken, stewing, meat only, raw",Poultry Products,148,21.26,6.32,0,79
172403,"Chicken, stewing, meat only, cooked, stewed",Poultry Products,237,30.42,11.89,0,78
172404,"Chicken, stewing, dark meat, meat only, raw",Poultry Products,157,19.7,8.12,0,101
172405,"Chicken, stewing, dark meat, meat only, cooked, stewed",Poultry Products,258,28.14,15.28,0,95
172406,"Chicken, capons, meat and skin and giblets and neck, raw",Poultry Products,232,18.51,16.9,0.08,47
172407,"Chicken, capons, meat and skin and giblets and neck, cooked, roasted",Poultry Products,226,28.35,11.67,0.04,50
172408,"Duck, domesticated, meat and skin, raw",Poultry Products,404,11.49,39.34,0,63
172409,"Duck, domesticated, meat and skin, cooked, roasted",Poultry Products,337,18.99,28.35,0,59
172410,"Duck, domesticated, meat only, raw",Poultry Products,135,18.28,5.95,0.94,74
172411,"Duck, domesticated, meat only, cooked, roasted",Poultry Products,201,23.48,11.2,0,65
172412,"Goose, domesticated, meat and skin, cooked, roasted",Poultry Products,305,25.16,21.92,0,70
172413,"Goose, domesticated, meat only, raw",Poultry Products,161,22.75,7.13,0,87
172414,"Goose, domesticated, meat only, cooked, roasted",Poultry Products,238,28.97,12.67,0,76
172415,"Goose, liver, raw",Poultry Products,133,16.37,4.28,6.32,140
172416,"Guinea hen, meat and skin, raw",Poultry Products,158,23.4,6.45,0,67
172417,"Pheasant, leg, meat only, raw",Poultry Products,134,22.2,4.3,0,45
172418,"Quail, meat and skin, raw",Poultry Products,192,19.63,12.05,0,53
172419,"Quail, meat only, raw",Poultry Products,134,21.76,4.53,0,51
172420,"Lentils, raw",Legumes and Legume Products,352,24.63,1.06,63.35,6
172421,"Lentils, mature seeds, cooked, boiled, without salt",Legumes and Legume Products,116,9.02,0.38,20.13,2
172422,"Lima beans, thin seeded (baby), mature seeds, cooked, boiled, without salt",Legumes and Legume Products,126,8.04,0.38,23.31,3
172423,"Lupins, mature seeds, raw",Legumes and Legume Products,371,36.17,9.74,40.37,15
172424,"Lupins, mature seeds, cooked, boiled, without salt",Legumes and Legume Products,119,15.57,2.92,9.88,4
172425,"Mothbeans, mature seeds, raw",Legumes and Legume Products,343,22.94,1.61,61.52,30
172426,"Mothbeans, mature seeds, cooked, boiled, without salt",Legumes and Legume Products,117,7.81,0.55,20.96,10
172427,"Mungo beans, mature seeds, cooked, boiled, without salt",Legumes and Legume Products,105,7.54,0.55,18.34,7
172428,"Peas, green, split, mature seeds, raw",Legumes and Legume Products,364,23.12,3.89,61.63,5
172429,"Peas, split, mature seeds, cooked, boiled, without salt",Legumes and Legume Products,118,8.34,0.39,21.1,2
172430,"Peanuts, all types, raw",Legumes and Legume Products,567,25.8,49.24,16.13,18
172431,"Peanuts, spanish, oil-roasted, with salt",Legumes and Legume Products,579,28.01,49.04,17.45,433
172432,"Peanuts, valencia, raw",Legumes and Legume Products,570,25.09,47.58,20.91,1
172433,"Peanuts, valencia, oil-roasted, with salt",Legumes and Legume Products,589,27.04,51.24,16.3,772
172434,"Peanuts, virginia, raw",Legumes and Legume Products,563,25.19,48.75,16.54,10
172435,"Peanut flour, low fat",Legumes and Legume Products,428,33.8,21.9,31.27,1
172436,"Pigeon peas (red gram), mature seeds, raw",Legumes and Legume Products,343,21.7,1.49,62.78,17
172437,"Pigeon peas (red gram), mature seeds, cooked, boiled, without salt",Legumes and Legume Products,121,6.76,0.38,23.25,5
172438,"Refried beans, canned, traditional style",Legumes and Legume Products,90,4.98,2.01,13.55,370
172439,"Bacon, meatless",Legumes and Legume Products,309,11.69,29.52,5.31,1465
172440,"Soybeans, mature seeds, roasted, salted",Legumes and Legume Products,469,38.55,25.4,30.22,163
172441,"Soybeans, mature seeds, dry roasted",Legumes and Legume Products,449,43.32,21.62,28.98,2
172442,Miso,Legumes and Legume Products,198,12.79,6.01,25.37,3728
172443,Natto,Legumes and Legume Products,211,19.4,11,12.68,7
172444,"Soy flour, low-fat",Legumes and Legume Products,372,49.81,8.9,30.63,9
172445,"Soy meal, defatted, raw",Legumes and Legume Products,337,49.2,2.39,35.89,3
172446,"Soymilk, original and vanilla, unfortified",Legumes and Legume Products,54,3.27,1.75,6.28,51
172447,"Soy protein concentrate, produced by alcohol extraction",Legumes and Legume Products,328,63.63,0.46,25.41,3
172448,"Tofu, firm, prepared with calcium sulfate and magnesium chloride (nigari)",Legumes and Legume Products,78,9.04,4.17,2.85,12
172449,"Tofu, soft, prepared with calcium sulfate and magnesium chloride (nigari)",Legumes and Legume Products,61,7.17,3.69,1.18,8
172450,"Tofu, dried-frozen (koyadofu)",Legumes and Legume Products,477,52.47,30.34,10.03,6
172451,"Tofu, fried",Legumes and Legume Products,270,18.82,20.18,8.86,16
172452,Okara,Legumes and Legume Products,76,3.52,1.73,12.23,9
172453,"Winged beans, mature seeds, cooked, boiled, without salt",Legumes and Legume Products,147,10.62,5.84,14.94,13
172454,"Hummus, home prepared",Legumes and Legume Products,177,4.86,8.59,20.12,242
172455,"Falafel, home-prepared",Legumes and Legume Products,333,13.31,17.8,31.84,294
172456,"Soymilk, original and vanilla, with added calcium, vitamins A and D",Legumes and Legume Products,43,2.6,1.47,4.92,47
172457,"Peanut spread, reduced sugar",Legumes and Legume Products,650,24.8,54.89,14.23,292
172458,"Peanut butter, smooth, reduced fat",Legumes and Legume Products,520,25.9,34,35.65,540
172459,"Peanut butter, smooth, vitamin and mineral fortified",Legumes and Legume Products,591,25.72,50.81,18.75,420
172460,"Peanut butter, chunky, vitamin and mineral fortified",Legumes and Legume Products,593,26.06,51.47,17.69,366
172461,"MORI-NU, Tofu, silken, firm",Legumes and Legume Products,62,6.9,2.7,2.4,36
172462,"MORI-NU, Tofu, silken, extra firm",Legumes and Legume Products,55,7.4,1.9,2,63
172463,"MORI-NU, Tofu, silken, lite firm",Legumes and Legume Products,37,6.3,0.8,1.1,85
172464,"MORI-NU, Tofu, silken, lite extra firm",Legumes and Legume Products,38,7,0.7,1,98
172465,"Refried beans, canned, fat-free",Legumes and Legume Products,79,5.34,0.45,13.5,350
172466,"Frijoles rojos volteados (Refried beans, red, canned)",Legumes and Legume Products,144,5,6.93,15.47,375
172467,"Tempeh, cooked",Legumes and Legume Products,195,19.91,11.38,7.62,14
172468,"Vitasoy USA, Nasoya Lite Firm Tofu",Legumes and Legume Products,54,8.3,1.7,1.3,34
172469,"Peanut butter, chunk style, without salt",Legumes and Legume Products,589,24.06,49.94,21.57,17
172470,"Peanut butter, smooth style, without salt",Legumes and Legume Products,598,22.21,51.36,22.31,17
172471,"Peanut butter with omega-3, creamy",Legumes and Legume Products,608,24.47,54.17,17,356
172472,"Pigeon peas (red gram), mature seeds, cooked, boiled, with salt",Legumes and Legume Products,121,6.76,0.38,23.25,241
172473,"Soy sauce made from soy and wheat (shoyu), low sodium",Legumes and Legume Products,57,9.05,0.3,5.59,3598
172474,"Soy sauce, reduced sodium, made from hydrolyzed vegetable protein",Legumes and Legume Products,90,8.19,0.31,14.44,2890
172475,"Tofu, raw, firm, prepared with calcium sulfate",Legumes and Legume Products,144,17.27,8.72,2.78,14
172476,"Tofu, raw, regular, prepared with calcium sulfate",Legumes and Legume Products,76,8.08,4.78,1.87,7
172477,"Winged beans, mature seeds, cooked, boiled, with salt",Legumes and Legume Products,147,10.62,5.84,14.94,249
172478,"Veal, Australian, rib, rib roast, separable lean only, raw","Lamb, Veal, and Game Products",134,21.7,4.63,1.4,83
172479,"Lamb, composite of trimmed retail cuts, separable lean and fat, trimmed to 1/4"" fat, choice, raw","Lamb, Veal, and Game Products",267,16.88,21.59,0,58
172480,"Lamb, composite of trimmed retail cuts, separable lean and fat, trimmed to 1/4"" fat, choice, cooked","Lamb, Veal, and Game Products",294,24.52,20.94,0,72
172481,"Lamb, foreshank, separable lean and fat, trimmed to 1/4"" fat, choice, raw","Lamb, Veal, and Game Products",201,18.91,13.38,0,72
172482,"Lamb, foreshank, separable lean and fat, trimmed to 1/4"" fat, choice, cooked, braised","Lamb, Veal, and Game Products",243,28.37,13.46,0,72
172483,"Lamb, foreshank, separable lean only, trimmed to 1/4"" fat, choice, raw","Lamb, Veal, and Game Products",120,21.08,3.29,0,79
172484,"Lamb, foreshank, separable lean only, trimmed to 1/4"" fat, choice, cooked, braised","Lamb, Veal, and Game Products",187,31.01,6.02,0,74
172485,"Lamb, leg, shank half, separable lean and fat, trimmed to 1/4"" fat, choice, cooked, roasted","Lamb, Veal, and Game Products",225,26.41,12.45,0,65
172486,"Lamb, leg, shank half, separable lean only, trimmed to 1/4"" fat, choice, raw","Lamb, Veal, and Game Products",125,20.52,4.19,0,61
172487,"Lamb, leg, shank half, separable lean only, trimmed to 1/4"" fat, choice, cooked, roasted","Lamb, Veal, and Game Products",180,28.17,6.67,0,66
172488,"Lamb, leg, sirloin half, separable lean and fat, trimmed to 1/4"" fat, choice, raw","Lamb, Veal, and Game Products",272,16.94,22.11,0,56
172489,"Lamb, loin, separable lean and fat, trimmed to 1/4"" fat, choice, cooked, broiled","Lamb, Veal, and Game Products",316,25.17,23.08,0,77
172490,"Lamb, loin, separable lean and fat, trimmed to 1/4"" fat, choice, cooked, roasted","Lamb, Veal, and Game Products",309,22.55,23.59,0,64
172491,"Lamb, loin, separable lean only, trimmed to 1/4"" fat, choice, raw","Lamb, Veal, and Game Products",143,20.88,5.94,0,68
172492,"Lamb, loin, separable lean only, trimmed to 1/4"" fat, choice, cooked, broiled","Lamb, Veal, and Game Products",216,29.99,9.73,0,84
172493,"Lamb, rib, separable lean only, trimmed to 1/4"" fat, choice, raw","Lamb, Veal, and Game Products",169,19.98,9.23,0,72
172494,"Lamb, rib, separable lean only, trimmed to 1/4"" fat, choice, cooked, broiled","Lamb, Veal, and Game Products",235,27.74,12.95,0,85
172495,"Lamb, rib, separable lean only, trimmed to 1/4"" fat, choice, cooked, roasted","Lamb, Veal, and Game Products",232,26.16,13.31,0,81
172496,"Lamb, shoulder, whole (arm and blade), separable lean and fat, trimmed to 1/4"" fat, choice, raw","Lamb, Veal, and Game Products",264,16.58,21.45,0,61
172497,"Lamb, shoulder, whole (arm and blade), separable lean and fat, trimmed to 1/4"" fat, choice, cooked, braised","Lamb, Veal, and Game Products",344,28.68,24.55,0,75
172498,"Lamb, shoulder, whole (arm and blade), separable lean only, trimmed to 1/4"" fat, choice, cooked, broiled","Lamb, Veal, and Game Products",210,27.12,10.5,0,83
172499,"Lamb, shoulder, whole (arm and blade), separable lean only, trimmed to 1/4"" fat, choice, cooked, roasted","Lamb, Veal, and Game Products",204,24.94,10.77,0,68
172500,"Lamb, shoulder, arm, separable lean and fat, trimmed to 1/4"" fat, choice, raw","Lamb, Veal, and Game Products",260,16.79,20.9,0,60
172501,"Lamb, shoulder, arm, separable lean and fat, trimmed to 1/4"" fat, choice, cooked, braised","Lamb, Veal, and Game Products",346,30.39,24,0,72
172502,"Lamb, shoulder, arm, separable lean only, trimmed to 1/4"" fat, choice, cooked, broiled","Lamb, Veal, and Game Products",200,27.71,9.02,0,82
172503,"Lamb, shoulder, arm, separable lean only, trimmed to 1/4"" fat, choice, cooked, roasted","Lamb, Veal, and Game Products",192,25.46,9.26,0,67
172504,"Lamb, shoulder, blade, separable lean and fat, trimmed to 1/4"" fat, choice, raw","Lamb, Veal, and Game Products",259,16.63,20.86,0,62
172505,"Lamb, shoulder, blade, separable lean and fat, trimmed to 1/4"" fat, choice, cooked, braised","Lamb, Veal, and Game Products",345,28.51,24.73,0,75
172506,"Lamb, shoulder, blade, separable lean only, trimmed to 1/4"" fat, choice, cooked, broiled","Lamb, Veal, and Game Products",211,25.48,11.32,0,88
172507,"Lamb, shoulder, blade, separable lean only, trimmed to 1/4"" fat, choice, cooked, roasted","Lamb, Veal, and Game Products",209,24.61,11.57,0,68
172508,"Lamb, cubed for stew or kabob (leg and shoulder), separable lean only, trimmed to 1/4"" fat, raw","Lamb, Veal, and Game Products",134,20.21,5.28,0,65
172509,"Lamb, cubed for stew or kabob (leg and shoulder), separable lean only, trimmed to 1/4"" fat, cooked, braised","Lamb, Veal, and Game Products",223,33.69,8.8,0,70
172510,"Lamb, cubed for stew or kabob (leg and shoulder), separable lean only, trimmed to 1/4"" fat, cooked, broiled","Lamb, Veal, and Game Products",186,28.08,7.33,0,76
172511,"Lamb, New Zealand, imported, frozen, composite of trimmed retail cuts, separable fat, raw","Lamb, Veal, and Game Products",640,6.92,67.63,0,22
172512,"Lamb, New Zealand, imported, frozen, composite of trimmed retail cuts, separable fat, cooked","Lamb, Veal, and Game Products",586,9.72,60.39,0,35
172513,"Lamb, New Zealand, imported, fore-shank, separable lean and fat, raw","Lamb, Veal, and Game Products",183,20.09,11.38,0.09,76
172514,"Lamb, New Zealand, imported, fore-shank, separable lean and fat, cooked, braised","Lamb, Veal, and Game Products",256,30.35,14.99,0.03,74
172515,"Lamb, New Zealand, imported, leg chop/steak, bone-in, separable lean only, raw","Lamb, Veal, and Game Products",126,21.1,4.64,0,64
172516,"Lamb, New Zealand, imported, frozen, leg, whole (shank and sirloin), separable lean only, cooked, roasted","Lamb, Veal, and Game Products",181,27.68,7.01,0,45
172517,"Lamb, New Zealand, imported, loin chop, separable lean and fat, raw","Lamb, Veal, and Game Products",298,15.4,26.19,0.22,63
172518,"Game meat, muskrat, raw","Lamb, Veal, and Game Products",162,20.76,8.1,0,82
172519,"Game meat, muskrat, cooked, roasted","Lamb, Veal, and Game Products",234,30.09,11.74,0,95
172520,"Game meat, opossum, cooked, roasted","Lamb, Veal, and Game Products",221,30.2,10.2,0,58
172521,"Game meat, rabbit, domesticated, composite of cuts, raw","Lamb, Veal, and Game Products",136,20.05,5.55,0,41
172522,"Game meat, rabbit, domesticated, composite of cuts, cooked, roasted","Lamb, Veal, and Game Products",197,29.06,8.05,0,47
172523,"Game meat, squirrel, raw","Lamb, Veal, and Game Products",120,21.23,3.21,0,103
172524,"Game meat, squirrel, cooked, roasted","Lamb, Veal, and Game Products",173,30.77,4.69,0,119
172525,"Lamb, variety meats and by-products, brain, raw","Lamb, Veal, and Game Products",122,10.4,8.58,0,112
172526,"Lamb, variety meats and by-products, brain, cooked, braised","Lamb, Veal, and Game Products",145,12.55,10.17,0,134
172527,"Lamb, variety meats and by-products, heart, raw","Lamb, Veal, and Game Products",122,16.47,5.68,0.21,89
172528,"Lamb, variety meats and by-products, heart, cooked, braised","Lamb, Veal, and Game Products",185,24.97,7.91,1.93,63
172529,"Veal, variety meats and by-products, heart, raw","Lamb, Veal, and Game Products",110,17.18,3.98,0.08,77
172530,"Veal, variety meats and by-products, heart, cooked, braised","Lamb, Veal, and Game Products",186,29.12,6.75,0.13,58
172531,"Lamb, variety meats and by-products, liver, raw","Lamb, Veal, and Game Products",139,20.38,5.02,1.78,70
172532,"Lamb, variety meats and by-products, liver, cooked, braised","Lamb, Veal, and Game Products",220,30.57,8.81,2.53,56
172533,"Lamb, variety meats and by-products, liver, cooked, pan-fried","Lamb, Veal, and Game Products",238,25.53,12.65,3.78,124
172534,"Veal, variety meats and by-products, liver, raw","Lamb, Veal, and Game Products",140,19.93,4.85,2.91,77
172535,"Veal, variety meats and by-products, liver, cooked, braised","Lamb, Veal, and Game Products",192,28.42,6.26,3.77,78
172536,"Veal, variety meats and by-products, lungs, cooked, braised","Lamb, Veal, and Game Products",104,18.74,2.64,0,56
172537,"Lamb, variety meats and by-products, mechanically separated, raw","Lamb, Veal, and Game Products",276,14.97,23.54,0,59
172538,"Lamb, variety meats and by-products, pancreas, raw","Lamb, Veal, and Game Products",152,14.84,9.82,0,75
172539,"Lamb, variety meats and by-products, pancreas, cooked, braised","Lamb, Veal, and Game Products",234,22.83,15.12,0,52
172540,"Veal, variety meats and by-products, spleen, raw","Lamb, Veal, and Game Products",98,18.3,2.2,0,97
172541,"Veal, variety meats and by-products, spleen, cooked, braised","Lamb, Veal, and Game Products",129,24.08,2.89,0,58
172542,"Veal, variety meats and by-products, thymus, raw","Lamb, Veal, and Game Products",101,17.21,3.07,0,67
172543,"Veal, variety meats and by-products, thymus, cooked, braised","Lamb, Veal, and Game Products",125,22.67,3.11,0,59
172544,"Lamb, ground, cooked, broiled","Lamb, Veal, and Game Products",283,24.75,19.65,0,81
172545,"Lamb, composite of trimmed retail cuts, separable lean and fat, trimmed to 1/8"" fat, choice, raw","Lamb, Veal, and Game Products",243,17.54,18.66,0,59
172546,"Lamb, composite of trimmed retail cuts, separable lean and fat, trimmed to 1/8"" fat, choice, cooked","Lamb, Veal, and Game Products",271,25.51,18.01,0,72
172547,"Lamb, foreshank, separable lean and fat, trimmed to 1/8"" fat, choice, raw","Lamb, Veal, and Game Products",201,18.91,13.38,0,72
172548,"Lamb, leg, shank half, separable lean and fat, trimmed to 1/8"" fat, choice, cooked, roasted","Lamb, Veal, and Game Products",217,26.73,11.4,0,65
172549,"Lamb, leg, sirloin half, separable lean and fat, trimmed to 1/8"" fat, choice, raw","Lamb, Veal, and Game Products",261,17.21,20.8,0,56
172550,"Lamb, leg, sirloin half, separable lean and fat, trimmed to 1/8"" fat, choice, cooked, roasted","Lamb, Veal, and Game Products",284,24.95,19.67,0,68
172551,"Lamb, loin, separable lean and fat, trimmed to 1/8"" fat, choice, raw","Lamb, Veal, and Game Products",279,17.18,22.75,0,59
172552,"Lamb, rib, separable lean and fat, trimmed to 1/8"" fat, choice, cooked, roasted","Lamb, Veal, and Game Products",341,21.82,27.53,0,74
172553,"Lamb, shoulder, whole (arm and blade), separable lean and fat, trimmed to 1/8"" fat, choice, raw","Lamb, Veal, and Game Products",244,17.07,18.96,0,63
172554,"Lamb, shoulder, whole (arm and blade), separable lean and fat, trimmed to 1/8"" fat, choice, cooked, braised","Lamb, Veal, and Game Products",338,29.46,23.57,0,74
172555,"Lamb, shoulder, whole (arm and blade), separable lean and fat, trimmed to 1/8"" fat, choice, cooked, broiled","Lamb, Veal, and Game Products",268,23.84,18.39,0,82
172556,"Lamb, shoulder, blade, separable lean and fat, trimmed to 1/8"" fat, choice, raw","Lamb, Veal, and Game Products",244,17.01,18.97,0,63
172557,"Lamb, shoulder, blade, separable lean and fat, trimmed to 1/8"" fat, choice, cooked, braised","Lamb, Veal, and Game Products",339,28.92,23.88,0,75
172558,"Lamb, shoulder, blade, separable lean and fat, trimmed to 1/8"" fat, choice, cooked, broiled","Lamb, Veal, and Game Products",267,23.48,18.5,0,83
172559,"Lamb, shoulder, blade, separable lean and fat, trimmed to 1/8"" fat, choice, cooked, roasted","Lamb, Veal, and Game Products",270,22.62,19.19,0,67
172560,"Lamb, New Zealand, imported, frozen, leg, whole (shank and sirloin), separable lean and fat, trimmed to 1/8"" fat, raw","Lamb, Veal, and Game Products",201,18.76,13.37,0,41
172561,"Lamb, New Zealand, imported, frozen, leg, whole (shank and sirloin), separable lean and fat, trimmed to 1/8"" fat, cooked, roasted","Lamb, Veal, and Game Products",234,25.34,13.95,0,44
172562,"Lamb, New Zealand, imported, frozen, loin, separable lean and fat, trimmed to 1/8"" fat, raw","Lamb, Veal, and Game Products",273,17.18,22.1,0,39
172563,"Lamb, New Zealand, imported, frozen, loin, separable lean and fat, trimmed to 1/8"" fat, cooked, broiled","Lamb, Veal, and Game Products",296,24.41,21.28,0,50
172564,"Game meat, bison, top sirloin, separable lean only, trimmed to 0"" fat, raw","Lamb, Veal, and Game Products",113,21.4,2.4,0,51
172565,"Game meat, bison, ribeye, separable lean only, trimmed to 0"" fat, raw","Lamb, Veal, and Game Products",116,22.1,2.4,0,48
172566,"Game meat, bison, shoulder clod, separable lean only, trimmed to 0"" fat, raw","Lamb, Veal, and Game Products",109,21.1,2.1,0,59
172567,"Veal, breast, separable fat, cooked","Lamb, Veal, and Game Products",521,9.4,53.35,0,49
172568,"Veal, shank (fore and hind), separable lean and fat, raw","Lamb, Veal, and Game Products",113,19.15,3.48,0,84
172569,"Veal, shank (fore and hind), separable lean and fat, cooked, braised","Lamb, Veal, and Game Products",191,31.54,6.2,0,93
172570,"Veal, shank (fore and hind), separable lean only, raw","Lamb, Veal, and Game Products",108,19.28,2.83,0,85
172571,"Veal, shank (fore and hind), separable lean only, cooked, braised","Lamb, Veal, and Game Products",177,32.22,4.33,0,94
172572,"Lamb, Australian, imported, fresh, separable fat, raw","Lamb, Veal, and Game Products",648,6.27,68.87,0,33
172573,"Lamb, Australian, imported, fresh, separable fat, cooked","Lamb, Veal, and Game Products",639,9.42,66.4,0,51
172574,"Lamb, Australian, imported, fresh, foreshank, separable lean and fat, trimmed to 1/8"" fat, raw","Lamb, Veal, and Game Products",195,18.85,12.68,0,96
172575,"Lamb, Australian, imported, fresh, foreshank, separable lean and fat, trimmed to 1/8"" fat, cooked, braised","Lamb, Veal, and Game Products",236,24.78,14.44,0,93
172576,"Lamb, Australian, imported, fresh, leg, whole (shank and sirloin), separable lean only, trimmed to 1/8"" fat, raw","Lamb, Veal, and Game Products",135,20.46,5.23,0,81
172577,"Lamb, Australian, imported, fresh, leg, whole (shank and sirloin), separable lean only, trimmed to 1/8"" fat, cooked, roasted","Lamb, Veal, and Game Products",190,27.31,8.1,0,72
172578,"Lamb, Australian, imported, fresh, leg, shank half, separable lean and fat, trimmed to 1/8"" fat, raw","Lamb, Veal, and Game Products",201,18.59,13.48,0,75
172579,"Lamb, Australian, imported, fresh, leg, shank half, separable lean and fat, trimmed to 1/8"" fat, cooked, roasted","Lamb, Veal, and Game Products",231,25.25,13.69,0,67
172580,"Lamb, Australian, imported, fresh, leg, shank half, separable lean only, trimmed to 1/8"" fat, raw","Lamb, Veal, and Game Products",133,20.45,5.1,0,81
172581,"Lamb, Australian, imported, fresh, leg, sirloin half, boneless, separable lean only, trimmed to 1/8"" fat, cooked, roasted","Lamb, Veal, and Game Products",215,27.75,10.65,0,83
172582,"Lamb, Australian, imported, fresh, leg, sirloin chops, boneless, separable lean and fat, trimmed to 1/8"" fat, raw","Lamb, Veal, and Game Products",208,18.33,14.38,0,59
172583,"Lamb, Australian, imported, fresh, leg, sirloin chops, boneless, separable lean and fat, trimmed to 1/8"" fat, cooked, broiled","Lamb, Veal, and Game Products",235,25.75,13.83,0,64
172584,"Lamb, Australian, imported, fresh, leg, sirloin chops, boneless, separable lean only, trimmed to 1/8"" fat, raw","Lamb, Veal, and Game Products",132,20.43,4.91,0,64
172585,"Lamb, Australian, imported, fresh, leg, center slice, bone-in, separable lean only, trimmed to 1/8"" fat, cooked, broiled","Lamb, Veal, and Game Products",183,26.75,7.68,0,66
172586,"Lamb, Australian, imported, fresh, loin, separable lean and fat, trimmed to 1/8"" fat, raw","Lamb, Veal, and Game Products",203,19.32,13.38,0,70
172587,"Lamb, Australian, imported, fresh, loin, separable lean and fat, trimmed to 1/8"" fat, cooked, broiled","Lamb, Veal, and Game Products",219,25.49,12.25,0,78
172588,"Lamb, Australian, imported, fresh, loin, separable lean only, trimmed to 1/8"" fat, raw","Lamb, Veal, and Game Products",146,21,6.24,0,75
172589,"Lamb, Australian, imported, fresh, rib chop, frenched, bone-in, separable lean only, trimmed to 1/8"" fat, cooked, grilled","Lamb, Veal, and Game Products",234,32.16,11.68,0,85
172590,"Lamb, Australian, imported, fresh, shoulder, whole (arm and blade), separable lean and fat, trimmed to 1/8"" fat, raw","Lamb, Veal, and Game Products",256,16.68,20.47,0,76
172591,"Lamb, Australian, imported, fresh, shoulder, whole (arm and blade), separable lean and fat, trimmed to 1/8"" fat, cooked","Lamb, Veal, and Game Products",296,23.58,21.65,0,85
172592,"Lamb, Australian, imported, fresh, shoulder, whole (arm and blade), separable lean only,   trimmed to 1/8"" fat, raw","Lamb, Veal, and Game Products",155,19.36,8.01,0,88
172593,"Lamb, Australian, imported, fresh, shoulder, whole (arm and blade), separable lean only, trimmed to 1/8"" fat, cooked","Lamb, Veal, and Game Products",233,26.18,13.44,0,91
172594,"Lamb, Australian, imported, fresh, shoulder, blade, separable lean and fat, trimmed to 1/8"" fat, raw","Lamb, Veal, and Game Products",262,16.48,21.28,0,78
172595,"Lamb, Australian, imported, fresh, shoulder, blade, separable lean and fat, trimmed to 1/8"" fat, cooked, broiled","Lamb, Veal, and Game Products",291,21.71,22.03,0,88
172596,"Lamb, Australian, imported, fresh, shoulder, blade, separable lean only, trimmed to 1/8"" fat, raw","Lamb, Veal, and Game Products",164,19.1,9.09,0,90
172597,"Lamb, Australian, imported, fresh, shoulder ,blade, separable lean only, trimmed to 1/8"" fat, cooked, broiled","Lamb, Veal, and Game Products",231,23.83,14.38,0,94
172598,"Game meat, bison, chuck, shoulder clod, separable lean only, raw","Lamb, Veal, and Game Products",119,21.12,3.15,0,62
172599,"Game meat, bison, ribeye, separable lean only, 1"" steak, cooked, broiled","Lamb, Veal, and Game Products",177,29.45,5.67,0,52
172600,"Game meat, bison, top round, separable lean only, 1"" steak, cooked, broiled","Lamb, Veal, and Game Products",174,30.18,4.96,0,41
172601,"Game meat, bison, top round, separable lean only, 1"" steak, raw","Lamb, Veal, and Game Products",122,23.32,2.43,0,47
172602,"Game meat, deer, ground, raw","Lamb, Veal, and Game Products",157,21.78,7.13,0,75
172603,"Game meat, deer, ground, cooked, pan-broiled","Lamb, Veal, and Game Products",187,26.45,8.22,0,78
172604,"Game meat, deer, loin, separable lean only, 1"" steak, cooked, broiled","Lamb, Veal, and Game Products",150,30.2,2.38,0,57
172605,"Game meat, deer, shoulder clod, separable lean only, cooked, braised","Lamb, Veal, and Game Products",191,36.28,3.95,0,52
172606,"Veal, Australian, shank, hind, bone-in, separable lean only, raw","Lamb, Veal, and Game Products",122,20.37,4.47,0,98
172607,"Veal, Australian, shank, hind, bone-in, separable lean and fat, raw","Lamb, Veal, and Game Products",144,19.78,7.2,0,95
172608,"Lamb, Australian, ground,  85% lean / 15% fat, raw","Lamb, Veal, and Game Products",255,17.14,20.71,0,77
172609,"Lamb, New Zealand, imported, Intermuscular fat, cooked","Lamb, Veal, and Game Products",596,8.53,62.44,0,52
172610,"Lamb, New Zealand, imported, breast, separable lean only, cooked, braised","Lamb, Veal, and Game Products",270,28.16,17.53,0,86
172611,"Lamb, New Zealand, imported, breast, separable lean only, raw","Lamb, Veal, and Game Products",149,18.31,7.98,1.02,107
172612,"Lamb, New Zealand, imported, chump, boneless, separable lean only, cooked, fast roasted","Lamb, Veal, and Game Products",142,23.69,5.27,0,61
172613,"Lamb, New Zealand, imported, subcutaneous fat, cooked","Lamb, Veal, and Game Products",674,5.24,72.28,0.62,43
172614,"Lamb, New Zealand, imported, liver, cooked, soaked and fried","Lamb, Veal, and Game Products",168,25.8,6.56,1.48,59
172615,"Lamb, New Zealand, imported, liver, raw","Lamb, Veal, and Game Products",136,20.7,4.92,2.22,59
172616,"Lamb, New Zealand, imported, ground lamb, cooked, braised","Lamb, Veal, and Game Products",192,22.6,11.34,0,34
172617,"Lamb, New Zealand, imported, ground lamb, raw","Lamb, Veal, and Game Products",193,20.33,12.41,0,57
172618,"Lamb, New Zealand, imported, testes, cooked, soaked and fried","Lamb, Veal, and Game Products",125,21.01,4.56,0,118
172619,"Lamb, New Zealand, imported, testes, raw","Lamb, Veal, and Game Products",68,11.4,2.38,0.14,119
172620,"Lamb, New Zealand, imported, tongue - swiss cut, cooked, soaked and simmered","Lamb, Veal, and Game Products",272,17.51,22.04,0.86,52
172621,"Lamb, New Zealand, imported, tongue - swiss cut, raw","Lamb, Veal, and Game Products",225,14.27,18.61,0,77
172622,"Lamb, New Zealand, imported, tenderloin, separable lean only, cooked, fast fried","Lamb, Veal, and Game Products",155,27.94,4.81,0,59
172623,"Lamb, New Zealand, imported, tenderloin, separable lean only, raw","Lamb, Veal, and Game Products",116,20.53,3.81,0,49
172624,"Lamb, New Zealand, imported, loin saddle, separable lean only, cooked, fast roasted","Lamb, Veal, and Game Products",162,25.53,6.7,0,76
172625,"Lamb, New Zealand, imported, loin saddle, separable lean only, raw","Lamb, Veal, and Game Products",131,20.86,5.32,0,75
172626,"Lamb, New Zealand, imported, neck chops, separable lean only, cooked, braised","Lamb, Veal, and Game Products",264,31.4,15.36,0,97
172627,"Lamb, New Zealand, imported, netted shoulder, rolled, boneless, separable lean only, cooked, slow roasted","Lamb, Veal, and Game Products",199,25.14,10.91,0,65
172628,"Lamb, New Zealand, imported, netted shoulder, rolled, boneless, separable lean only, raw","Lamb, Veal, and Game Products",143,20.2,6.88,0,65
172629,"Lamb, New Zealand, imported, rack - fully frenched, separable lean only, cooked, fast roasted","Lamb, Veal, and Game Products",173,24.39,8.38,0,67
172630,"Lamb, New Zealand, imported, flap, boneless, separable lean and fat, cooked, braised","Lamb, Veal, and Game Products",376,20.48,32.63,0.14,51
172631,"Lamb, New Zealand, imported, flap, boneless, separable lean and fat, raw","Lamb, Veal, and Game Products",337,16.17,30.14,0.27,69
172632,"Lamb, New Zealand, imported, hind-shank, separable lean and fat, cooked, braised","Lamb, Veal, and Game Products",247,29.59,14.22,0.04,69
172633,"Lamb, New Zealand, imported, hind-shank, separable lean and fat, raw","Lamb, Veal, and Game Products",186,18.39,12.12,0.73,76
172634,"Lamb, New Zealand, imported, loin, boneless, separable lean and fat, cooked, fast roasted","Lamb, Veal, and Game Products",157,28.96,4.57,0,57
172635,"Lamb, New Zealand, imported, loin, boneless, separable lean and fat, raw","Lamb, Veal, and Game Products",122,21.44,3.99,0,60
172636,"Lamb, New Zealand, imported, neck chops, separable lean and fat, cooked, braised","Lamb, Veal, and Game Products",307,28.53,21.43,0.03,91
172637,"Lamb, New Zealand, imported, neck chops, separable lean and fat, raw","Lamb, Veal, and Game Products",231,17.43,17.9,0.14,73
172638,"Lamb, New Zealand, imported, netted shoulder, rolled, boneless, separable lean and fat, cooked, slow roasted","Lamb, Veal, and Game Products",287,21.45,22.33,0.05,61
172639,"Lamb, New Zealand, imported, tenderloin, separable lean and fat, cooked, fast fried","Lamb, Veal, and Game Products",157,27.87,5,0,59
172640,"Lamb, New Zealand, imported, rack - fully frenched, separable lean and fat, cooked, fast roasted","Lamb, Veal, and Game Products",195,23.56,11.2,0.01,67
172641,"Lamb, New Zealand, imported, rack - fully frenched, separable lean and fat, raw","Lamb, Veal, and Game Products",169,19.88,9.96,0.05,62
172642,"Lamb, New Zealand, imported, tunnel-boned leg, chump off, shank off, separable lean and fat, cooked, slow roasted","Lamb, Veal, and Game Products",208,23.41,12.68,0.03,61
172643,"Veal, leg, top round, cap off, cutlet, boneless, raw","Lamb, Veal, and Game Products",107,22.07,2.07,0,86
172644,"Veal, loin, chop, separable lean only, cooked, grilled","Lamb, Veal, and Game Products",159,29.75,4.44,0.07,85
172645,"Veal, shank, separable lean only, raw","Lamb, Veal, and Game Products",94,19.77,1.64,0,109
172646,"Veal, foreshank, osso buco, separable lean only, cooked, braised","Lamb, Veal, and Game Products",157,29.12,4.51,0,90
172647,"Veal, seam fat only, cooked","Lamb, Veal, and Game Products",505,11.16,50.17,2.11,87
172648,"Veal, shank, separable lean and fat, raw","Lamb, Veal, and Game Products",107,19.28,3.3,0,107
172649,"Veal, foreshank, osso buco, separable lean and fat, cooked, braised","Lamb, Veal, and Game Products",182,27.94,7.77,0.11,90
172650,"Veal, loin, chop, separable lean and fat, cooked, grilled","Lamb, Veal, and Game Products",198,28.04,9.48,0.16,86
172651,"Veal, shoulder, blade chop, separable lean and fat, cooked, grilled","Lamb, Veal, and Game Products",199,25.72,10.57,0.15,111
172652,"Lamb, Australian, imported, fresh, tenderloin, boneless, separable lean only, trimmed to 1/8"" fat, raw","Lamb, Veal, and Game Products",136,23.42,4.73,0,73
172653,"Lamb, Australian, imported, fresh, leg, bottom, boneless, separable lean only, trimmed to 1/8"" fat, raw","Lamb, Veal, and Game Products",136,22.28,5.24,0,83
172654,"Lamb, Australian, imported, fresh, leg, trotter off, bone-in, separable lean only, trimmed to 1/8"" fat, cooked, roasted","Lamb, Veal, and Game Products",215,32.08,9.59,0,80
172655,"Lamb, Australian, imported, fresh, leg, trotter off, bone-in, separable lean only, trimmed to 1/8"" fat, raw","Lamb, Veal, and Game Products",131,23.11,4.33,0,77
172656,"Lamb, Australian, imported, fresh, seam fat, cooked","Lamb, Veal, and Game Products",554,13.81,54.72,1.55,53
172657,"Lamb, Australian, imported, fresh, seam fat, raw","Lamb, Veal, and Game Products",459,15.65,44.01,0,55
172658,"Lamb, Australian, imported, fresh, leg, bottom, boneless, separable lean and fat, trimmed to 1/8"" fat, cooked, roasted","Lamb, Veal, and Game Products",219,27.54,12.04,0,69
172659,"Lamb, Australian, imported, fresh, leg, bottom, boneless, separable lean and fat, trimmed to 1/8"" fat, raw","Lamb, Veal, and Game Products",187,20.97,11.43,0,80
172660,"Lamb, Australian, imported, fresh, tenderloin, boneless, separable lean and fat, trimmed to 1/8"" fat, raw","Lamb, Veal, and Game Products",143,23.23,5.52,0,73
172661,"Lamb, Australian, imported, fresh, rib chop, frenched, denuded, bone-in, separable lean only, trimmed to 0"" fat, cooked, grilled","Lamb, Veal, and Game Products",236,33.17,11.5,0,85
172662,"Lamb, Australian, imported, fresh, rack, roast, frenched, denuded, bone-in, separable lean and fat, trimmed to 0"" fat, cooked, roasted","Lamb, Veal, and Game Products",193,25.95,9.91,0,71
172663,"Lamb, Australian, imported, fresh, rack, roast, frenched, bone-in, separable lean and fat, trimmed to 1/8"" fat, cooked, roasted","Lamb, Veal, and Game Products",291,25.96,20.77,0,65
172664,"Bagels, cinnamon-raisin",Baked Products,274,9.8,1.7,55.2,407
172665,"Bagels, cinnamon-raisin, toasted",Baked Products,294,10.6,1.8,59.3,370
172666,"Bagels, oat bran",Baked Products,255,10.7,1.2,53.3,590
172667,"Biscuits, plain or buttermilk, frozen, baked",Baked Products,338,6.2,11.03,53.87,942
172668,"Biscuits, plain or buttermilk, refrigerated dough, higher fat",Baked Products,307,6.66,10.58,46.32,977
172669,"Biscuits, plain or buttermilk, refrigerated dough, higher fat, baked",Baked Products,324,6.79,11.22,49.05,1002
172670,"Biscuits, plain or buttermilk, prepared from recipe",Baked Products,353,7,16.3,44.6,580
172671,"Biscuits, mixed grain, refrigerated dough",Baked Products,263,6.1,5.6,47.4,670
172672,"Bread, cracked-wheat",Baked Products,260,8.7,3.9,49.5,538
172673,"Bread, egg",Baked Products,287,9.5,6,47.8,380
172674,"Bread, egg, toasted",Baked Products,315,10.5,6.6,52.6,417
172675,"Bread, french or vienna (includes sourdough)",Baked Products,272,10.75,2.42,51.88,602
172676,"Bread, oat bran",Baked Products,236,10.4,4.4,39.8,353
172677,"Bread, oat bran, toasted",Baked Products,259,11.4,4.8,43.7,387
172678,"Bread, oatmeal",Baked Products,269,8.4,4.4,48.5,447
172679,"Bread, oatmeal, toasted",Baked Products,292,9.2,4.8,52.7,486
172680,"Bread, raisin, enriched",Baked Products,274,7.9,4.4,52.3,347
172681,"Bread, raisin, enriched, toasted",Baked Products,297,8.6,4.8,56.9,377
172682,"Bread, reduced-calorie, oat bran",Baked Products,201,8,3.2,41.3,459
172683,"Bread, reduced-calorie, oat bran, toasted",Baked Products,239,9.5,3.8,49.2,547
172684,"Bread, rye",Baked Products,259,8.5,3.3,48.3,603
172685,"Bread, rye, toasted",Baked Products,284,9.4,3.6,53.1,664
172686,"Bread, wheat",Baked Products,274,10.67,4.53,47.54,473
172687,"Bread, wheat, toasted",Baked Products,313,12.96,4.27,55.77,601
172688,"Bread, whole-wheat, commercially prepared",Baked Products,252,12.45,3.5,42.71,455
172689,"Bread, whole-wheat, commercially prepared, toasted",Baked Products,306,16.27,4.07,51.16,565
172690,"Bread, whole-wheat, prepared from recipe",Baked Products,278,8.4,5.4,51.4,346
172691,"Bread, whole-wheat, prepared from recipe, toasted",Baked Products,305,9.2,5.9,56.4,381
172692,"Bread, stuffing, cornbread, dry mix",Baked Products,389,10,4.2,76.7,1429
172693,"Bread, stuffing, cornbread, dry mix, prepared",Baked Products,179,2.9,8.8,21.9,526
172694,"Cake, angelfood, commercially prepared",Baked Products,258,5.9,0.8,57.8,749
172695,"Cake, angelfood, dry mix, prepared",Baked Products,257,6.1,0.3,58.7,511
172696,"Cake, boston cream pie, commercially prepared",Baked Products,252,2.4,8.5,42.9,254
172697,"Cake, chocolate, prepared from recipe without frosting",Baked Products,371,5.3,15.1,53.4,315
172698,"Cake, white, prepared from recipe with coconut frosting",Baked Products,356,4.4,10.3,63.2,284
172699,"Cake, coffeecake, cheese",Baked Products,339,7,15.2,44.3,339
172700,"Cake, coffeecake, cinnamon with crumb topping, commercially prepared, enriched",Baked Products,418,6.8,23.3,46.7,351
172701,"Cake, gingerbread, dry mix",Baked Products,437,4.4,13.8,74.6,657
172702,"Cake, gingerbread, prepared from recipe",Baked Products,356,3.9,16.4,49.2,327
172703,"Cake, pineapple upside-down, prepared from recipe",Baked Products,319,3.5,12.1,50.5,319
172704,"Cake, pound, commercially prepared, butter (includes fresh and frozen)",Baked Products,353,5,13.96,53.64,377
172705,"Cake, white, dry mix, special dietary (includes lemon-flavored)",Baked Products,397,3,8.4,79.6,260
172706,"Cake, sponge, commercially prepared",Baked Products,290,5.4,2.7,61,623
172707,"Cake, sponge, prepared from recipe",Baked Products,297,7.3,4.3,57.7,228
172708,"Cake, pudding-type, white, enriched, dry mix",Baked Products,423,3.9,9.5,80.9,665
172709,"Cake, white, prepared from recipe without frosting",Baked Products,357,5.4,12.4,57.2,327
172710,"Cake, yellow, prepared from recipe without frosting",Baked Products,361,5.3,14.6,53,343
172711,"Cake, cheesecake, commercially prepared",Baked Products,321,5.5,22.5,25.5,438
172712,"Cake, cheesecake, prepared from mix, no-bake type",Baked Products,274,5.5,12.7,35.5,380
172713,"Cookies, brownies, commercially prepared",Baked Products,405,4.8,16.3,63.9,286
172714,"Cookies, chocolate wafers",Baked Products,433,6.6,14.2,72.7,580
172715,"Cookies, chocolate chip, commercially prepared, regular, lower fat",Baked Products,451,5.97,17.91,67.49,418
172716,"Cookies, chocolate chip, commercially prepared, regular, higher fat, enriched",Baked Products,492,5.1,24.72,65.36,311
172717,"Cookies, chocolate chip, commercially prepared, soft-type",Baked Products,444,3.63,19.77,65.75,276
172718,"Cookies, chocolate sandwich, with creme filling, regular",Baked Products,464,5.21,19.14,71,388
172719,"Cookies, chocolate sandwich, with creme filling, regular, chocolate-coated",Baked Products,481,3.6,26.4,66.4,326
172720,"Cookies, chocolate sandwich, with extra creme filling",Baked Products,497,4.33,24.52,68.2,351
172721,"Cookies, fig bars",Baked Products,348,3.7,7.3,70.9,350
172722,"Cookies, fortune",Baked Products,378,4.2,2.7,84,31
172723,"Cookies, marshmallow, chocolate-coated (includes marshmallow pies)",Baked Products,421,4,16.9,67.7,188
172724,"Cookies, molasses",Baked Products,430,5.6,12.8,73.8,459
172725,"Cookies, oatmeal, commercially prepared, regular",Baked Products,450,6.2,18.1,68.7,520
172726,"Cookies, oatmeal, commercially prepared, soft-type",Baked Products,409,6.1,14.7,65.7,349
172727,"Cookies, peanut butter, commercially prepared, regular",Baked Products,473,8.92,23.82,58.15,463
172728,"Cookies, peanut butter, commercially prepared, soft-type",Baked Products,457,5.3,24.4,57.7,336
172729,"Cookies, peanut butter, refrigerated dough",Baked Products,458,8.2,25,52.1,397
172730,"Cookies, peanut butter, refrigerated dough, baked",Baked Products,503,9.1,27.5,57.3,436
172731,"Cookies, brownies, dry mix, sugar free",Baked Products,426,2.9,12.5,80.4,83
172732,"Cookies, chocolate chip, commercially prepared, special dietary",Baked Products,450,3.9,16.8,73.4,244
172733,"Cookies, chocolate sandwich, with creme filling, special dietary",Baked Products,461,4.5,22.1,68,342
172734,"Cookies, oatmeal, commercially prepared, special dietary",Baked Products,449,4.8,18,69.9,273
172735,"Cookies, sugar, refrigerated dough, baked",Baked Products,489,4.7,23.1,65.6,362
172736,"Cookies, sugar wafers with creme filling, regular",Baked Products,502,3.84,23.24,70.64,103
172737,"Cookies, vanilla sandwich with creme filling",Baked Products,483,4.5,20,72.1,388
172738,"Puff pastry, frozen, ready-to-bake, baked",Baked Products,558,7.4,38.5,45.7,253
172739,"Crackers, crispbread, rye",Baked Products,366,7.9,1.3,82.2,410
172740,"Crackers, matzo, plain",Baked Products,395,10,1.4,83.7,0
172741,"Crackers, matzo, egg",Baked Products,391,12.3,2.1,78.6,21
172742,"Crackers, matzo, whole-wheat",Baked Products,351,13.1,1.5,78.9,2
172743,"Crackers, rye, sandwich-type with cheese filling",Baked Products,481,9.2,22.3,60.8,1044
172744,"Crackers, rye, wafers, plain",Baked Products,334,9.6,0.9,80.4,557
172745,"Crackers, rye, wafers, seasoned",Baked Products,381,9,9.2,73.8,887
172746,"Crackers, saltines (includes oyster, soda, soup)",Baked Products,418,9.46,8.64,74.05,941
172747,"Crackers, wheat, sandwich, with cheese filling",Baked Products,497,9.8,25,58.2,839
172748,"Crackers, wheat, sandwich, with peanut butter filling",Baked Products,495,13.5,26.7,53.8,807
172749,"Crackers, whole-wheat",Baked Products,427,10.58,14.13,69.55,800
172750,"Cracker, meal",Baked Products,383,9.3,1.7,80.9,16
172751,"Croutons, plain",Baked Products,407,11.9,6.6,73.5,698
172752,"Croutons, seasoned",Baked Products,465,10.8,18.3,63.5,1333
172753,"Danish pastry, cinnamon, enriched",Baked Products,403,7,22.4,44.6,414
172754,"Danish pastry, cheese",Baked Products,374,8,21.9,37.2,417
172755,"Danish pastry, fruit, enriched (includes apple, cinnamon, raisin, lemon, raspberry, strawberry)",Baked Products,371,5.4,18.5,47.8,445
172756,"Doughnuts, french crullers, glazed",Baked Products,412,3.1,18.3,59.5,345
172757,"Doughnuts, yeast-leavened, with creme filling",Baked Products,361,6.4,24.5,30,309
172758,"Doughnuts, yeast-leavened, glazed, enriched (includes honey buns)",Baked Products,421,6.14,22.7,47.93,316
172759,"Doughnuts, yeast-leavened, with jelly filling",Baked Products,340,5.9,18.7,39,455
172760,"Muffins, English, raisin-cinnamon, toasted (includes apple-cinnamon)",Baked Products,276,8.87,2.21,55.04,342
172761,"Muffins, English, wheat",Baked Products,223,8.7,2,44.8,353
172762,"Muffins, English, whole-wheat",Baked Products,203,8.8,2.1,40.4,364
172763,"French toast, frozen, ready-to-heat",Baked Products,213,7.4,6.1,32.1,495
172764,"Muffins, plain, prepared from recipe, made with low fat (2%) milk",Baked Products,296,6.9,11.4,41.4,467
172765,"Muffins, blueberry, commercially prepared (Includes mini-muffins)",Baked Products,375,4.49,16.07,53,336
172766,"Muffins, blueberry, dry mix",Baked Products,293,3.48,3.25,61,479
172767,"Muffins, blueberry, toaster-type",Baked Products,313,4.6,9.5,53.3,417
172768,"Muffins, blueberry, prepared from recipe, made with low fat (2%) milk",Baked Products,285,6.5,10.8,40.7,441
172769,"Muffins, oat bran",Baked Products,270,7,7.4,48.3,393
172770,"Muffins, wheat bran, dry mix",Baked Products,396,7.1,12,73,700
172771,"Pancakes plain, frozen, ready-to-heat (includes buttermilk)",Baked Products,233,5.23,6.83,37.75,461
172772,"Pancakes, plain, dry mix, complete (includes buttermilk)",Baked Products,368,9.77,3.1,73.65,1082
172773,"Pancakes, blueberry, prepared from recipe",Baked Products,222,6.1,9.2,29,412
172774,"Pancakes, buckwheat, dry mix, incomplete",Baked Products,340,10.9,2.7,71.3,684
172775,"Pancakes, special dietary, dry mix",Baked Products,349,8.9,1.4,73.9,456
172776,"Pancakes, whole-wheat, dry mix, incomplete",Baked Products,344,12.8,1.5,71,1419
172777,"Pie, banana cream, prepared from recipe",Baked Products,269,4.4,13.6,32.9,240
172778,"Pie, blueberry, commercially prepared",Baked Products,232,1.8,10,34.9,287
172779,"Pie, blueberry, prepared from recipe",Baked Products,245,2.7,11.9,33.5,185
172780,"Pie, cherry, commercially prepared",Baked Products,260,2,11,39.8,246
172781,"Pie, cherry, prepared from recipe",Baked Products,270,2.8,12.2,38.5,191
172782,"Pie, coconut custard, commercially prepared",Baked Products,260,5.9,13.2,30.2,335
172783,"Pie, egg custard, commercially prepared",Baked Products,210,5.5,11.6,20.8,275
172784,"Pie, fried pies, fruit",Baked Products,316,3,16.1,42.6,333
172785,"Pie, lemon meringue, commercially prepared",Baked Products,268,1.5,8.7,47.2,172
172786,"Pie, pecan, prepared from recipe",Baked Products,412,4.9,22.2,52.2,262
172787,"Pie, pumpkin, commercially prepared",Baked Products,243,3.9,9.75,34.83,239
172788,"Pie, pumpkin, prepared from recipe",Baked Products,204,4.5,9.3,26.4,225
172789,"Pie, vanilla cream, prepared from recipe",Baked Products,278,4.8,14.4,32.6,260
172790,"Puff pastry, frozen, ready-to-bake",Baked Products,551,7.3,38.1,45.1,249
172791,Phyllo dough,Baked Products,299,7.1,6,52.6,483
172792,"Popovers, dry mix, enriched",Baked Products,371,10.4,4.3,71,906
172793,"Rolls, dinner, plain, commercially prepared (includes brown-and-serve)",Baked Products,310,10.86,6.47,52.04,467
172794,"Rolls, dinner, whole-wheat",Baked Products,266,8.7,4.7,51.1,521
172795,"Rolls, french",Baked Products,277,8.6,4.3,50.2,574
172796,"Rolls, hamburger or hotdog, plain",Baked Products,279,9.77,3.91,50.12,494
172797,"Rolls, hamburger or hotdog, mixed-grain",Baked Products,263,9.6,6,44.6,458
172798,"Sweet rolls, cinnamon, refrigerated dough with frosting",Baked Products,333,5,12.2,51.6,765
172799,"Sweet rolls, cinnamon, refrigerated dough with frosting, baked",Baked Products,362,5.4,13.2,56.1,832
172800,"Taco shells, baked",Baked Products,476,6.41,21.79,63.49,324
172801,"Toaster pastries, brown-sugar-cinnamon",Baked Products,370,4.06,7.98,72.64,361
172802,Wonton wrappers (includes egg roll wrappers),Baked Products,291,9.8,1.5,57.9,572
172803,"Leavening agents, baking powder, double-acting, sodium aluminum sulfate",Baked Products,53,0,0,27.7,10600
172804,"Leavening agents, baking powder, double-acting, straight phosphate",Baked Products,51,0.1,0,24.1,7893
172805,"Leavening agents, baking powder, low-sodium",Baked Products,97,0.1,0.4,46.9,90
172806,"Bread, crumbs, dry, grated, seasoned",Baked Products,383,14.13,5.48,68.49,2100
172807,"Cookies, oatmeal, prepared from recipe, without raisins",Baked Products,447,6.8,17.9,66.4,598
172808,"Cookies, chocolate chip, prepared from recipe, made with butter",Baked Products,488,5.7,28.4,58.2,341
172809,"Bread, protein, (includes gluten), toasted",Baked Products,270,13.2,2.4,48.1,444
172810,"Rolls, dinner, plain, prepared from recipe, made with low fat (2%) milk",Baked Products,316,8.5,7.3,53.4,415
172811,"Pie crust, cookie-type, prepared from recipe, graham cracker, chilled",Baked Products,484,4.1,24.4,63.9,560
172812,"Crackers, matzo, egg and onion",Baked Products,391,10,3.9,77.1,285
172813,"Pie crust, cookie-type, prepared from recipe, vanilla wafer, chilled",Baked Products,531,3.7,36.2,50.2,515
172814,"Pie crust, standard-type, prepared from recipe, unbaked",Baked Products,469,5.7,30.8,42.3,482
172815,"Bread, cornbread, dry mix, unenriched (includes corn muffin mix)",Baked Products,418,7,12.2,69.5,1111
172816,"Bread, pita, white, unenriched",Baked Products,275,9.1,1.2,55.7,536
172817,"Bread, raisin, unenriched",Baked Products,274,7.9,4.4,52.3,390
172818,"Bread, white, commercially prepared, low sodium, no salt",Baked Products,267,8.2,3.6,49.6,298
172819,"Cookies, butter, commercially prepared, unenriched",Baked Products,467,6.1,18.8,68.9,351
172820,"Cookies, chocolate chip, commercially prepared, regular, higher fat, unenriched",Baked Products,481,5.4,22.6,66.8,315
172821,"Cookies, ladyfingers, without lemon juice and rind",Baked Products,363,10.6,9.1,59.7,147
172822,"Crackers, melba toast, plain, without salt",Baked Products,390,12.1,3.2,76.6,19
172823,"Crackers, whole-wheat, low salt",Baked Products,443,8.8,17.2,68.6,186
172824,"Danish pastry, cinnamon, unenriched",Baked Products,403,7,22.4,44.6,371
172825,"Danish pastry, fruit, unenriched (includes apple, cinnamon, raisin, strawberry)",Baked Products,371,5.4,18.5,47.8,354
172826,"Bread, white, commercially prepared, toasted, low sodium no salt",Baked Products,293,9,4,54.4,376
172827,"Danish pastry, lemon, unenriched",Baked Products,371,5.4,18.5,47.8,354
172828,"English muffins, plain, unenriched, with calcium propionate (includes sourdough)",Baked Products,235,7.7,1.8,46,464
172829,"Quail, breast, meat only, raw",Poultry Products,123,22.59,2.99,0,55
172830,"Chicken, broiler, rotisserie, BBQ, wing, meat and skin",Poultry Products,257,23.42,18.04,0.6,579
172831,"Ruffed Grouse, breast meat, skinless, raw",Poultry Products,112,25.94,0.88,0,50
172832,"Emu, ground, raw",Poultry Products,134,22.77,4.03,0,56
172833,"Emu, ground, cooked, pan-broiled",Poultry Products,163,28.43,4.65,0,65
172834,"Emu, full rump, cooked, broiled",Poultry Products,168,33.67,2.68,0,110
172835,"Emu, inside drum, raw",Poultry Products,108,22.22,1.49,0,102
172836,"Emu, inside drums, cooked, broiled",Poultry Products,156,32.38,2.01,0,118
172837,"Emu, outside drum, raw",Poultry Products,103,23.08,0.48,0,100
172838,"Emu, oyster, raw",Poultry Products,141,22.81,4.86,0,150
172839,"Ostrich, inside leg, raw",Poultry Products,111,22.39,1.72,0,72
172840,"Ostrich, inside leg, cooked",Poultry Products,141,29.01,1.94,0,83
172841,"Ostrich, inside strip, raw",Poultry Products,127,23.69,2.87,0,76
172842,"Ostrich, inside strip, cooked",Poultry Products,164,29.37,4.26,0,73
172843,"Ostrich, oyster, cooked",Poultry Products,159,28.81,3.97,0,81
172844,"Ostrich, round, raw",Poultry Products,116,21.99,2.4,0,72
172845,"Ostrich, tenderloin, raw",Poultry Products,123,22.07,3.19,0,86
172846,"Ostrich, tip trimmed, raw",Poultry Products,114,21.85,2.3,0,67
172847,"Turkey, ground, fat free, raw",Poultry Products,112,23.57,1.95,0,51
172848,"Turkey, ground, fat free, pan-broiled crumbles",Poultry Products,151,31.69,2.71,0,61
172849,"Turkey, ground, fat free, patties, broiled",Poultry Products,138,28.99,2.48,0,59
172850,"Turkey, ground, 93% lean, 7% fat, raw",Poultry Products,150,18.73,8.34,0,69
172851,"Turkey, ground, 93% lean, 7% fat, pan-broiled crumbles",Poultry Products,213,27.1,11.6,0,90
172852,"Chicken, broilers or fryers, dark meat, drumstick, meat only, cooked, braised",Poultry Products,149,23.93,5.95,0,117
172853,"Chicken, broilers or fryers, dark meat, thigh, meat only, cooked, braised",Poultry Products,176,24.55,8.63,0,77
172854,"Chicken, skin (drumsticks and thighs), cooked, braised",Poultry Products,443,14.61,42.76,0,75
172855,"Chicken, skin (drumsticks and thighs), raw",Poultry Products,440,9.58,44.23,0.79,51
172856,"Chicken, dark meat, drumstick, meat only, with added solution, cooked, roasted",Poultry Products,146,25.34,5,0,190
172857,"Chicken, dark meat, drumstick, meat only, with added solution, cooked, braised",Poultry Products,149,22.99,6.33,0,169
172858,"Chicken, dark meat, thigh, meat only, with added solution, cooked, braised",Poultry Products,164,23,7.96,0,197
172859,"Chicken, dark meat, thigh, meat only, with added solution, raw",Poultry Products,110,19.11,3.69,0,156
172860,"Chicken, dark meat, drumstick, meat and skin, with added solution, raw",Poultry Products,146,18.03,8.24,0,150
172861,"Chicken, dark meat, drumstick, meat and skin, with added solution, cooked, roasted",Poultry Products,180,24.72,9,0.05,186
172862,"Chicken, dark meat, thigh, meat and skin, with added solution, cooked, braised",Poultry Products,215,20.7,14.62,0.21,185
172863,"Chicken, dark meat, thigh, meat and skin, with added solution, raw",Poultry Products,197,16.56,14.58,0,151
172864,"Turkey from whole, light meat, meat only, with added solution, raw",Poultry Products,101,21.54,1.66,0,206
172865,"Turkey from whole, light meat, meat only, with added solution, cooked, roasted",Poultry Products,127,26.97,2.08,0,238
172866,"Turkey, skin from whole (light and dark), with added solution, raw",Poultry Products,381,12.29,36.8,0.21,138
172867,"Turkey, skin from whole, (light and dark), with added solution, roasted",Poultry Products,451,22.15,40.31,0,234
172868,"Turkey, whole, meat only, with added solution, raw",Poultry Products,106,20.87,2.39,0.14,194
172869,"Turkey, whole, meat only, with added solution, roasted",Poultry Products,140,26.61,3.7,0,223
172870,"Turkey, whole, meat and skin, with added solution, raw",Poultry Products,159,19.03,9.1,0.15,180
172871,"Turkey, whole, meat and skin, with added solution, roasted",Poultry Products,176,26.09,8.01,0,224
172872,"Turkey, retail parts, wing, meat only, cooked, roasted",Poultry Products,170,30.17,5.51,0,103
172873,"Turkey, skin, from retail parts, from dark meat, raw",Poultry Products,380,14.35,35.83,0,78
172874,"Turkey, skin, from retail parts, from dark meat, cooked, roasted",Poultry Products,414,24.58,35.03,0,106
172875,"Turkey, retail parts, drumstick, meat only, raw",Poultry Products,118,20.52,3.97,0,87
172876,"Turkey, breast, from whole bird, meat only, with added solution, raw",Poultry Products,102,21.54,1.66,0.14,206
172877,"Turkey, retail parts, thigh, meat only, cooked, roasted",Poultry Products,159,25.14,6.25,0.46,104
172878,"Turkey, retail parts, drumstick, meat only, cooked, roasted",Poultry Products,173,28.61,6.52,0,112
172879,"Sauce, plum, ready-to-serve","Soups, Sauces, and Gravies",184,0.89,1.04,42.81,538
172880,"Sauce, pizza, canned, ready-to-serve","Soups, Sauces, and Gravies",54,2.18,1.15,8.66,348
172881,"Soup, tomato bisque, canned, condensed","Soups, Sauces, and Gravies",96,1.76,1.95,18.47,698
172882,"Soup, tomato, canned, condensed","Soups, Sauces, and Gravies",66,1.46,0.44,15.22,377
172883,"Soup, stock, beef, home-prepared","Soups, Sauces, and Gravies",13,1.97,0.09,1.2,198
172884,"Soup, stock, chicken, home-prepared","Soups, Sauces, and Gravies",36,2.52,1.2,3.53,143
172885,"Soup, stock, fish, home-prepared","Soups, Sauces, and Gravies",16,2.26,0.81,0,156
172886,"Sauce, hoisin, ready-to-serve","Soups, Sauces, and Gravies",220,3.31,3.39,44.08,1615
172887,"Soup, cream of mushroom, canned, condensed, reduced sodium","Soups, Sauces, and Gravies",52,1.21,1.69,8.1,383
172888,"Soup, chicken broth, less/reduced sodium, ready to serve","Soups, Sauces, and Gravies",7,1.36,0,0.38,231
172889,"Soup, beef broth, less/reduced sodium, ready to serve","Soups, Sauces, and Gravies",6,1.14,0.07,0.2,225
172890,"Sauce, teriyaki, ready-to-serve, reduced sodium","Soups, Sauces, and Gravies",89,5.93,0.02,15.58,1778
172891,"Soup, cream of asparagus, canned, prepared with equal volume milk","Soups, Sauces, and Gravies",65,2.55,3.3,6.61,420
172892,"Soup, chicken vegetable with potato and cheese, chunky, ready-to-serve","Soups, Sauces, and Gravies",65,1.16,4.46,5.2,416
172893,"Soup, cream of celery, canned, prepared with equal volume milk","Soups, Sauces, and Gravies",66,2.29,3.91,5.86,272
172894,"Soup, cheese, canned, prepared with equal volume milk","Soups, Sauces, and Gravies",92,3.77,5.8,6.47,406
172895,"Soup, oyster stew, canned, prepared with equal volume milk","Soups, Sauces, and Gravies",55,2.51,3.24,3.99,425
172896,"Soup, pea, green, canned, prepared with equal volume milk","Soups, Sauces, and Gravies",94,4.97,2.77,12.69,352
172897,"Soup, cream of potato, canned, prepared with equal volume milk","Soups, Sauces, and Gravies",60,2.33,2.6,6.92,230
172898,"Soup, cream of shrimp, canned, prepared with equal volume low fat (2%) milk","Soups, Sauces, and Gravies",61,2.78,3.23,5.64,354
172899,"Soup, HEALTHY CHOICE Chicken and Rice Soup, canned","Soups, Sauces, and Gravies",37,2.53,0.55,5.71,181
172900,"Soup, HEALTHY CHOICE Garden Vegetable Soup, canned","Soups, Sauces, and Gravies",51,2.13,0.21,10.04,195
172901,"CAMPBELL'S, Cream of Mushroom Soup, condensed","Soups, Sauces, and Gravies",81,1.29,5.5,6.59,697
172902,"Soup, tomato bisque, canned, prepared with equal volume milk","Soups, Sauces, and Gravies",79,2.51,2.63,11.73,442
172903,"Soup, black bean, canned, prepared with equal volume water","Soups, Sauces, and Gravies",46,2.42,0.66,7.71,487
172904,"Soup, bean with pork, canned, prepared with equal volume water","Soups, Sauces, and Gravies",63,2.88,2.16,8.31,349
172905,"Soup, bean with frankfurters, canned, prepared with equal volume water","Soups, Sauces, and Gravies",75,3.99,2.79,8.8,437
172906,"Soup, beef noodle, canned, prepared with equal volume water","Soups, Sauces, and Gravies",34,1.93,1.23,3.58,325
172907,"Soup, cream of celery, canned, prepared with equal volume water","Soups, Sauces, and Gravies",37,0.68,2.29,3.62,254
172908,"Soup, chicken gumbo, canned, prepared with equal volume water","Soups, Sauces, and Gravies",23,1.08,0.59,3.43,391
172909,"Soup, chicken noodle, canned, prepared with equal volume water","Soups, Sauces, and Gravies",24,1.16,0.76,2.97,335
172910,"Soup, chicken with rice, canned, prepared with equal volume water","Soups, Sauces, and Gravies",24,1.45,0.78,2.92,238
172911,"Soup, chili beef, canned, prepared with equal volume water","Soups, Sauces, and Gravies",57,2.49,1.24,9.23,388
172912,"CAMPBELL'S CHUNKY, Old Fashioned Vegetable Beef Soup","Soups, Sauces, and Gravies",49,3.16,1.23,6.24,346
172913,"Soup, minestrone, canned, prepared with equal volume water","Soups, Sauces, and Gravies",34,1.77,1.04,4.66,254
172914,"Soup, mushroom barley, canned, prepared with equal volume water","Soups, Sauces, and Gravies",30,0.77,0.93,4.8,365
172915,"Soup, cream of mushroom, canned, prepared with equal volume water","Soups, Sauces, and Gravies",39,0.66,2.59,3.33,340
172916,"Soup, pea, split with ham, canned, prepared with equal volume water","Soups, Sauces, and Gravies",75,4.08,1.74,11.05,398
172917,"Soup, cream of potato, canned, prepared with equal volume water","Soups, Sauces, and Gravies",30,0.72,0.97,4.7,238
172918,"Soup, cream of shrimp, canned, prepared with equal volume water","Soups, Sauces, and Gravies",36,1.11,2.07,3.27,391
172919,"Soup, tomato beef with noodle, canned, prepared with equal volume water","Soups, Sauces, and Gravies",56,1.78,1.71,8.44,367
172920,"Soup, tomato rice, canned, prepared with equal volume water","Soups, Sauces, and Gravies",47,0.82,1.06,8.54,319
172921,"Soup, vegetable with beef broth, canned, prepared with equal volume water","Soups, Sauces, and Gravies",33,1.21,0.78,5.35,253
172922,"Soup, beef broth or bouillon, powder, prepared with water","Soups, Sauces, and Gravies",3,0.21,0.08,0.25,382
172923,"Soup, beef broth, cubed, prepared with water","Soups, Sauces, and Gravies",3,0.21,0.08,0.25,260
172924,"Soup, chicken broth or bouillon, dry, prepared with water","Soups, Sauces, and Gravies",4,0.28,0.23,0.3,401
172925,"Soup, chicken noodle, dry, mix, prepared with water","Soups, Sauces, and Gravies",23,0.84,0.55,3.67,229
172926,"Olive loaf, pork",Sausages and Luncheon Meats,235,11.8,16.5,9.2,964
172927,"Pastrami, turkey",Sausages and Luncheon Meats,139,16.3,6.21,3.34,1123
172928,"Pate, chicken liver, canned",Sausages and Luncheon Meats,201,13.45,13.1,6.55,386
172929,"Pate, goose liver, smoked, canned",Sausages and Luncheon Meats,462,11.4,43.84,4.67,697
172930,"Pate, liver, not specified, canned",Sausages and Luncheon Meats,319,14.2,28,1.5,697
172931,"Luxury loaf, pork",Sausages and Luncheon Meats,141,18.4,4.8,4.9,1225
172932,"Mother's loaf, pork",Sausages and Luncheon Meats,282,12.07,22.3,7.53,1127
172933,"Picnic loaf, pork, beef",Sausages and Luncheon Meats,232,14.92,16.64,4.76,1164
172934,"Pork sausage, link/patty, unprepared",Sausages and Luncheon Meats,288,15.39,24.8,0.93,739
172935,"Salami, cooked, beef",Sausages and Luncheon Meats,261,12.6,22.2,1.9,1140
172936,"Salami, cooked, beef and pork",Sausages and Luncheon Meats,336,21.85,25.9,2.4,1740
172937,"Salami, cooked, turkey",Sausages and Luncheon Meats,172,19.2,9.21,1.55,1107
172938,"Salami, dry or hard, pork",Sausages and Luncheon Meats,407,22.58,33.72,1.6,2260
172939,"Sausage, smoked link sausage, pork and beef (nonfat dry milk added)",Sausages and Luncheon Meats,313,13.28,27.61,1.92,1173
172940,"Thuringer, cervelat, summer sausage, beef, pork",Sausages and Luncheon Meats,362,17.45,30.43,3.33,1300
172941,"Turkey breast, sliced, prepackaged",Sausages and Luncheon Meats,106,14.81,3.77,2.2,898
172942,"Sausage, Vienna, canned, chicken, beef, pork",Sausages and Luncheon Meats,230,10.5,19.4,2.6,879
172943,"Honey roll sausage, beef",Sausages and Luncheon Meats,182,18.58,10.5,2.18,1322
172944,"Oscar Mayer, Braunschweiger Liver Sausage (sliced)",Sausages and Luncheon Meats,331,14.25,29.35,2.6,1159
172945,"Oscar Mayer, Chicken Breast (honey glazed)",Sausages and Luncheon Meats,109,19.85,1.5,4.3,1438
172946,"Oscar Mayer, Ham (chopped with natural juice)",Sausages and Luncheon Meats,180,16.3,11.15,3.65,1249
172947,"Oscar Mayer, Salami (hard)",Sausages and Luncheon Meats,368,25.9,28.7,1.6,1976
172948,"Sausage, turkey, pork, and beef, low fat, smoked",Sausages and Luncheon Meats,101,8,2.5,11.54,796
172949,"Frankfurter, beef, pork, and turkey, fat free",Sausages and Luncheon Meats,109,12.5,1.59,11.21,880
172950,"Luncheon meat, pork, ham, and chicken, minced, canned, reduced sodium, added ascorbic acid, includes SPAM, 25% less sodium",Sausages and Luncheon Meats,293,12.5,25.1,3.4,1036
172951,"Luncheon meat, pork with ham, minced, canned, includes Spam (Hormel)",Sausages and Luncheon Meats,315,13.4,26.6,4.6,1411
172952,"Sausage, Italian, sweet, links",Sausages and Luncheon Meats,149,16.13,8.42,2.1,570
172953,"Sausage, Polish, beef with chicken, hot",Sausages and Luncheon Meats,259,17.6,19.4,3.6,1540
172954,"Sausage, Polish, pork and beef, smoked",Sausages and Luncheon Meats,301,12.07,26.56,1.98,848
172955,"Sausage, pork and beef, with cheddar cheese, smoked",Sausages and Luncheon Meats,296,12.89,25.84,2.13,848
172956,"Bratwurst, beef and pork, smoked",Sausages and Luncheon Meats,297,12.2,26.34,2,848
172957,"Bratwurst, chicken, cooked",Sausages and Luncheon Meats,176,19.44,10.35,0,72
172958,"Bratwurst, pork, beef and turkey, lite, smoked",Sausages and Luncheon Meats,186,14.45,13.53,1.62,982
172959,"Pastrami, beef, 98% fat-free",Sausages and Luncheon Meats,95,19.6,1.16,1.54,1010
172960,"Yachtwurst, with pistachio nuts, cooked",Sausages and Luncheon Meats,268,14.8,22.6,1.4,936
172961,"Beerwurst, pork and beef",Sausages and Luncheon Meats,276,14,22.53,4.27,732
172962,"Chicken breast, fat-free, mesquite flavor, sliced",Sausages and Luncheon Meats,80,16.8,0.39,2.25,1040
172963,"Chicken breast, oven-roasted, fat-free, sliced",Sausages and Luncheon Meats,79,16.79,0.39,2.17,1087
172964,"Frankfurter, pork",Sausages and Luncheon Meats,269,12.81,23.68,0.28,816
172965,"Macaroni and cheese loaf, chicken, pork and beef",Sausages and Luncheon Meats,228,11.76,14.96,11.63,3
172966,"Salami, Italian, pork and beef, dry, sliced, 50% less sodium",Sausages and Luncheon Meats,350,21.8,26.4,6.4,936
172967,"Pate, truffle flavor",Sausages and Luncheon Meats,327,11.2,28.5,6.3,807
172968,"Frankfurter, meat",Sausages and Luncheon Meats,290,10.26,25.76,4.17,1090
172969,"Scrapple, pork",Sausages and Luncheon Meats,213,8.06,13.87,14.06,482
172970,"Bologna, chicken, turkey, pork",Sausages and Luncheon Meats,298,9.88,26.18,5.65,922
172971,"Pork sausage, link/patty, fully cooked, microwaved",Sausages and Luncheon Meats,438,15.12,41.66,0.62,990
172972,"Cereals, QUAKER, QUAKER MultiGrain Oatmeal, dry",Breakfast Cereals,334,12.64,2.73,72.62,7
172973,"Cereals ready-to-eat, chocolate-flavored frosted puffed corn",Breakfast Cereals,405,3.34,3.5,87.2,534
172974,"Cereals ready-to-eat, QUAKER, Toasted Multigrain Crisps",Breakfast Cereals,372,12.38,5.11,74.9,365
172975,"Cereals ready-to-eat, QUAKER, QUAKER 100% Natural Granola with Oats, Wheat, Honey, and Raisins",Breakfast Cereals,412,9.66,10.38,74.67,54
172976,"Cereals ready-to-eat, QUAKER, Low Fat 100% Natural Granola with Raisins",Breakfast Cereals,388,8.42,5.52,80.57,234
172977,"Cereals, QUAKER, Instant Grits, Butter flavor, dry",Breakfast Cereals,369,8.12,5.64,74.83,1197
172978,"Cereals, Oat Bran, QUAKER, QUAKER/MOTHER'S Oat Bran, prepared with water, salt",Breakfast Cereals,43,2.03,0.95,7.49,46
172979,"Cereals, QUAKER, QUAKER MultiGrain Oatmeal, prepared with water, no salt",Breakfast Cereals,61,2.08,0.47,13.49,3
172980,"Cereals, QUAKER, QUAKER MultiGrain Oatmeal, prepared with water, salt",Breakfast Cereals,61,2.07,0.47,13.47,70
172981,"Cereals ready-to-eat, HEALTH VALLEY, FIBER 7 Flakes",Breakfast Cereals,353,14.44,1.41,78.15,200
172982,"Cereals ready-to-eat, MALT-O-MEAL, BERRY COLOSSAL CRUNCH",Breakfast Cereals,396,4.19,4.17,86.55,633
172983,"Cereals ready-to-eat, MALT-O-MEAL, Crispy Rice",Breakfast Cereals,346,6.07,1.12,86.4,924
172984,"Cereals ready-to-eat, MALT-O-MEAL, TOOTIE FRUITIES",Breakfast Cereals,391,4.69,3.2,85.94,453
172985,"Cereals ready-to-eat, QUAKER, MOTHER'S PEANUT BUTTER BUMPERS Cereal",Breakfast Cereals,407,7.62,7.33,79.68,774
172986,"Cereals ready-to-eat, QUAKER, MOTHER'S Toasted Oat Bran cereal",Breakfast Cereals,372,11.45,5.04,75.41,653
172987,"Cereals ready-to-eat, QUAKER, Shredded Wheat, bagged cereal",Breakfast Cereals,348,11.24,2.01,81.01,4
172988,"Cereals ready-to-eat, SUN COUNTRY, KRETSCHMER Wheat Germ, Regular",Breakfast Cereals,366,31.43,9.56,49.38,6
172989,"Cereals, QUAKER, Quick Oats, Dry",Breakfast Cereals,371,13.7,6.87,68.18,3
172990,"Cereals ready-to-eat, MALT-O-MEAL, Frosted Flakes",Breakfast Cereals,389,4.25,0.87,90.2,451
172991,"Cereals, QUAKER, Instant Oatmeal, Raisin and Spice, dry",Breakfast Cereals,360,9.11,4,75.68,440
172992,"Cereals, QUAKER, Instant Grits, Redeye Gravy & Country Ham flavor, dry",Breakfast Cereals,342,9.83,1.58,75.86,1805
172993,"Cereals, QUAKER, Instant Grits Product with American Cheese Flavor, dry",Breakfast Cereals,360,8.8,4.67,74.18,1518
172994,"Cereals, QUAKER, Instant Grits, Ham 'n' Cheese flavor, dry",Breakfast Cereals,355,10.73,4.68,71.08,1930
172995,"Cereals ready-to-eat, MALT-O-MEAL, HONEY GRAHAM SQUARES",Breakfast Cereals,398,4.46,9.97,74.68,838
172996,"Cereals ready-to-eat, MALT-O-MEAL, Raisin Bran Cereal",Breakfast Cereals,342,7.63,1.87,80.37,466
172997,"Cereals ready-to-eat, MALT-O-MEAL, Blueberry MUFFIN TOPS Cereal",Breakfast Cereals,443,4.9,11.48,79.91,462
172998,"Cereals, MALT-O-MEAL, Farina Hot Wheat Cereal, dry",Breakfast Cereals,365,10.48,0.49,77.2,3
172999,"Cereals, MALT-O-MEAL, Maple & Brown Sugar Hot Wheat Cereal, dry",Breakfast Cereals,368,8.82,0.47,80.52,5
173000,"Cereals ready-to-eat, MALT-O-MEAL, Frosted Mini SPOONERS",Breakfast Cereals,354,9.09,1.94,81.81,18
173001,"Cereals ready-to-eat, MALT-O-MEAL, Fruity DYNO-BITES",Breakfast Cereals,404,3.9,3.15,90.1,630
173002,"Cereals ready-to-eat, RALSTON Enriched Wheat Bran flakes",Breakfast Cereals,390,10.21,3.36,79.77,586
173003,"Cereals ready-to-eat, RALSTON Corn Biscuits",Breakfast Cereals,376,5.83,1.05,85.79,767
173004,"Cereals, MALT-O-MEAL, chocolate, prepared with water, without salt",Breakfast Cereals,47,1.37,0.1,9.22,1
173005,"Cereals ready-to-eat, POST GREAT GRAINS Cranberry Almond Crunch",Breakfast Cereals,384,8.9,5.9,76.6,214
173006,Rice and Wheat cereal bar,Snacks,409,9.09,9.09,72.73,428
173007,"Cereals ready-to-eat, QUAKER, QUAKER Honey Graham LIFE Cereal",Breakfast Cereals,373,9.33,4.14,78.56,488
173008,"Cereals, CREAM OF WHEAT, 2 1/2 minute cook time, cooked with water, stove-top, without salt",Breakfast Cereals,56,1.44,0.2,11.74,34
173009,"Cereals, CREAM OF WHEAT, 2 1/2 minute cook time, cooked with water, microwaved, without salt",Breakfast Cereals,52,1.88,0.37,10.1,45
173010,"Cereals, CREAM OF WHEAT, 1 minute cook time, dry",Breakfast Cereals,359,11.77,1.47,72.63,7
173011,"Cereals, CREAM OF WHEAT, 1 minute cook time, cooked with water, stove-top, without salt",Breakfast Cereals,56,1.65,0.42,11.16,4
173012,"Cereals, CREAM OF WHEAT, 1 minute cook time, cooked with water, microwaved, without salt",Breakfast Cereals,55,1.95,0.37,10.67,4
173013,"Cereals ready-to-eat, QUAKER, Cap'n Crunch's OOPS! All Berries Cereal",Breakfast Cereals,395,4.6,3.99,87.1,637
173014,"Cereals ready-to-eat, QUAKER Oatmeal Squares, Golden Maple",Breakfast Cereals,380,11.3,4.83,78.04,347
173015,"Cereals ready-to-eat, POST, HONEY BUNCHES OF OATS with vanilla bunches",Breakfast Cereals,394,7.9,5.1,81.8,267
173016,"Cereals, QUAKER, Instant Oatmeal, Cinnamon Spice, reduced sugar",Breakfast Cereals,358,11.26,6.11,69.45,760
173017,"Cereals ready-to-eat, NATURE'S PATH, Organic FLAX PLUS flakes",Breakfast Cereals,350,11.91,5.46,75.27,458
173018,"Cereals ready-to-eat, BARBARA'S PUFFINS, original",Breakfast Cereals,333,7.41,3.7,84,704
173019,"Cereals ready-to-eat, POST, HONEY BUNCHES OF OATS, with real strawberries",Breakfast Cereals,399,6.7,4.9,83.3,410
173020,"Cereals ready-to-eat, POST HONEY BUNCHES OF OATS with cinnamon bunches",Breakfast Cereals,400,7.1,5,82.8,464
173021,"Figs, raw",Fruits and Fruit Juices,74,0.75,0.3,19.18,1
173022,"Figs, canned, water pack, solids and liquids",Fruits and Fruit Juices,53,0.4,0.1,13.99,1
173023,"Figs, canned, light syrup pack, solids and liquids",Fruits and Fruit Juices,69,0.39,0.1,17.95,1
173024,"Figs, canned, heavy syrup pack, solids and liquids",Fruits and Fruit Juices,88,0.38,0.1,22.9,1
173025,"Figs, canned, extra heavy syrup pack, solids and liquids",Fruits and Fruit Juices,107,0.38,0.1,27.86,1
173026,"Fruit cocktail, (peach and pineapple and pear and grape and cherry), canned, extra light syrup, solids and liquids",Fruits and Fruit Juices,45,0.4,0.07,11.63,4
173027,"Fruit cocktail, (peach and pineapple and pear and grape and cherry), canned, light syrup, solids and liquids",Fruits and Fruit Juices,57,0.4,0.07,14.93,6
173028,"Fruit cocktail, (peach and pineapple and pear and grape and cherry), canned, heavy syrup, solids and liquids",Fruits and Fruit Juices,73,0.39,0.07,18.91,6
173029,"Fruit cocktail, (peach and pineapple and pear and grape and cherry), canned, extra heavy syrup, solids and liquids",Fruits and Fruit Juices,88,0.39,0.07,22.89,6
173030,"Gooseberries, raw",Fruits and Fruit Juices,44,0.88,0.58,10.18,1
173031,"Gooseberries, canned, light syrup pack, solids and liquids",Fruits and Fruit Juices,73,0.65,0.2,18.75,2
173032,"Goji berries, dried",Fruits and Fruit Juices,349,14.26,0.39,77.06,298
173033,"Grapefruit, raw, pink and red and white, all areas",Fruits and Fruit Juices,32,0.63,0.1,8.08,0
173034,"Grapefruit, raw, white, Florida",Fruits and Fruit Juices,32,0.63,0.1,8.19,0
173035,"Grapefruit, sections, canned, water pack, solids and liquids",Fruits and Fruit Juices,36,0.58,0.1,9.15,2
173036,"Grapefruit, sections, canned, juice pack, solids and liquids",Fruits and Fruit Juices,37,0.7,0.09,9.21,7
173037,"Grapefruit, sections, canned, light syrup pack, solids and liquids",Fruits and Fruit Juices,60,0.56,0.1,15.44,2
173038,"Grapefruit juice, pink or red, with added calcium",Fruits and Fruit Juices,39,0.51,0.68,7.74,2
173039,"Grapefruit juice, white, raw",Fruits and Fruit Juices,39,0.5,0.1,9.2,1
173040,"Grapes, muscadine, raw",Fruits and Fruit Juices,57,0.81,0.47,13.93,1
173041,"Grape juice, canned or bottled, unsweetened, with added ascorbic acid",Fruits and Fruit Juices,60,0.37,0.13,14.77,5
173042,"Grape juice, canned or bottled, unsweetened, without added ascorbic acid",Fruits and Fruit Juices,60,0.37,0.13,14.77,5
173044,"Guavas, common, raw",Fruits and Fruit Juices,68,2.55,0.95,14.32,2
173045,"Guavas, strawberry, raw",Fruits and Fruit Juices,69,0.58,0.6,17.36,37
173046,"Beef, top loin petite roast, boneless, separable lean only, trimmed to 1/8"" fat, all grades, cooked, roasted",Beef Products,195,28.33,8.76,0.82,62
173047,"Beef, top loin petite roast, boneless, separable lean only, trimmed to 1/8"" fat, choice, cooked, roasted",Beef Products,206,28.24,9.97,0.88,62
173048,"Beef, top loin petite roast, boneless, separable lean only, trimmed to 1/8"" fat, select, cooked, roasted",Beef Products,179,28.48,6.95,0.74,64
173049,"Beef, top loin petite roast/filet, boneless, separable lean only, trimmed to 1/8"" fat, all grades, raw",Beef Products,143,22.61,5.84,0,60
173050,"Beef, loin, top sirloin filet, boneless, separable lean only, trimmed to 0"" fat, select, cooked, grilled",Beef Products,165,30.78,4.68,0,56
173051,"Beef, loin, top sirloin petite roast, boneless, separable lean only, trimmed to 0"" fat, all grades, cooked, roasted",Beef Products,170,29.12,5.92,0,57
173052,"Beef, loin, top sirloin petite roast, boneless, separable lean only, trimmed to 0"" fat, select, cooked, roasted",Beef Products,165,29.35,5.25,0,58
173053,"Beef, loin, top sirloin petite roast/filet, boneless, separable lean only, trimmed to 0"" fat, all grades, raw",Beef Products,128,23.04,3.98,0,65
173054,"Beef, ribeye cap steak, boneless, separable lean only, trimmed to 0"" fat, all grades, cooked, grilled",Beef Products,246,24.66,15.7,1.53,86
173055,"Beef, ribeye cap steak, boneless, separable lean only, trimmed to 0"" fat, choice, cooked, grilled",Beef Products,259,24.24,17.21,1.81,86
173056,"Beef, ribeye cap steak, boneless, separable lean only, trimmed to 0"" fat, select, cooked, grilled",Beef Products,226,25.28,13.43,1.1,79
173057,"Beef, ribeye cap steak, boneless, separable lean only, trimmed to 0"" fat, all grades, raw",Beef Products,180,19.7,10.6,1.51,88
173058,"Beef, ribeye petite roast, boneless, separable lean only, trimmed to 0"" fat, all grades, cooked, roasted",Beef Products,178,28.15,7.31,0,55
173059,"Beef, ribeye petite roast, boneless, separable lean only, trimmed to 0"" fat, choice, cooked, roasted",Beef Products,188,28,8.42,0,54
173060,"Beef, ribeye petite roast, boneless, separable lean only, trimmed to 0"" fat, select, cooked, roasted",Beef Products,164,28.37,5.65,0,84
173061,"Beef, loin, top sirloin cap steak, boneless, separable lean and fat, trimmed to 1/8"" fat, all grades, cooked, grilled",Beef Products,242,26,15,0.8,89
173062,"Beef, loin, top sirloin cap steak, boneless, separable lean and fat, trimmed to 1/8"" fat, select, raw",Beef Products,179,20.1,10.9,0,78
173063,"Beef, top loin filet, boneless, separable lean and fat, trimmed to 1/8"" fat, all grades, cooked, grilled",Beef Products,239,27.4,14.1,0.6,93
173064,"Beef, top loin filet, boneless, separable lean and fat, trimmed to 1/8"" fat, choice, cooked, grilled",Beef Products,253,26.8,15.9,0.6,91
173065,"Beef, top loin filet, boneless, separable lean and fat, trimmed to 1/8"" fat, select, cooked, grilled",Beef Products,219,28.3,11.6,0.4,86
173066,"Beef, top loin petite roast/filet, boneless, separable lean and fat, trimmed to 1/8"" fat, choice, raw",Beef Products,199,20.8,12.6,0.6,89
173067,"Beef, top loin petite roast/filet, boneless, separable lean and fat, trimmed to 1/8"" fat, select, raw",Beef Products,170,21.6,9.3,0,85
173068,"Beef, Australian, imported, grass-fed, ground, 85% lean / 15% fat, raw",Beef Products,239,17.72,18.12,0,62
173069,"Beef, loin, top loin steak, boneless, lip-on, separable lean only, trimmed to 1/8"" fat, choice, cooked, grilled",Beef Products,208,28.66,10.34,0,56
173070,"Beef, loin, top loin steak, boneless, lip-on, separable lean only, trimmed to 1/8"" fat, select, cooked, grilled",Beef Products,184,29.67,7.26,0,51
173071,"Beef, loin, top loin steak, boneless, lip-on, separable lean only, trimmed to 1/8"" fat, all grades, cooked, grilled",Beef Products,198,29.06,9.11,0,54
173072,"Beef, loin, top loin steak, boneless, lip-on, separable lean and fat, trimmed to 1/8"" fat, choice, raw",Beef Products,205,21.13,13.36,0,44
173073,"Beef, New Zealand, imported, brisket point end, separable lean only, cooked, braised",Beef Products,202,34.51,7.05,0,30
173074,"Beef, New Zealand, imported, brisket point end, separable lean only, raw",Beef Products,125,20.92,4.62,0,51
173075,"Beef, New Zealand, imported, chuck eye roll, separable lean only, raw",Beef Products,131,20.46,5.41,0,56
173076,"Beef, New Zealand, imported, chuck eye roll, separable lean only, cooked, braised",Beef Products,208,32.08,8.89,0,38
173077,"Beef, New Zealand, imported, flank, separable lean only, cooked, braised",Beef Products,194,30.75,7.92,0,28
173078,"Beef, New Zealand, imported, flank, separable lean only, raw",Beef Products,142,20.53,6.67,0,47
173079,"Beef, New Zealand, imported, flat, separable lean only, cooked, braised",Beef Products,226,33.22,10.3,0,30
173080,"Beef, New Zealand, imported, flat, separable lean only, raw",Beef Products,154,21.3,7.69,0,50
173081,"Beef, New Zealand, imported, variety meats and by-products, heart, cooked, boiled",Beef Products,179,31.29,6,0,59
173082,"Beef, New Zealand, imported, intermuscular fat, cooked",Beef Products,560,7.9,57.22,3.39,25
173083,"Beef, New Zealand, imported, intermuscular fat, raw",Beef Products,602,6.97,63.78,0.01,32
173084,"Beef, New Zealand, imported, variety meats and by-products, kidney, cooked, boiled",Beef Products,157,27.28,5.27,0,123
173085,"Beef, New Zealand, imported, knuckle, cooked, fast fried",Beef Products,178,27.51,7.58,0,49
173086,"Beef, New Zealand, imported, manufacturing beef, raw",Beef Products,119,21.23,3.68,0.23,55
173087,"Beef, New Zealand, imported, oyster blade, separable lean only, cooked, braised",Beef Products,196,29.87,8.46,0,25
173088,"Beef, New Zealand, imported, oyster blade, separable lean only, raw",Beef Products,155,21.83,7.56,0,59
173089,"Beef, New Zealand, imported, ribs prepared, cooked, fast roasted",Beef Products,197,27.23,9.74,0.09,58
173090,"Beef, New Zealand, imported, subcutaneous fat, cooked",Beef Products,731,6.5,78.3,0,25
173091,"Beef, New Zealand, imported, subcutaneous fat, raw",Beef Products,685,8.5,72.38,0,26
173092,"Beef, New Zealand, imported, sweetbread, cooked, boiled",Beef Products,318,12.53,29.79,0,52
173093,"Beef, New Zealand, imported, sweetbread, raw",Beef Products,303,11.51,28.6,0,64
173094,"Beef, New Zealand, imported, tenderloin, separable lean only, cooked, fast fried",Beef Products,200,29.37,9.01,0.27,45
173095,"Beef, New Zealand, imported, variety meats and by-products, tripe cooked, boiled",Beef Products,103,19,2.98,0,40
173096,"Beef, New Zealand, imported, variety meats and by-products, tripe uncooked, raw",Beef Products,77,14.86,1.98,0,81
173097,"Beef, New Zealand, imported, bolar blade, separable lean and fat, cooked, fast roasted",Beef Products,228,31.3,11.37,0,33
173098,"Beef, New Zealand, imported, bolar blade, separable lean and fat, raw",Beef Products,159,21.29,8.22,0,54
173099,"Beef, New Zealand, imported, chuck eye roll, separable lean and fat, cooked, braised",Beef Products,252,29.92,14.74,0,37
173100,"Beef, New Zealand, imported, chuck eye roll, separable lean and fat, raw",Beef Products,181,19.38,11.45,0,53
173101,"Beef, New Zealand, imported, cube roll, separable lean and fat, cooked, fast roasted",Beef Products,286,27.79,19.45,0.03,49
173102,"Beef, New Zealand, imported, cube roll, separable lean and fat, raw",Beef Products,225,18.22,16.31,1.26,43
173103,"Beef, New Zealand, imported, flat, separable lean and fat, raw",Beef Products,177,20.57,10.55,0,49
173104,"Beef, New Zealand, imported, hind shin, separable lean and fat, cooked, braised",Beef Products,196,29.82,8.5,0.07,43
173105,"Beef, New Zealand, imported, hind shin, separable lean and fat, raw",Beef Products,147,20.61,7.2,0,61
173106,"Beef, New Zealand, imported, oyster blade, separable lean and fat, cooked, braised",Beef Products,197,29.79,8.68,0,25
173107,"Beef, New Zealand, imported, striploin, separable lean and fat, raw",Beef Products,252,18.49,19.53,0.6,43
173108,"Beef, New Zealand, imported, tenderloin, separable lean and fat, cooked, fast fried",Beef Products,202,29.26,9.35,0.27,45
173109,"Beef, New Zealand, imported, tenderloin, separable lean and fat, raw",Beef Products,146,21.04,6.88,0,39
173110,"Beef, ground, 93% lean meat / 7% fat, raw",Beef Products,152,20.85,7,0,66
173111,"Beef, ground, 97% lean meat / 3% fat, raw",Beef Products,121,21.98,3,0,66
173112,"Beef, ground, 97% lean meat / 3% fat, patty, cooked, broiled",Beef Products,153,26.36,4.46,0,64
173113,"Beef, ground, 97% lean meat /3% fat, patty, cooked, pan-broiled",Beef Products,144,26.03,3.65,0,69
173114,"Beef, ground, 97% lean meat / 3% fat, loaf, cooked, baked",Beef Products,154,27.58,4.06,0,56
173115,"Beef, round, bottom round, steak, separable lean only, trimmed to 1/8"" fat, choice, cooked, braised",Beef Products,228,34.22,9.02,0,45
173116,"Beef, short loin, top loin, steak, separable lean only, trimmed to 1/8"" fat, choice, raw",Beef Products,155,22.78,6.43,0,58
173117,"Beef, tenderloin, steak, separable lean only, trimmed to 1/8"" fat, choice, cooked, broiled",Beef Products,206,29.01,9.1,0,59
173118,"Beef, top sirloin, steak, separable lean only, trimmed to 1/8"" fat, choice, cooked, broiled",Beef Products,187,29.51,6.72,0,61
173119,"Beef, short loin, top loin, steak, separable lean only, trimmed to 1/8"" fat, choice, cooked, broiled",Beef Products,201,29.16,8.45,0,60
173120,"Beef, round, eye of round, roast, separable lean only, trimmed to 1/8"" fat, select, raw",Beef Products,119,22.31,2.62,0,62
173121,"Beef, round, top round, steak, separable lean only, trimmed to 1/8"" fat, select, raw",Beef Products,129,23.13,3.37,0,64
173122,"Beef, round, bottom round, roast, separable lean only, trimmed to 1/8"" fat, select, raw",Beef Products,128,22.18,3.66,0,62
173123,"Beef, rib, small end (ribs 10-12), separable lean only, trimmed to 1/8"" fat, all grades, cooked, broiled",Beef Products,195,29.58,7.63,0,62
173124,"Beef, bottom sirloin, tri-tip roast, separable lean only, trimmed to 0"" fat, select, raw",Beef Products,129,21.34,4.21,0,54
173125,"Beef, round, tip round, roast, separable lean only, trimmed to 0"" fat, all grades, raw",Beef Products,126,21.07,3.95,0,54
173126,"Beef, round, tip round, roast, separable lean only, trimmed to 0"" fat, choice, raw",Beef Products,130,20.76,4.55,0,52
173127,"Beef, round, tip round, roast, separable lean only, trimmed to 0"" fat, select, raw",Beef Products,122,21.38,3.35,0,58
173128,"Beef, brisket, flat half, separable lean and fat, trimmed to 1/8"" fat, choice, raw",Beef Products,278,18.12,22.15,0.12,61
173129,"Beef, brisket, flat half, separable lean and fat, trimmed to 1/8"" fat, select, raw",Beef Products,276,17.77,22.21,0,58
173130,"Beef, brisket, flat half, separable lean and fat, trimmed to 1/8"" fat, choice, cooked, braised",Beef Products,298,28.66,19.47,0,46
173131,"Snacks, popcorn, microwave, 94% fat free",Snacks,402,10.72,6.1,76.04,571
173132,"Formulated bar, MARS SNACKFOOD US, SNICKERS MARATHON Double Chocolate Nut Bar",Snacks,377,22.35,8.99,51.66,333
173133,"Snacks, M&M MARS, KUDOS Whole Grain Bars, peanut butter",Snacks,463,5.88,20.78,64.69,268
173134,"Formulated bar, MARS SNACKFOOD US, SNICKERS MARATHON Honey Nut Oat Bar",Snacks,381,22.5,7.87,55.13,318
173135,"Snacks, M&M MARS, KUDOS Whole Grain Bar, M&M's milk chocolate",Snacks,415,3.78,11.95,73.01,341
173136,"Formulated bar, MARS SNACKFOOD US, SNICKERS MARATHON Energy Bar, all flavors",Snacks,386,21.91,10.79,50.3,383
173137,"Formulated bar, POWER BAR, chocolate",Snacks,363,14.15,3.11,69.63,308
173138,"Formulated bar, MARS SNACKFOOD US, COCOAVIA, Chocolate Blueberry Snack Bar",Snacks,325,6.21,9.27,57.87,260
173139,"Formulated bar, SLIM-FAST OPTIMA meal bar, milk chocolate peanut",Snacks,386,16.19,8.92,60.21,253
173140,"Snacks, soy chips or crisps, salted",Snacks,385,26.5,7.35,53.15,842
173141,"Popcorn, microwave, regular (butter) flavor, made with palm oil",Snacks,535,8.38,30.22,57.26,763
173142,"Snacks, plantain chips, salted",Snacks,531,2.28,29.59,63.84,202
173143,"Tortilla chips, yellow, plain, salted",Snacks,497,6.62,22.33,67.38,310
173144,"Snacks, granola bar, KASHI GOLEAN, crunchy, mixed flavors",Snacks,393,17.88,9.23,59.58,486
173145,"Snacks, granola bar, chewy, reduced sugar, all flavors",Snacks,412,5.55,12.5,69.4,312
173146,"Snacks, granola bites, mixed flavors",Snacks,451,7.17,17.5,66.27,167
173147,"Snacks, pita chips, salted",Snacks,457,11.79,15.2,68.26,854
173148,"Snacks, granola bars, soft, almond, confectioners coating",Snacks,455,8.6,20,60.13,486
173149,"Formulated bar, high fiber, chewy, oats and chocolate",Snacks,389,5,10,69.82,237
173150,"Snacks, bagel chips, plain",Snacks,451,12.34,15.14,66.36,233
173151,"Snacks, NUTRI-GRAIN FRUIT AND NUT BAR",Snacks,403,9.38,10.93,66.72,195
173152,"Snacks, yucca (cassava) chips, salted",Snacks,515,1.34,25.91,69.23,296
173153,"Snacks, granola bar, GENERAL MILLS, NATURE VALLEY, CHEWY TRAIL MIX",Snacks,415,5.71,11.43,72.27,185
173154,"Snacks, granola bar, QUAKER, DIPPS, all flavors",Snacks,480,7.52,20.42,64.96,269
173155,"Snacks, brown rice chips",Snacks,384,8.2,2.8,81.5,326
173156,"Snack, Pretzel, hard chocolate coated",Snacks,467,7.05,17.64,70.07,494
173157,"Snacks, peas, roasted, wasabi-flavored",Snacks,432,14.11,14.11,62.2,300
173158,"Formulated Bar, SOUTH BEACH protein bar",Snacks,412,30.34,15.17,38.4,436
173159,"Snack, BALANCE, original bar",Snacks,415,28,12,48.73,253
173160,"Snacks, shrimp cracker",Snacks,426,7.14,17.86,59.09,571
173161,Rice crackers,Snacks,416,10,5,82.64,233
173162,"Beverages, MONSTER energy drink, low carb",Beverages,5,0,0,1.38,75
173163,"Beverages, Whiskey sour mix, powder",Beverages,383,0.6,0.1,97.3,274
173164,"Alcoholic beverage, whiskey sour, prepared with water, whiskey and powder mix",Beverages,164,0.1,0.02,15.85,47
173165,"Beverages, THE COCA-COLA COMPANY, NOS energy drink, Original, grape, loaded cherry, charged citrus, fortified with vitamins B6 and B12",Beverages,44,0,0,11.25,85
173166,"Beverages, water, bottled, yumberry, pomegranate with anti-oxidants, zero calories",Beverages,5,0,0,1.25,10
173167,"Beverages, ABBOTT, EAS whey protein powder",Beverages,385,66.67,5.13,17.95,385
173168,"Alcoholic beverage, creme de menthe, 72 proof",Beverages,371,0,0.3,41.6,5
173169,"Beverages, NESTLE, Boost plus, nutritional drink, ready-to-drink",Beverages,138,5.38,5.38,17.29,77
173170,"Beverages, SLIMFAST, Meal replacement,  High Protein Shake, Ready-To-Drink, 3-2-1 plan",Beverages,61,6.59,3.38,0.85,72
173171,"Beverages, UNILEVER, SLIMFAST, meal replacement, regular, ready-to-drink,  3-2-1 Plan",Beverages,57,3.32,1.93,7.74,68
173172,"Beverages, UNILEVER, SLIMFAST Shake Mix, powder, 3-2-1 Plan",Beverages,448,8.13,13.34,73.92,472
173173,"Beverages, FUZE, orange mango, fortified with vitamins A, C, E, B6",Beverages,38,0.68,0.06,9.2,10
173174,"Beverages, UNILEVER, SLIMFAST Shake Mix, high protein, whey powder, 3-2-1 Plan,",Beverages,433,27.87,13.46,50,495
173175,"Beverages, Acai berry drink, fortified",Beverages,62,0.83,0.83,12.83,13
173176,"Alcoholic beverage, wine, dessert, sweet",Beverages,160,0.2,0,13.69,9
173177,"Beverages, Whey protein powder isolate",Beverages,359,58.14,1.16,29.07,372
173178,"Beverages, Orange juice, light, No pulp",Beverages,21,0.21,0,5.42,4
173179,"Beverages, The COCA-COLA company, Hi-C Flashin' Fruit Punch",Beverages,45,0,0,12.5,8
173180,"Beverages, Protein powder whey based",Beverages,352,78.13,1.56,6.25,156
173181,"Beverages, Protein powder soy based",Beverages,388,55.56,5.56,28.89,733
173182,"Beverages, rich chocolate, powder",Beverages,372,0,0,92.96,636
173183,"Beverages, GEROLSTEINER BRUNNEN GmbH & Co. KG (Gerolsteiner), naturally sparkling, mineral bottled water",Beverages,0,0,0,0,13
173184,"Beverages, chocolate malt, powder, prepared with fat free milk",Beverages,49,3.25,0.17,8.64,77
173185,"Alcoholic beverage, wine, table, all",Beverages,83,0.07,0,2.72,5
173186,"Beverages, V8 SPLASH Smoothies, Peach Mango",Beverages,37,1.22,0,7.76,29
173187,"Beverages, chocolate almond milk, unsweetened, shelf-stable, fortified with vitamin D2 and E",Beverages,21,0.83,1.46,1.25,75
173188,"Beverages, The COCA-COLA company, Glaceau Vitamin Water, Revive Fruit Punch, fortified",Beverages,0,0,0,0,0
173189,"Beverages, MINUTE MAID, Lemonada, Limeade",Beverages,50,0,0,13.75,6
173190,"Alcoholic beverage, wine, table, red",Beverages,85,0.07,0,2.61,4
173197,"Beverages, Mixed vegetable and fruit juice drink, with added nutrients",Beverages,29,0.04,0.01,7.47,21
173199,"Carbonated beverage, cream soda",Beverages,51,0,0,13.3,12
173203,"Beverages, carbonated, grape soda",Beverages,43,0,0,11.2,15
173204,"Beverages, carbonated, low calorie, other than cola or pepper,  without caffeine",Beverages,0,0.1,0,0,6
173205,"Beverages, carbonated, lemon-lime soda, no caffeine",Beverages,41,0.09,0,10.42,10
173206,"Beverages, carbonated, SPRITE, lemon-lime, without caffeine",Beverages,40,0.05,0.02,10.14,9
173207,"Beverages, carbonated, low calorie, other than cola or pepper, with aspartame, contains caffeine",Beverages,0,0.1,0,0,6
173209,"Beverages, carbonated, pepper-type, contains caffeine",Beverages,41,0,0.1,10.4,10
173210,"Beverages, Energy drink, RED BULL",Beverages,43,0.46,0,10.23,39
173211,"Beverages, tea, black, ready to drink, decaffeinated, diet",Beverages,0,0,0,0.83,4
173212,"Beverages, tea, black, ready to drink, decaffeinated",Beverages,38,0,0,8.75,8
173213,"Beverages, grape juice drink, canned",Beverages,57,0,0,14.55,9
173214,"Beverages, Cranberry juice cocktail",Beverages,52,0,0.34,12.25,2
173215,"Beverages, SNAPPLE, tea, black and green, ready to drink, peach, diet",Beverages,2,0.1,0,0.1,3
173216,"Lemonade, frozen concentrate, white",Beverages,196,0.22,0.7,49.89,7
173217,"Lemonade, frozen concentrate, white, prepared with water",Beverages,40,0.07,0.04,10.42,4
173218,"Beverages, SNAPPLE, tea, black and green, ready to drink, lemon, diet",Beverages,2,0.1,0,0.1,3
173219,"Beverages, Malted drink mix, natural, with added nutrients, powder, prepared with whole milk",Beverages,86,3.67,3.21,10.67,72
173220,"Beverages, Malted drink mix, natural, powder, dairy based.",Beverages,428,14.29,9.52,71.21,405
173221,"Beverages, Malted drink mix, natural, powder, prepared with whole milk",Beverages,88,3.86,3.62,10.23,79
173222,"Beverages, OVALTINE, chocolate malt powder",Beverages,372,0,0,92.96,530
173223,"Beverages, orange and apricot juice drink, canned",Beverages,51,0.3,0.1,12.7,2
173224,"Beverages, pineapple and grapefruit juice drink, canned",Beverages,47,0.2,0.1,11.6,14
173225,"Beverages, pineapple and orange juice drink, canned",Beverages,50,1.3,0,11.8,3
173226,"Shake, fast food, vanilla",Beverages,148,3.37,6.52,19.59,81
173227,"Beverages, tea, black, brewed, prepared with tap water",Beverages,1,0,0,0.3,3
173228,"Beverages, tea, instant, decaffeinated, lemon, diet",Beverages,338,3.3,0.6,85.4,412
173229,"Beverages, tea, instant, decaffeinated, lemon, sweetened",Beverages,401,0.12,0.73,98.55,5
173230,"Beverages, tea, instant, unsweetened, powder",Beverages,315,20.21,0,58.66,72
173231,"Beverages, tea, instant, lemon, diet",Beverages,2,0.02,0,0.44,6
173232,"Beverages, tea, herb, other than chamomile, brewed",Beverages,1,0,0,0.2,1
173233,"Beverages, water, bottled, PERRIER",Beverages,0,0,0,0,1
173234,"Beverages, water, bottled, POLAND SPRING",Beverages,0,0,0,0,1
173235,"Beverages, orange-flavor drink, breakfast type, powder",Beverages,386,0,0,98.94,17
173236,"Beverages, orange-flavor drink, breakfast type, powder, prepared with water",Beverages,49,0,0,12.65,5
173237,"Beverages, Orange-flavor drink, breakfast type, low calorie, powder",Beverages,217,3.6,0,85.9,81
173238,"English muffins, plain, unenriched, without calcium propionate (includes sourdough)",Baked Products,235,7.7,1.8,46,464
173239,"Pie, apple, commercially prepared, unenriched flour",Baked Products,237,1.9,11,34,266
173240,"Pie, fried pies, cherry",Baked Products,316,3,16.1,42.6,374
173241,"Tortillas, ready-to-bake or -fry, corn, without added salt",Baked Products,222,5.7,2.5,46.6,11
173242,"Tortillas, ready-to-bake or -fry, flour, without added calcium",Baked Products,325,8.7,7.1,55.6,478
173243,"Cake, pound, commercially prepared, fat-free",Baked Products,283,5.4,1.2,61,341
173244,"Cake, yellow, light, dry mix",Baked Products,404,4.7,5.5,84.1,604
173245,"Archway Home Style Cookies, Coconut Macaroon",Baked Products,460,3.02,22.55,61.23,200
173246,"Archway Home Style Cookies, Date Filled Oatmeal",Baked Products,400,4.67,12.05,68.16,331
173247,"Archway Home Style Cookies, Dutch Cocoa",Baked Products,431,4.5,14.99,69.44,384
173248,"Archway Home Style Cookies, Frosty Lemon",Baked Products,430,4.41,17.11,64.78,449
173249,"Archway Home Style Cookies, Iced Molasses",Baked Products,420,3.5,14.43,69.12,605
173250,"Archway Home Style Cookies, Old Fashioned Molasses",Baked Products,406,4.27,11.83,70.55,561
173251,"Archway Home Style Cookies, Old Fashioned Windmill Cookies",Baked Products,468,5.17,17.55,72.23,471
173252,"Archway Home Style Cookies, Peanut Butter",Baked Products,480,9,24.28,58.48,404
173253,"Archway Home Style Cookies, Raspberry Filled",Baked Products,400,4.35,13.26,65.92,334
173254,"George Weston Bakeries, Brownberry Sage and Onion Stuffing Mix, dry",Baked Products,390,13.3,5.1,72.7,1680
173255,"Keebler, Keebler Chocolate Graham SELECTS",Baked Products,465,7.1,16.6,71.8,357
173256,"Continental Mills, Krusteaz Almond Poppyseed Muffin Mix, Artificially Flavored, dry",Baked Products,418,5.6,10.3,75.6,590
173257,"Mckee Baking, Little Debbie Nutty Bars, Wafers with Peanut Butter, Chocolate Covered",Baked Products,548,8,32.8,55.2,223
173258,"Nabisco, Nabisco Ritz Crackers",Baked Products,492,7.23,23.21,63.51,882
173259,"Pillsbury, Buttermilk Biscuits, Artificial Flavor, refrigerated dough",Baked Products,236,6.4,2.79,47.07,854
173260,"Pillsbury, Chocolate Chip Cookies, refrigerated dough",Baked Products,450,3.82,21.26,60.75,326
173261,"Pillsbury, Crusty French Loaf, refrigerated dough",Baked Products,243,8.59,2.88,46.35,575
173262,"Sorghum flour, refined, unenriched",Cereal Grains and Pasta,357,9.53,1.24,76.85,1
173263,"Rice, brown, parboiled, cooked, UNCLE BENS",Cereal Grains and Pasta,147,3.09,0.85,31.33,4
173264,"Pasta, gluten-free, rice flour and rice bran extract, cooked, DE BOLES",Cereal Grains and Pasta,200,4.21,1.7,40.75,4
173265,"Pasta, gluten-free, corn and rice flour, cooked",Cereal Grains and Pasta,179,3.2,1,38.05,4
173349,"Beef, shoulder pot roast or steak, boneless, separable lean and fat, trimmed to 0"" fat, all grades, raw",Beef Products,130,21.39,4.97,0,72
173350,"Beef, short loin, porterhouse steak, separable lean and fat, trimmed to 1/8"" fat, all grades, raw",Beef Products,214,20.49,14.06,0,48
173351,"Beef, short loin, t-bone steak, separable lean and fat, trimmed to 1/8"" fat, all grades, cooked, grilled",Beef Products,289,24.6,20.36,0,62
173352,"Beef, short loin, t-bone steak, separable lean and fat, trimmed to 1/8"" fat, select, raw",Beef Products,215,20.28,14.19,0,52
173353,"Beef, short loin, t-bone steak, separable lean and fat, trimmed to 1/8"" fat, select, cooked, grilled",Beef Products,281,25.18,19.22,0,62
173354,"Beef, round, knuckle, tip side, steak, separable lean and fat, trimmed to 0"" fat, choice, raw",Beef Products,133,21.41,4.66,0,62
173355,"Beef, chuck, shoulder clod, shoulder tender, medallion, separable lean and fat, trimmed to 0"" fat, choice, cooked, grilled",Beef Products,181,26.07,7.68,0,60
173356,"Beef, chuck, shoulder clod, shoulder tender, medallion, separable lean and fat, trimmed to 0"" fat, select, raw",Beef Products,142,20.93,5.79,0,60
173357,"Beef, chuck, shoulder clod, shoulder top and center steaks, separable lean and fat, trimmed to 0"" fat, choice, raw",Beef Products,143,20.39,6.12,0,61
173358,"Beef, chuck, shoulder clod, shoulder top and center steaks, separable lean and fat, trimmed to 0"" fat, choice, cooked, grilled",Beef Products,184,26.07,8.11,0,59
173359,"Beef, chuck, shoulder clod, top blade, steak, separable lean and fat, trimmed to 0"" fat, select, raw",Beef Products,166,19.38,9.22,0,75
173360,"Beef, chuck, shoulder clod, top blade, steak, separable lean and fat, trimmed to 0"" fat, select, cooked, grilled",Beef Products,212,25.29,11.52,0,76
173361,"Beef, round, knuckle, tip center, steak, separable lean and fat, trimmed to 0"" fat, choice, raw",Beef Products,150,20.74,6.85,0,54
173362,"Beef, round, knuckle, tip center, steak, separable lean and fat, trimmed to 0"" fat, choice, cooked, grilled",Beef Products,188,26.88,8.13,0,51
173363,"Beef, round, knuckle, tip center, steak, separable lean and fat, trimmed to 0"" fat, select, raw",Beef Products,137,20.98,5.21,0,53
173364,"Beef, round, outside round, bottom round, steak, separable lean and fat, trimmed to 0"" fat, select, cooked, grilled",Beef Products,166,28.01,5.17,0,60
173365,"Beef, chuck, shoulder clod, shoulder tender, medallion, separable lean and fat, trimmed to 0"" fat, all grades, raw",Beef Products,144,20.54,6.22,0,58
173366,"Beef, chuck, shoulder clod, shoulder tender, medallion, separable lean and fat, trimmed to 0"" fat, all grades, cooked, grilled",Beef Products,177,26.22,7.2,0,59
173367,"Beef, round, knuckle, tip side, steak, separable lean and fat, trimmed to 0"" fat, all grades, raw",Beef Products,129,21.69,4,0,61
173368,"Beef, chuck, shoulder clod, top blade, steak, separable lean and fat, trimmed to 0"" fat, all grades, cooked, grilled",Beef Products,222,24.93,12.79,0,77
173369,"Beef, round, knuckle, tip center, steak, separable lean and fat, trimmed to 0"" fat, all grades, raw",Beef Products,143,20.93,5.89,0,54
173370,"Beef, round, knuckle, tip center, steak, separable lean and fat, trimmed to 0"" fat, all grades, cooked, grilled",Beef Products,177,27.12,6.78,0,52
173371,"Beef, round, outside round, bottom round, steak, separable lean and fat, trimmed to 0"" fat, all grades, raw",Beef Products,142,21.59,5.53,0,62
173372,"Beef, rib eye roast, boneless, lip-on, separable lean only, trimmed to 1/8"" fat, select, cooked, roasted",Beef Products,202,28.72,9.68,0,59
173373,"Beef, plate steak, boneless, inside skirt, separable lean only, trimmed to 0"" fat, all grades, cooked, grilled",Beef Products,234,29.99,12.69,0,63
173374,"Beef, plate steak, boneless, inside skirt, separable lean only, trimmed to 0"" fat, all grades, raw",Beef Products,164,21.17,8.82,0,66
173375,"Beef, plate steak, boneless, inside skirt, separable lean only, trimmed to 0"" fat, choice, cooked, grilled",Beef Products,242,29.56,13.72,0,64
173376,"Beef, plate steak, boneless, outside skirt, separable lean only, trimmed to 0"" fat, all grades, raw",Beef Products,206,18.74,14.53,0.19,67
173377,"Beef, plate steak, boneless, outside skirt, separable lean only, trimmed to 0"" fat, choice, cooked, grilled",Beef Products,291,27.03,20.28,0,71
173378,"Beef, plate steak, boneless, outside skirt, separable lean only, trimmed to 0"" fat, choice, raw",Beef Products,212,18.47,15.26,0.17,68
173379,"Beef, plate steak, boneless, outside skirt, separable lean only, trimmed to 0"" fat, select, cooked, grilled",Beef Products,268,28.65,17.1,0,70
173380,"Beef, rib eye steak, boneless, lip off, separable lean only, trimmed to 0"" fat, choice, raw",Beef Products,162,21.44,8.5,0,56
173381,"Beef, rib eye steak, boneless, lip off, separable lean only, trimmed to 0"" fat, select, cooked, grilled",Beef Products,191,29.18,8.31,0,59
173382,"Beef, rib eye steak, boneless, lip off, separable lean only, trimmed to 0"" fat, select, raw",Beef Products,142,22.46,5.78,0,55
173383,"Beef, rib, back ribs, bone-in, separable lean only, trimmed to 0"" fat, all grades, cooked, braised",Beef Products,299,28.36,20.57,0,68
173384,"Beef, rib, back ribs, bone-in, separable lean only, trimmed to 0"" fat, select, raw",Beef Products,221,19.71,15.73,0.2,59
173385,"Beef, rib eye steak, bone-in, lip-on, separable lean and fat, trimmed to 1/8"" fat, choice, cooked, grilled",Beef Products,313,22.71,24.7,0,60
173386,"Beef, rib eye steak, bone-in, lip-on, separable lean and fat, trimmed to 1/8"" fat, select, cooked, grilled",Beef Products,304,23.19,23.47,0,59
173387,"Beef, rib eye steak, bone-in, lip-on, separable lean and fat, trimmed to 1/8"" fat, all grades, cooked, grilled",Beef Products,309,22.9,24.2,0,60
173388,"Beef, rib eye roast, bone-in, lip-on, separable lean and fat, trimmed to 1/8"" fat, choice, cooked, roasted",Beef Products,307,23.53,23.61,0,62
173389,"Beef, rib eye steak/roast, bone-in, lip-on, separable lean and fat, trimmed to 1/8"" fat, select, raw",Beef Products,248,18.44,19.34,0,55
173390,"Beef, rib eye steak, boneless, lip-on, separable lean and fat, trimmed to 1/8"" fat, choice, cooked, grilled",Beef Products,303,22.92,23.52,0,54
173391,"Beef, rib eye steak, boneless, lip-on, separable lean and fat, trimmed to 1/8"" fat, select, cooked, grilled",Beef Products,273,24.83,19.25,0,54
173392,"Beef, rib eye steak, boneless, lip-on, separable lean and fat, trimmed to 1/8"" fat, all grades, cooked, grilled",Beef Products,291,23.69,21.81,0,54
173393,"Beef, rib eye steak/roast, boneless, lip-on, separable lean and fat, trimmed to 1/8"" fat, choice, raw",Beef Products,253,18.39,19.95,0,50
173394,"Beef, rib eye steak/roast, boneless, lip-on, separable lean and fat, trimmed to 1/8"" fat, select, raw",Beef Products,230,19.55,16.9,0,50
173395,"Beef, plate steak, boneless, inside skirt, separable lean and fat, trimmed to 0"" fat, all grades, cooked, grilled",Beef Products,245,29.36,14.2,0,63
173396,"Beef, plate steak, boneless, inside skirt, separable lean and fat, trimmed to 0"" fat, choice, cooked, grilled",Beef Products,253,28.9,15.3,0,63
173397,"Beef, plate steak, boneless, outside skirt, separable lean and fat, trimmed to 0"" fat, all grades, cooked, grilled",Beef Products,292,27.06,20.47,0,70
173398,"Beef, plate steak, boneless, outside skirt, separable lean and fat, trimmed to 0"" fat, choice, cooked, grilled",Beef Products,300,26.46,21.62,0,70
173399,"Beef, plate steak, boneless, outside skirt, separable lean and fat, trimmed to 0"" fat, select, cooked, grilled",Beef Products,281,27.95,18.75,0,69
173400,"Beef, plate steak, boneless, outside skirt, separable lean and fat, trimmed to 0"" fat, all grades, raw",Beef Products,232,17.98,17.59,0.35,65
173401,"Beef, rib eye steak, boneless, lip off, separable lean and fat, trimmed to 0"" fat, select, cooked, grilled",Beef Products,248,26.29,15.9,0,58
173402,"Beef, rib eye steak, boneless, lip off, separable lean and fat, trimmed to 0"" fat, all grades, raw",Beef Products,228,19.26,16.71,0.12,52
173403,"Beef, rib eye steak, boneless, lip off, separable lean and fat, trimmed to 0"" fat, choice, raw",Beef Products,241,18.69,18.43,0.2,51
173404,"Beef, rib eye steak, boneless, lip off, separable lean and fat, trimmed to 0"" fat, select, raw",Beef Products,208,20.12,14.14,0,52
173405,"Beef, rib, back ribs, bone-in, separable lean and fat, trimmed to 0"" fat, choice, raw",Beef Products,336,15.75,29.89,0.9,53
173406,"Beef, rib, back ribs, bone-in, separable lean and fat, trimmed to 0"" fat, select, raw",Beef Products,305,16.75,26.23,0.6,52
173407,"Beef, loin, top sirloin petite roast, boneless, separable lean only, trimmed to 0"" fat, choice, cooked, roasted",Beef Products,173,28.97,6.37,0,57
173408,"Beef, loin, top sirloin petite roast/filet, boneless, separable lean only, trimmed to 0"" fat, choice, raw",Beef Products,132,23.03,4.4,0,65
173409,"Beef, loin, top sirloin cap steak, boneless, separable lean only, trimmed to 1/8"" fat, select, raw",Beef Products,128,21.44,4.68,0,52
173410,"Butter, salted",Dairy and Egg Products,717,0.85,81.11,0.06,643
173411,"Butter, whipped, with salt",Dairy and Egg Products,731,0.49,78.3,0,583
173412,"Butter oil, anhydrous",Dairy and Egg Products,876,0.28,99.48,0,2
173413,"Cheese, caraway",Dairy and Egg Products,376,25.18,29.2,3.06,690
173414,"Cheese, cheddar (Includes foods for USDA's Food Distribution Program)",Dairy and Egg Products,403,22.87,33.31,3.37,653
173415,"Cheese, cheshire",Dairy and Egg Products,387,23.37,30.6,4.78,700
173416,"Cheese, colby",Dairy and Egg Products,394,23.76,32.11,2.57,604
173417,"Cheese, cottage, lowfat, 1% milkfat",Dairy and Egg Products,72,12.39,1.02,2.72,406
173418,"Cheese, cream",Dairy and Egg Products,350,6.15,34.44,5.52,314
173419,"Cheese, edam",Dairy and Egg Products,357,24.99,28.57,1.43,973
173420,"Cheese, feta",Dairy and Egg Products,265,14.21,21.49,3.88,1139
173421,"Egg, yolk, raw, frozen, pasteurized",Dairy and Egg Products,296,15.53,25.6,0.81,67
173422,"Egg, yolk, raw, frozen, sugared, pasteurized",Dairy and Egg Products,307,13.87,22.82,10.95,70
173423,"Egg, whole, cooked, fried",Dairy and Egg Products,196,13.61,14.84,0.83,207
173424,"Egg, whole, cooked, hard-boiled",Dairy and Egg Products,155,12.58,10.61,1.12,124
173425,"Egg, whole, dried, stabilized, glucose reduced",Dairy and Egg Products,615,48.17,43.95,2.38,548
173426,"Egg, white, dried, flakes, stabilized, glucose reduced",Dairy and Egg Products,351,76.92,0.04,4.17,1156
173427,"Egg, white, dried, powder, stabilized, glucose reduced",Dairy and Egg Products,376,82.4,0.04,4.47,1238
173428,"Egg, yolk, dried",Dairy and Egg Products,669,33.63,59.13,0.66,149
173429,"Egg substitute, powder",Dairy and Egg Products,444,55.5,13,21.8,800
173430,"Butter, without salt",Dairy and Egg Products,717,0.85,81.11,0.06,11
173431,"Cheese, parmesan, shredded",Dairy and Egg Products,415,37.86,27.34,3.41,1696
173432,"Milk, nonfat, fluid, without added vitamin A and vitamin D (fat free or skim)",Dairy and Egg Products,35,3.37,0.18,4.86,42
173433,"Cheese, goat, semisoft type",Dairy and Egg Products,364,21.58,29.84,0.12,415
173434,"Yogurt, Greek, 2% fat, key lime blend, CHOBANI",Dairy and Egg Products,92,7.75,1.47,11.91,40
173435,"Cheese, goat, soft type",Dairy and Egg Products,264,18.52,21.08,0,459
173436,"Egg, yolk, raw, frozen, salted, pasteurized",Dairy and Egg Products,275,14.07,22.93,1.77,3487
173437,"Cheese, mexican, queso asadero",Dairy and Egg Products,356,22.6,25,4.13,607
173438,"Cheese, mexican, queso chihuahua",Dairy and Egg Products,374,21.56,29.68,5.56,617
173439,"Cheese, low fat, cheddar or colby",Dairy and Egg Products,173,24.35,7,1.91,873
173440,"Cheese, low-sodium, cheddar or colby",Dairy and Egg Products,398,24.35,32.62,1.91,21
173441,"Milk, fluid, 1% fat, without added vitamin A and vitamin D",Dairy and Egg Products,42,3.37,0.97,4.99,44
173442,"Sour cream, reduced fat",Dairy and Egg Products,181,7,14.1,7,70
173443,"Sour cream, light",Dairy and Egg Products,136,3.5,10.6,7.1,83
173444,"Sour cream, fat free",Dairy and Egg Products,74,3.1,0,15.6,141
173445,"Yogurt, vanilla or lemon flavor, nonfat milk, sweetened with low-calorie sweetener",Dairy and Egg Products,43,3.86,0.18,7.5,59
173446,KRAFT CHEEZ WHIZ LIGHT Pasteurized Process Cheese Product,Dairy and Egg Products,215,16.3,9.5,16.2,1705
173447,KRAFT FREE Singles American Nonfat Pasteurized Process Cheese Product,Dairy and Egg Products,148,22.7,1,11.7,1298
173448,KRAFT VELVEETA Pasteurized Process Cheese Spread,Dairy and Egg Products,303,16.3,22,9.8,1499
173449,KRAFT VELVEETA LIGHT Reduced Fat Pasteurized Process Cheese Product,Dairy and Egg Products,222,19.6,10.6,11.8,1586
173450,"Milk, chocolate, fluid, commercial, reduced fat, with added calcium",Dairy and Egg Products,78,2.99,1.9,12.13,66
173451,"Yogurt, fruit, lowfat, with low calorie sweetener",Dairy and Egg Products,105,4.86,1.41,18.6,58
173452,"Cheese, parmesan, dry grated, reduced fat",Dairy and Egg Products,265,20,20,1.37,1529
173453,"Cream substitute, flavored, liquid",Dairy and Egg Products,251,0.69,13.5,35.07,67
173454,"Milk, dry, whole, without added vitamin D",Dairy and Egg Products,496,26.32,26.71,38.42,371
173455,"Cheese product, pasteurized process, American, reduced fat, fortified with vitamin D",Dairy and Egg Products,240,17.6,14.1,10.6,1201
173456,"Yogurt, fruit, low fat, 9 grams protein per 8 ounce, fortified with vitamin D",Dairy and Egg Products,99,3.98,1.15,18.64,53
173457,"Yogurt, fruit, low fat, 10 grams protein per 8 ounce, fortified with vitamin D",Dairy and Egg Products,102,4.37,1.08,19.05,58
173458,"Yogurt, fruit variety, nonfat, fortified with vitamin D",Dairy and Egg Products,95,4.4,0.2,19,58
173459,"Protein supplement, milk based, Muscle Milk, powder",Dairy and Egg Products,411,45.71,17.14,18.5,329
173460,"Protein supplement, milk based, Muscle Milk Light, powder",Dairy and Egg Products,396,50,12,22,250
173461,Dulce de Leche,Dairy and Egg Products,315,6.84,7.35,55.35,129
173462,"Egg substitute, liquid or frozen, fat free",Dairy and Egg Products,48,10,0,2,199
173463,"Yogurt, vanilla flavor, lowfat milk, sweetened with low calorie sweetener",Dairy and Egg Products,86,4.93,1.25,13.8,66
173464,"Yogurt, frozen, flavors not chocolate, nonfat milk, with low-calorie sweetener",Dairy and Egg Products,104,4.4,0.8,19.7,81
173465,"Ice cream, soft serve, chocolate",Dairy and Egg Products,222,4.1,13,22.2,61
173466,"Ice cream, bar or stick, chocolate covered",Dairy and Egg Products,331,4.1,24.1,24.5,68
173467,"Fat free ice cream, no sugar added, flavors other than chocolate",Dairy and Egg Products,133,4.41,0,28.86,110
173468,"Salt, table",Spices and Herbs,0,0,0,0,38758
173469,"Vinegar, cider",Spices and Herbs,21,0,0,0.93,5
173470,"Thyme, fresh",Spices and Herbs,101,5.56,1.68,24.45,9
173471,Vanilla extract,Spices and Herbs,288,0.06,0.06,12.65,9
173472,"Horseradish, prepared",Spices and Herbs,48,1.18,0.69,11.29,420
173473,"Rosemary, fresh",Spices and Herbs,131,3.31,5.86,20.7,26
173474,"Peppermint, fresh",Spices and Herbs,70,3.75,0.94,14.89,31
173475,"Spearmint, fresh",Spices and Herbs,44,3.29,0.73,8.41,30
173476,"Seasoning mix, dry, chili, original",Spices and Herbs,335,10.82,7.3,56.56,4616
173562,"Salad dressing, blue or roquefort cheese dressing, commercial, regular",Fats and Oils,484,1.37,51.1,4.77,642
173563,"Oil, cupu assu",Fats and Oils,884,0,100,0,0
173564,"Fat, chicken",Fats and Oils,900,0,99.8,0,0
173565,"Oil, soybean, salad or cooking, (partially hydrogenated) and cottonseed",Fats and Oils,884,0,100,0,0
173566,"Shortening industrial, lard and vegetable oil",Fats and Oils,900,0,100,0,0
173567,"Shortening frying (heavy duty), beef tallow and cottonseed",Fats and Oils,900,0,100,0,0
173568,"Shortening confectionery, coconut (hydrogenated) and or palm kernel (hydrogenated)",Fats and Oils,884,0,100,0,0
173569,"Shortening industrial, soybean (hydrogenated) and cottonseed",Fats and Oils,884,0,100,0,0
173570,"Oil, ucuhuba butter",Fats and Oils,884,0,100,0,0
173571,"Fat, turkey",Fats and Oils,900,0,99.8,0,0
173572,"Fat, goose",Fats and Oils,900,0,99.8,0,0
173573,"Oil, avocado",Fats and Oils,884,0,100,0,0
173574,"Shortening, special purpose for cakes and frostings, soybean (hydrogenated)",Fats and Oils,884,0,100,0,0
173575,"Shortening, special purpose for baking, soybean (hydrogenated) palm and cottonseed",Fats and Oils,884,0,100,0,0
173576,"Oil, oat",Fats and Oils,884,0,100,0,0
173577,"Fish oil, cod liver",Fats and Oils,902,0,100,0,0
173578,"Fish oil, sardine",Fats and Oils,902,0,100,0,0
173579,"Shortening, multipurpose, soybean (hydrogenated) and palm (hydrogenated)",Fats and Oils,884,0,100,0,0
173580,"Margarine-like, vegetable oil-butter spread, tub, with salt",Fats and Oils,362,1,40,1,786
173581,"Butter, light, stick, with salt",Fats and Oils,499,3.3,55.1,0,450
173582,"Margarine-like, vegetable oil spread, 60% fat, tub, with salt",Fats and Oils,533,0.17,59.81,0.86,615
173583,"Margarine-like, vegetable oil spread, 60% fat, stick/tub/bottle, with salt",Fats and Oils,526,0.6,59.17,0,700
173584,"Shortening, vegetable, household, composite",Fats and Oils,884,0,99.97,0,4
173585,"Margarine, regular, 80% fat, composite, stick, without salt",Fats and Oils,717,0.16,80.71,0.7,2
173586,"Margarine-like spread with yogurt, approximately 40% fat, tub, with salt",Fats and Oils,330,2,35,2,630
173587,"Margarine, 80% fat, stick, includes regular and hydrogenated corn and soybean oils",Fats and Oils,717,0.16,80.71,0.7,654
173588,"Margarine, margarine-type vegetable oil spread, 70% fat, soybean and partially hydrogenated soybean, stick",Fats and Oils,628,0.26,70.22,1.53,700
173589,"Margarine Spread, 40-49% fat, tub",Fats and Oils,401,0.27,44.46,0,716
173590,"Salad dressing, italian dressing, fat-free",Fats and Oils,47,0.97,0.87,8.75,1129
173591,"Salad dressing, ranch dressing, fat-free",Fats and Oils,119,0.25,1.92,26.51,897
173592,"Salad dressing, ranch dressing, regular",Fats and Oils,430,1.32,44.54,5.9,901
173593,"Salad dressing, ranch dressing, reduced fat",Fats and Oils,196,1.25,12.42,21.33,1120
173594,"Salad dressing, mayonnaise, light",Fats and Oils,238,0.37,22.22,9.23,827
173595,"Oil, industrial, coconut, principal uses candy coatings, oil sprays, roasting nuts",Fats and Oils,884,0,100,0,0
173596,"Oil, industrial, soy (partially hydrogenated), principal uses popcorn and flavoring vegetables",Fats and Oils,884,0,100,0,0
173597,"Shortening, industrial, soy (partially hydrogenated), pourable liquid fry shortening",Fats and Oils,884,0,100,0,0
173598,"Oil, industrial, soy, refined, for woks and light frying",Fats and Oils,884,0,100,0,0
173599,"Margarine-like shortening, industrial, soy (partially hydrogenated), cottonseed, and soy, principal use flaky pastries",Fats and Oils,628,0,71,0,864
173600,"Oil, industrial, palm kernel, confection fat, uses similar to high quality cocoa butter",Fats and Oils,884,0,100,0,6
173601,"Oil, industrial, palm kernel (hydrogenated), confection fat, uses similar to 95 degree hard butter",Fats and Oils,884,0,100,0,6
173602,"Oil, industrial, palm kernel (hydrogenated), confection fat, intermediate grade product",Fats and Oils,884,0,100,0,6
173603,"Oil, industrial, palm kernel (hydrogenated), filling fat",Fats and Oils,884,0,100,0,6
173604,"Oil, industrial, soy (partially hydrogenated ), palm, principal uses icings and fillings",Fats and Oils,884,0,100,0,0
173605,"Margarine, industrial, non-dairy, cottonseed, soy oil (partially hydrogenated ), for flaky pastries",Fats and Oils,714,1.9,80.2,0,879
173606,"Shortening, industrial, soy (partially hydrogenated ) and corn for frying",Fats and Oils,884,0,100,0,0
173607,"Shortening, industrial, soy (partially hydrogenated ) for baking and confections",Fats and Oils,884,0,100,0,0
173608,"Margarine-like spread, SMART BEAT Super Light without saturated fat",Fats and Oils,158,0,17.1,0,755
173609,"Margarine-like spread, SMART BEAT Smart Squeeze",Fats and Oils,47,0,2.1,7.1,829
173610,"Margarine-like spread, SMART BALANCE Omega Plus Spread (with plant sterols & fish oil)",Fats and Oils,605,0.13,70.95,0.16,729
173611,"Chicken, broilers or fryers, drumstick, meat and skin, cooked, fried, flour",Poultry Products,245,26.96,13.72,1.63,89
173612,"Chicken, broilers or fryers, drumstick, meat and skin, cooked, roasted",Poultry Products,191,23.35,10.15,0,123
173613,"Chicken, broilers or fryers, drumstick, meat and skin, cooked, stewed",Poultry Products,204,25.32,10.64,0,76
173614,"Chicken, broilers or fryers, dark meat, drumstick, meat only, raw",Poultry Products,116,19.41,3.71,0,114
173615,"Chicken, broilers or fryers, leg, meat and skin, cooked, fried, batter",Poultry Products,273,21.77,16.17,8.72,279
173616,"Chicken, broilers or fryers, leg, meat and skin, cooked, fried, flour",Poultry Products,254,26.84,14.43,2.5,88
173617,"Chicken, broilers or fryers, leg, meat and skin, cooked, roasted",Poultry Products,184,24.03,8.99,0,98
173618,"Chicken, broilers or fryers, leg, meat and skin, cooked, stewed",Poultry Products,220,24.17,12.92,0,73
173619,"Chicken, broilers or fryers, leg, meat only, raw",Poultry Products,120,19.16,4.22,0,96
173620,"Chicken, broilers or fryers, neck, meat and skin, cooked, fried, batter",Poultry Products,330,19.82,23.52,8.7,276
173621,"Chicken, broilers or fryers, neck, meat and skin, cooked, fried, flour",Poultry Products,332,24.01,23.61,4.24,82
173622,"Chicken, broilers or fryers, neck, meat and skin, cooked simmered",Poultry Products,247,19.61,18.1,0,52
173623,"Chicken, broilers or fryers, neck, meat only, raw",Poultry Products,154,17.55,8.78,0,81
173624,"Chicken, broilers or fryers, thigh, meat and skin, cooked, fried, flour",Poultry Products,262,26.75,14.98,3.18,88
173625,"Chicken, broilers or fryers, thigh, meat and skin, cooked, roasted",Poultry Products,232,23.26,14.71,0,102
173626,"Chicken, broilers or fryers, thigh, meat and skin, cooked, stewed",Poultry Products,232,23.26,14.74,0,71
173627,"Chicken, broilers or fryers, dark meat, thigh, meat only, raw",Poultry Products,121,19.66,4.12,0,95
173628,"Chicken, broilers or fryers, wing, meat and skin, cooked, fried, batter",Poultry Products,324,19.87,21.81,10.94,320
173629,"Chicken, broilers or fryers, wing, meat and skin, cooked, fried, flour",Poultry Products,321,26.11,22.16,2.39,77
173630,"Chicken, broilers or fryers, wing, meat and skin, cooked, roasted",Poultry Products,254,23.79,16.87,0,98
173631,"Chicken, broilers or fryers, wing, meat and skin, cooked, stewed",Poultry Products,249,22.78,16.82,0,67
173632,"Chicken, broilers or fryers, wing, meat only, raw",Poultry Products,126,21.97,3.54,0,81
173633,"Chicken, roasting, meat and skin and giblets and neck, cooked, roasted",Poultry Products,220,23.96,13.07,0.05,71
173634,"Canada Goose, breast meat only, skinless, raw",Poultry Products,133,24.31,4.02,0,50
173635,"Chicken, roasting, meat and skin, cooked, roasted",Poultry Products,223,23.97,13.39,0,73
173636,"Chicken, roasting, meat only, raw",Poultry Products,111,20.33,2.7,0,75
173637,"Chicken, roasting, light meat, meat only, cooked, roasted",Poultry Products,153,27.13,4.07,0,51
173638,"Chicken, roasting, dark meat, meat only, raw",Poultry Products,113,18.74,3.61,0,95
173639,"Chicken, roasting, dark meat, meat only, cooked, roasted",Poultry Products,178,23.25,8.75,0,95
173640,"Chicken, stewing, meat and skin, and giblets and neck, raw",Poultry Products,251,17.48,19.52,0.19,71
173641,"Chicken, stewing, giblets, raw",Poultry Products,168,17.89,9.21,2.13,77
173642,"Chicken, stewing, giblets, cooked, simmered",Poultry Products,194,25.73,9.3,0.11,56
173643,"Chicken, stewing, light meat, meat only, raw",Poultry Products,137,23.1,4.21,0,53
173644,"Chicken, stewing, light meat, meat only, cooked, stewed",Poultry Products,213,33.04,7.98,0,58
173645,"Chicken, capons, meat and skin, raw",Poultry Products,234,18.77,17.07,0,45
173646,"Chicken, capons, meat and skin, cooked, roasted",Poultry Products,229,28.96,11.65,0,49
173647,"Beverages, water, tap, drinking",Beverages,0,0,0,0,4
173648,"Beverages, coffee substitute, cereal grain beverage, powder, prepared with whole milk",Beverages,65,3.3,3.3,5.6,49
173649,"Beverages, Dairy drink mix, chocolate, reduced calorie, with low-calorie sweeteners, powder",Beverages,329,25,2.6,51.4,659
173650,"Beverages, dairy drink mix, chocolate, reduced calorie, with aspartame, powder, prepared with water and ice",Beverages,29,2.19,0.23,4.51,61
173651,"Beverages, Orange-flavor drink, breakfast type, with pulp, frozen concentrate.",Beverages,172,0.1,0.5,42.9,24
173652,"Beverages, Orange-flavor drink, breakfast type, with pulp, frozen concentrate, prepared with water",Beverages,49,0.03,0.14,12.21,10
173653,"Cranberry juice cocktail, frozen concentrate",Beverages,201,0.05,0,51.45,4
173654,"Cranberry juice cocktail, frozen concentrate, prepared with water",Beverages,47,0.01,0,11.81,4
173655,"Beverages, water, bottled, non-carbonated, DANNON",Beverages,0,0,0,0,0
173656,"Beverages, water, bottled, non-carbonated, PEPSI, AQUAFINA",Beverages,0,0,0,0,0
173657,"Water, bottled, non-carbonated, NAYA",Beverages,0,0,0,0,1
173658,"Beverages, DANNON, water, bottled, non-carbonated, with Fluoride",Beverages,0,0,0,0.03,1
173659,"Beverages, drink mix, QUAKER OATS, GATORADE, orange flavor, powder",Beverages,388,0,1.23,94.11,63
173660,"Beverages, PEPSICO QUAKER, Gatorade, G performance O 2, ready-to-drink.",Beverages,26,0,0,6.43,39
173661,"Whiskey sour mix, bottled, with added potassium and sodium",Beverages,84,0.1,0.1,21.4,33
173662,"Alcoholic beverage, whiskey sour",Beverages,149,0,0.03,13.17,20
173663,"Alcoholic beverage, distilled, all (gin, rum, vodka, whiskey) 94 proof",Beverages,275,0,0,0,1
173664,"Alcoholic beverage, distilled, all (gin, rum, vodka, whiskey) 100 proof",Beverages,295,0,0,0,1
173665,"Alcoholic beverage, liqueur, coffee, 63 proof",Beverages,308,0.1,0.3,32.2,8
173666,"Lemonade, frozen concentrate, pink",Beverages,192,0.22,0.69,48.86,4
173667,"Beverages, lemonade, frozen concentrate, pink, prepared with water",Beverages,43,0.05,0.15,10.81,4
173668,"Fish, herring, Atlantic, kippered",Finfish and Shellfish Products,217,24.58,12.37,0,918
173669,"Fish, herring, Pacific, raw",Finfish and Shellfish Products,195,16.39,13.88,0,74
173670,"Fish, ling, raw",Finfish and Shellfish Products,87,18.99,0.64,0,135
173671,"Fish, lingcod, raw",Finfish and Shellfish Products,85,17.66,1.06,0,59
173672,"Fish, mackerel, Pacific and jack, mixed species, raw",Finfish and Shellfish Products,158,20.07,7.89,0,86
173673,"Fish, mackerel, spanish, raw",Finfish and Shellfish Products,139,19.29,6.3,0,59
173674,"Fish, mackerel, spanish, cooked, dry heat",Finfish and Shellfish Products,158,23.59,6.32,0,66
173675,"Fish, milkfish, raw",Finfish and Shellfish Products,148,20.53,6.73,0,72
173676,"Fish, monkfish, raw",Finfish and Shellfish Products,76,14.48,1.52,0,18
173677,"Fish, pout, ocean, raw",Finfish and Shellfish Products,79,16.64,0.91,0,61
173678,"Fish, perch, mixed species, raw",Finfish and Shellfish Products,91,19.39,0.92,0,62
173679,"Fish, perch, mixed species, cooked, dry heat",Finfish and Shellfish Products,117,24.86,1.18,0,79
173680,"Fish, pike, northern, raw",Finfish and Shellfish Products,88,19.26,0.69,0,39
173681,"Fish, pollock, Alaska, cooked, dry heat (may contain additives to retain moisture)",Finfish and Shellfish Products,111,23.48,1.18,0,419
173682,"Fish, pompano, florida, raw",Finfish and Shellfish Products,164,18.48,9.47,0,65
173683,"Fish, pompano, florida, cooked, dry heat",Finfish and Shellfish Products,211,23.69,12.14,0,76
173684,"Fish, rockfish, Pacific, mixed species, raw",Finfish and Shellfish Products,90,18.36,1.34,0,74
173685,"Fish, sablefish, smoked",Finfish and Shellfish Products,257,17.65,20.14,0,737
173686,"Fish, salmon, Atlantic, wild, raw",Finfish and Shellfish Products,142,19.84,6.34,0,44
173687,"Fish, salmon, chinook, smoked",Finfish and Shellfish Products,117,18.28,4.32,0,672
173688,"Fish, salmon, chinook, raw",Finfish and Shellfish Products,179,19.93,10.43,0,47
173689,"Fish, salmon, chum, raw",Finfish and Shellfish Products,120,20.14,3.77,0,50
173690,"Fish, salmon, pink, canned, total can contents",Finfish and Shellfish Products,129,19.68,4.97,0,403
173691,"Fish, salmon, sockeye, raw",Finfish and Shellfish Products,131,22.25,4.69,0,78
173692,"Fish, salmon, sockeye, cooked, dry heat",Finfish and Shellfish Products,156,26.48,5.57,0,92
173693,"Fish, salmon, sockeye, canned, drained solids",Finfish and Shellfish Products,167,23.59,7.39,0,408
173694,"Fish, sea bass, mixed species, cooked, dry heat",Finfish and Shellfish Products,124,23.63,2.56,0,87
173695,"Fish, seatrout, mixed species, raw",Finfish and Shellfish Products,104,16.74,3.61,0,58
173696,"Fish, shad, american, raw",Finfish and Shellfish Products,197,16.93,13.77,0,51
173697,"Fish, shark, mixed species, raw",Finfish and Shellfish Products,130,20.98,4.51,0,79
173698,"Fish, snapper, mixed species, raw",Finfish and Shellfish Products,100,20.51,1.34,0,64
173699,"Fish, snapper, mixed species, cooked, dry heat",Finfish and Shellfish Products,128,26.3,1.72,0,57
173700,"Fish, spot, raw",Finfish and Shellfish Products,123,18.51,4.9,0,29
173701,"Fish, sturgeon, mixed species, raw",Finfish and Shellfish Products,105,16.14,4.04,0,54
173702,"Fish, surimi",Finfish and Shellfish Products,99,15.18,0.9,6.85,143
173703,"Fish, swordfish, raw",Finfish and Shellfish Products,144,19.66,6.65,0,81
173704,"Fish, swordfish, cooked, dry heat",Finfish and Shellfish Products,172,23.45,7.93,0,97
173705,"Fish, tilefish, raw",Finfish and Shellfish Products,96,17.5,2.31,0,53
173706,"Fish, tuna, fresh, bluefin, raw",Finfish and Shellfish Products,144,23.33,4.9,0,39
173707,"Fish, tuna, fresh, bluefin, cooked, dry heat",Finfish and Shellfish Products,184,29.91,6.28,0,50
173708,"Fish, tuna, light, canned in oil, drained solids",Finfish and Shellfish Products,198,29.13,8.21,0,416
173709,"Fish, tuna, light, canned in water, drained solids (Includes foods for USDA's Food Distribution Program)",Finfish and Shellfish Products,86,19.44,0.96,0,247
173710,"Fish, turbot, european, raw",Finfish and Shellfish Products,95,16.05,2.95,0,150
173711,"Fish, whitefish, mixed species, raw",Finfish and Shellfish Products,134,19.09,5.86,0,51
173712,"Fish, whitefish, mixed species, smoked",Finfish and Shellfish Products,108,23.4,0.93,0,1019
173713,"Fish, whiting, mixed species, raw",Finfish and Shellfish Products,90,18.31,1.31,0,72
173714,"Fish, catfish, channel, wild, cooked, dry heat",Finfish and Shellfish Products,105,18.47,2.85,0,50
173715,"Fish, salmon, coho, farmed, raw",Finfish and Shellfish Products,160,21.27,7.67,0,47
173716,"Fish, salmon, coho, farmed, cooked, dry heat",Finfish and Shellfish Products,178,24.3,8.23,0,52
173717,"Fish, trout, rainbow, farmed, raw",Finfish and Shellfish Products,141,19.94,6.18,0,51
173718,"Fish, trout, rainbow, farmed, cooked, dry heat",Finfish and Shellfish Products,168,23.8,7.38,0,61
173719,"Fish, salmon, coho, wild, cooked, dry heat",Finfish and Shellfish Products,139,23.45,4.3,0,58
173720,"Mollusks, conch, baked or broiled",Finfish and Shellfish Products,130,26.3,1.2,1.7,153
173721,"Salmon nuggets, breaded, frozen, heated",Finfish and Shellfish Products,212,12.69,11.72,13.96,173
173722,"Salmon nuggets, cooked as purchased, unheated",Finfish and Shellfish Products,189,11.97,10.43,11.85,167
173723,"Salmon, sockeye, canned, drained solids, without skin and bones",Finfish and Shellfish Products,158,26.33,5.87,0,386
173724,"Fish, Salmon, pink, canned, drained solids, without skin and bones",Finfish and Shellfish Products,136,24.62,4.21,0,378
173725,"Fish, pollock, Alaska, raw",Finfish and Shellfish Products,76,17.17,0.82,0,159
173726,"Fish, pollock, Alaska, cooked",Finfish and Shellfish Products,86.6164,19.42,0.9946,0,166
173727,"Beans, adzuki, mature seeds, raw",Legumes and Legume Products,329,19.87,0.53,62.9,5
173728,"Beans, adzuki, mature seeds, cooked, boiled, without salt",Legumes and Legume Products,128,7.52,0.1,24.77,8
173729,"Beans, adzuki, mature seeds, canned, sweetened",Legumes and Legume Products,237,3.8,0.03,55.01,218
173730,"Yokan, prepared from adzuki beans and sugar",Legumes and Legume Products,260,3.29,0.12,60.72,83
173731,"Beans, baked, home prepared",Legumes and Legume Products,155,5.54,5.15,21.63,422
173732,"Beans, baked, canned, with pork and sweet sauce",Legumes and Legume Products,105,4.52,0.89,21.57,391
173733,"Beans, baked, canned, with pork and tomato sauce",Legumes and Legume Products,94,5.15,0.93,18.69,437
173734,"Beans, black, mature seeds, raw",Legumes and Legume Products,341,21.6,1.42,62.36,5
173735,"Beans, black, mature seeds, cooked, boiled, without salt",Legumes and Legume Products,132,8.86,0.54,23.71,1
173736,"Beans, cranberry (roman), mature seeds, cooked, boiled, without salt",Legumes and Legume Products,136,9.34,0.46,24.46,1
173737,"Beans, cranberry (roman), mature seeds, canned",Legumes and Legume Products,83,5.54,0.28,15.12,332
173738,"Beans, french, mature seeds, raw",Legumes and Legume Products,343,18.81,2.02,64.11,18
173739,"Beans, french, mature seeds, cooked, boiled, without salt",Legumes and Legume Products,129,7.05,0.76,24.02,6
173740,"Beans, kidney, all types, mature seeds, cooked, boiled, without salt",Legumes and Legume Products,127,8.67,0.5,22.8,1
173741,"Beans, kidney, all types, mature seeds, canned",Legumes and Legume Products,84,5.22,0.6,14.5,296
173742,"Beans, kidney, california red, mature seeds, raw",Legumes and Legume Products,330,24.37,0.25,59.8,11
173743,"Beans, kidney, california red, mature seeds, cooked, boiled, without salt",Legumes and Legume Products,124,9.13,0.09,22.41,4
173744,"Beans, kidney, red, mature seeds, raw",Legumes and Legume Products,337,22.53,1.06,61.29,12
173745,"Beans, navy, mature seeds, raw",Legumes and Legume Products,337,22.33,1.5,60.75,5
173746,"Beans, navy, mature seeds, cooked, boiled, without salt",Legumes and Legume Products,140,8.23,0.62,26.05,0
173747,"Beans, navy, mature seeds, canned",Legumes and Legume Products,113,7.53,0.43,20.45,336
173748,"Beans, pink, mature seeds, raw",Legumes and Legume Products,343,20.96,1.13,64.19,8
173749,"Beans, small white, mature seeds, raw",Legumes and Legume Products,336,21.11,1.18,62.25,12
173750,"Beans, small white, mature seeds, cooked, boiled, without salt",Legumes and Legume Products,142,8.97,0.64,25.81,2
173751,"Beans, yellow, mature seeds, raw",Legumes and Legume Products,345,22,2.6,60.7,12
173752,"Beans, yellow, mature seeds, cooked, boiled, without salt",Legumes and Legume Products,144,9.16,1.08,25.28,5
173753,"Broadbeans (fava beans), mature seeds, cooked, boiled, without salt",Legumes and Legume Products,110,7.6,0.4,19.65,5
173754,"Broadbeans (fava beans), mature seeds, canned",Legumes and Legume Products,71,5.47,0.22,12.41,453
173755,Carob flour,Legumes and Legume Products,222,4.62,0.65,88.88,35
173756,"Chickpeas (garbanzo beans, bengal gram), mature seeds, raw",Legumes and Legume Products,378,20.47,6.04,62.95,24
173757,"Chickpeas (garbanzo beans, bengal gram), mature seeds, cooked, boiled, without salt",Legumes and Legume Products,164,8.86,2.59,27.42,7
173758,"Cowpeas, common (blackeyes, crowder, southern), mature seeds, raw",Legumes and Legume Products,336,23.52,1.26,60.03,16
173759,"Cowpeas, common (blackeyes, crowder, southern), mature seeds, cooked, boiled, without salt",Legumes and Legume Products,116,7.73,0.53,20.76,4
173760,"Cowpeas, common (blackeyes, crowder, southern), mature seeds, canned, plain",Legumes and Legume Products,77,4.74,0.55,13.63,293
173761,"Cowpeas, common (blackeyes, crowder, southern), mature seeds, canned with pork",Legumes and Legume Products,83,2.74,1.6,16.53,350
173762,"Vitasoy USA, Organic Nasoya Extra Firm Tofu",Legumes and Legume Products,98,10.1,5.2,2.6,4
173763,"Vitasoy USA, Organic Nasoya Firm Tofu",Legumes and Legume Products,84,8.9,4.4,2.3,4
173764,"Vitasoy USA, Organic Nasoya Silken Tofu",Legumes and Legume Products,47,4.8,2.5,1.4,2
173765,"Soymilk (All flavors), enhanced",Legumes and Legume Products,45,2.94,1.99,3.45,50
173766,"Soymilk, original and vanilla, light, with added calcium, vitamins A and D",Legumes and Legume Products,30,2.38,0.77,3.51,48
173767,"Soymilk, chocolate and other flavors, light, with added calcium, vitamins A and D",Legumes and Legume Products,47,2.1,0.64,8.24,46
173768,"Soymilk, original and vanilla, light, unsweetened, with added calcium, vitamins A and D",Legumes and Legume Products,34,2.62,0.85,3.85,63
173769,"Soymilk (All flavors), lowfat, with added calcium, vitamins A and D",Legumes and Legume Products,43,1.65,0.62,7.2,37
173770,"SILK Chocolate, soymilk",Legumes and Legume Products,58,2.06,1.44,9.47,41
173771,"SILK Light Plain, soymilk",Legumes and Legume Products,29,2.47,0.82,3.29,49
173772,"SILK Light Vanilla, soymilk",Legumes and Legume Products,33,2.47,0.82,4.12,39
173773,"SILK Light Chocolate, soymilk",Legumes and Legume Products,49,2.06,0.62,9.05,41
173774,"SILK Very Vanilla, soymilk",Legumes and Legume Products,53,2.47,1.65,7.82,58
173775,"SILK Nog, soymilk",Legumes and Legume Products,74,2.46,1.64,12.3,61
173776,"SILK Chai, soymilk",Legumes and Legume Products,53,2.47,1.44,7.82,41
173777,"SILK Mocha, soymilk",Legumes and Legume Products,58,2.06,1.44,9.05,41
173778,SILK Raspberry soy yogurt,Legumes and Legume Products,88,2.35,1.18,17.65,15
173779,SILK Peach soy yogurt,Legumes and Legume Products,94,2.35,1.18,18.82,15
173780,SILK Black Cherry soy yogurt,Legumes and Legume Products,88,2.35,1.18,17.06,12
173781,SILK Blueberry soy yogurt,Legumes and Legume Products,88,2.35,1.18,17.06,15
173782,SILK Hazelnut Creamer,Legumes and Legume Products,133,0,6.67,20,67
173783,"Vitasoy USA Organic Nasoya, Soft Tofu",Legumes and Legume Products,70,8.76,3.5,0.74,4
173784,"Vitasoy USA Nasoya, Lite Silken Tofu",Legumes and Legume Products,43,8.21,1.1,0,79
173785,"Vitasoy USA Organic Nasoya, Tofu Plus Extra Firm",Legumes and Legume Products,92,10.18,4.9,1.82,7
173786,"Vitasoy USA Azumaya, Silken Tofu",Legumes and Legume Products,43,4.82,2.4,0.58,2
173787,HOUSE FOODS Premium Soft Tofu,Legumes and Legume Products,59,6.38,2.71,2.19,34
173788,HOUSE FOODS Premium Firm Tofu,Legumes and Legume Products,85,10.92,4.19,0.97,33
173789,"Beans, adzuki, mature seed, cooked, boiled, with salt",Legumes and Legume Products,128,7.52,0.1,24.77,244
173790,"Beans, great northern, mature seeds, cooked, boiled, with salt",Legumes and Legume Products,118,8.33,0.45,21.09,238
173791,"Beans, great northern, mature seeds, canned, low sodium",Legumes and Legume Products,114,7.37,0.39,21.02,177
173792,"Beans, kidney, all types, mature seeds, cooked, boiled, with salt",Legumes and Legume Products,127,8.67,0.5,22.8,238
173793,"Beans, kidney, california red, mature seeds, cooked, boiled, with salt",Legumes and Legume Products,124,9.13,0.09,22.41,240
173794,"Beans, navy, mature seeds, cooked, boiled, with salt",Legumes and Legume Products,140,8.23,0.62,26.05,237
173795,"Beans, pink, mature seeds, cooked, boiled, with salt",Legumes and Legume Products,149,9.06,0.49,27.91,238
173796,"Beans, pinto, mature seeds, cooked, boiled, with salt",Legumes and Legume Products,143,9.01,0.65,26.22,238
173797,"Beans, pinto, mature seeds, canned, drained solids, rinsed in tap water",Legumes and Legume Products,117,7.04,0.97,20.77,212
173798,"Broadbeans (fava beans), mature seeds, cooked, boiled, with salt",Legumes and Legume Products,110,7.6,0.4,19.65,241
173799,"Chickpeas (garbanzo beans, bengal gram), mature seeds, cooked, boiled, with salt",Legumes and Legume Products,164,8.86,2.59,27.42,243
173800,"Chickpeas (garbanzo beans, bengal gram), mature seeds, canned, drained solids",Legumes and Legume Products,139,7.05,2.77,22.53,246
173801,"Chickpeas (garbanzo beans, bengal gram), mature seeds, canned, drained, rinsed in tap water",Legumes and Legume Products,138,7.04,2.47,22.87,212
173802,"Lima beans, large, mature seeds, cooked, boiled, with salt",Legumes and Legume Products,115,7.8,0.38,20.88,238
173803,"Lima beans, thin seeded (baby), mature seeds, cooked, boiled, with salt",Legumes and Legume Products,126,8.04,0.38,23.31,239
173804,"Lupins, mature seeds, cooked, boiled, with salt",Legumes and Legume Products,116,15.57,2.92,9.29,240
173805,"Mothbeans, mature seeds, cooked, boiled, with salt",Legumes and Legume Products,117,7.81,0.55,20.96,246
173806,"Peanuts, all types, dry-roasted, without salt",Legumes and Legume Products,587,24.35,49.66,21.26,6
173807,"Peanuts, spanish, oil-roasted, without salt",Legumes and Legume Products,579,28.01,49.04,17.45,6
173808,"Peanuts, valencia, oil-roasted, without salt",Legumes and Legume Products,589,27.04,51.24,16.3,6
173809,"Peanuts, virginia, oil-roasted, without salt",Legumes and Legume Products,578,25.87,48.62,19.86,6
173810,"Lamb, New Zealand, imported, loin chop, separable lean only, raw","Lamb, Veal, and Game Products",142,19.98,6.88,0,77
173811,"Lamb, New Zealand, imported, frozen, loin, separable lean only, cooked, broiled","Lamb, Veal, and Game Products",199,29.31,8.24,0,55
173812,"Lamb, New Zealand, imported, rack - partly frenched, separable lean and fat, raw","Lamb, Veal, and Game Products",240,18.12,18.52,0.13,61
173813,"Lamb, New Zealand, imported, rack - partly frenched, separable lean and fat, cooked, fast roasted","Lamb, Veal, and Game Products",253,22.06,18.29,0.04,69
173814,"Lamb, New Zealand, imported, frozen, shoulder, whole (arm and blade), separable lean only, cooked, braised","Lamb, Veal, and Game Products",285,34.06,15.5,0,56
173815,"Veal, composite of trimmed retail cuts, separable lean and fat, raw","Lamb, Veal, and Game Products",144,19.35,6.77,0,82
173816,"Veal, composite of trimmed retail cuts, separable lean and fat, cooked","Lamb, Veal, and Game Products",231,30.1,11.39,0,87
173817,"Veal, composite of trimmed retail cuts, separable lean only, raw","Lamb, Veal, and Game Products",112,20.2,2.87,0,86
173818,"Veal, leg (top round), separable lean and fat, cooked, braised","Lamb, Veal, and Game Products",211,36.16,6.33,0,67
173819,"Veal, leg (top round), separable lean and fat, cooked, pan-fried, breaded","Lamb, Veal, and Game Products",238,27.29,9.18,9.91,454
173820,"Veal, leg (top round), separable lean and fat, cooked, pan-fried, not breaded","Lamb, Veal, and Game Products",211,31.75,8.35,0,76
173821,"Veal, leg (top round), separable lean and fat, cooked, roasted","Lamb, Veal, and Game Products",160,27.7,4.65,0,68
173822,"Veal, leg (top round), separable lean only, cooked, roasted","Lamb, Veal, and Game Products",150,28.07,3.39,0,68
173823,"Veal, loin, separable lean and fat, raw","Lamb, Veal, and Game Products",177,20.07,10.07,0.07,98
173824,"Veal, loin, separable lean and fat, cooked, braised","Lamb, Veal, and Game Products",284,30.19,17.21,0,80
173825,"Veal, loin, separable lean and fat, cooked, roasted","Lamb, Veal, and Game Products",217,24.8,12.32,0,93
173826,"Veal, loin, separable lean only, raw","Lamb, Veal, and Game Products",114,21.85,2.9,0,99
173827,"Veal, rib, separable lean and fat, cooked, roasted","Lamb, Veal, and Game Products",228,23.96,13.96,0,92
173828,"Veal, rib, separable lean only, raw","Lamb, Veal, and Game Products",120,19.97,3.89,0,95
173829,"Veal, rib, separable lean only, cooked, braised","Lamb, Veal, and Game Products",218,34.44,7.81,0,99
173830,"Veal, rib, separable lean only, cooked, roasted","Lamb, Veal, and Game Products",177,25.76,7.44,0,97
173831,"Veal, shoulder, whole (arm and blade), separable lean only, cooked, braised","Lamb, Veal, and Game Products",199,33.68,6.1,0,97
173832,"Veal, shoulder, whole (arm and blade), separable lean only, cooked, roasted","Lamb, Veal, and Game Products",170,25.81,6.62,0,97
173833,"Veal, shoulder, arm, separable lean and fat, raw","Lamb, Veal, and Game Products",132,19.34,5.44,0,83
173834,"Veal, shoulder, arm, separable lean and fat, cooked, braised","Lamb, Veal, and Game Products",236,33.63,10.24,0,87
173835,"Veal, shoulder, blade chop, separable lean and fat, raw","Lamb, Veal, and Game Products",148,18.72,7.61,0.03,91
173836,"Veal, shoulder, blade, separable lean and fat, cooked, braised","Lamb, Veal, and Game Products",225,31.26,10.09,0,98
173837,"Veal, shoulder, blade, separable lean and fat, cooked, roasted","Lamb, Veal, and Game Products",186,25.15,8.67,0,100
173838,"Veal, shoulder, blade chop, separable lean only, raw","Lamb, Veal, and Game Products",110,19.6,2.88,0,92
173839,"Veal, shoulder, blade, separable lean only, cooked, braised","Lamb, Veal, and Game Products",198,32.66,6.48,0,101
173840,"Veal, sirloin, separable lean only, raw","Lamb, Veal, and Game Products",110,20.2,2.59,0,80
173841,"Veal, sirloin, separable lean only, cooked, braised","Lamb, Veal, and Game Products",204,33.96,6.51,0,81
173842,"Veal, sirloin, separable lean only, cooked, roasted","Lamb, Veal, and Game Products",168,26.32,6.22,0,85
173843,"Veal, cubed for stew (leg and shoulder), separable lean only, raw","Lamb, Veal, and Game Products",109,20.27,2.5,0,83
173844,"Game meat, antelope, cooked, roasted","Lamb, Veal, and Game Products",150,29.45,2.67,0,54
173846,"Game meat, bear, cooked, simmered","Lamb, Veal, and Game Products",259,32.42,13.39,0,71
173847,"Bison, ground, grass-fed, cooked","Lamb, Veal, and Game Products",179,25.45,8.62,0,76
173848,"Game meat, beefalo, composite of cuts, cooked, roasted","Lamb, Veal, and Game Products",188,30.66,6.32,0,82
173849,"Veal, Australian, separable fat, raw","Lamb, Veal, and Game Products",509,9.91,52.17,0,44
173850,"Veal, Australian, rib, rib roast, separable lean and fat, raw","Lamb, Veal, and Game Products",201,19.6,13.1,1.15,76
173851,"Game meat, bison, separable lean only, raw","Lamb, Veal, and Game Products",109,21.62,1.84,0,54
173852,"Game meat, bison, separable lean only, cooked, roasted","Lamb, Veal, and Game Products",143,28.44,2.42,0,57
173853,"Game meat, caribou, raw","Lamb, Veal, and Game Products",127,22.63,3.36,0,57
173854,"Game meat, caribou, cooked, roasted","Lamb, Veal, and Game Products",167,29.77,4.42,0,60
173855,"Game meat, deer, raw","Lamb, Veal, and Game Products",120,22.96,2.42,0,51
173856,"Bologna, pork",Sausages and Luncheon Meats,247,15.3,19.87,0.73,907
173857,"Bologna, turkey",Sausages and Luncheon Meats,209,11.42,16.05,4.68,1071
173858,Chicken spread,Sausages and Luncheon Meats,158,18.01,17.56,4.05,722
173859,"Sausage, pork, chorizo, link or ground, raw",Sausages and Luncheon Meats,296,13.63,25.1,3.78,788
173860,"Corned beef loaf, jellied",Sausages and Luncheon Meats,153,22.9,6.1,0,953
173861,"Dutch brand loaf, chicken, pork and beef",Sausages and Luncheon Meats,273,12,22.91,3.93,786
173862,"Frankfurter, beef, unheated",Sausages and Luncheon Meats,315,11.69,28.1,2.97,865
173863,"Ham, sliced, pre-packaged, deli meat (96%fat free, water added)",Sausages and Luncheon Meats,107,16.85,4.04,0.7,945
173864,"Ham, sliced, regular (approximately 11% fat)",Sausages and Luncheon Meats,164,16.6,8.8,3.63,814
173865,"Ham, minced",Sausages and Luncheon Meats,263,16.28,20.68,1.84,1245
173866,Ham salad spread,Sausages and Luncheon Meats,216,8.68,15.53,10.64,1075
173867,"Knackwurst, knockwurst, pork, beef",Sausages and Luncheon Meats,307,11.1,27.7,3.2,930
173868,"Lebanon bologna, beef",Sausages and Luncheon Meats,172,19.03,10.44,0.44,1374
173869,"Liver cheese, pork",Sausages and Luncheon Meats,304,15.2,25.6,2.1,1225
173870,"Liver sausage, liverwurst, pork",Sausages and Luncheon Meats,326,14.1,28.5,2.2,860
173871,"Sausage, turkey, fresh, cooked",Sausages and Luncheon Meats,196,23.89,10.44,0,665
173872,"Bologna, chicken, pork, beef",Sausages and Luncheon Meats,272,11.33,22.73,5.61,1120
173873,"Bologna, chicken, pork",Sausages and Luncheon Meats,336,10.31,30.61,4.19,1240
173874,"Chicken breast, deli, rotisserie seasoned, sliced, prepackaged",Sausages and Luncheon Meats,98,17.4,1.86,2.92,1032
173875,"Frankfurter, meat and poultry, unheated",Sausages and Luncheon Meats,277,9.72,24.18,5.02,976
173876,"Pork sausage, link/patty, fully cooked, unheated",Sausages and Luncheon Meats,392,13.46,37.25,0.69,810
173877,"Kielbasa, fully cooked, grilled",Sausages and Luncheon Meats,337,12.45,29.68,5.03,1062
173878,"Kielbasa, fully cooked, pan-fried",Sausages and Luncheon Meats,333,12.36,29.43,4.78,1046
173879,"Kielbasa, fully cooked, unheated",Sausages and Luncheon Meats,325,10.84,29.63,3.72,928
173880,"Sausage, chicken or turkey, Italian style,  lower sodium",Sausages and Luncheon Meats,183,21.43,4.46,14.25,446
173881,"Ham, smoked, extra lean, low sodium",Sausages and Luncheon Meats,141,18.52,2.71,10.7,1062
173882,"Pork sausage, reduced sodium, cooked",Sausages and Luncheon Meats,271,9.41,22.35,8.13,294
173883,"Sausage, pork, turkey, and beef, reduced sodium",Sausages and Luncheon Meats,284,10.71,26.79,0.11,679
173884,"Cereals ready-to-eat, GENERAL MILLS, CHEERIOS",Breakfast Cereals,372,12.4,6.6,73.2,497
173885,"Cereals ready-to-eat, POST, COCOA PEBBLES",Breakfast Cereals,397,4.8,4.1,85.7,594
173886,"Cereals ready-to-eat, QUAKER, QUAKER CRUNCHY BRAN",Breakfast Cereals,331,6.37,4.06,83.68,759
173887,"Cereals ready-to-eat, RALSTON CRISP RICE",Breakfast Cereals,383,6.69,1.26,86.22,545
173888,"Cereals ready-to-eat, POST Bran Flakes",Breakfast Cereals,328,9.9,2.1,80.5,540
173889,"Cereals ready-to-eat, POST, Honeycomb Cereal",Breakfast Cereals,394,6.01,2.93,86.63,553
173890,"Cereals ready-to-eat, QUAKER, KING VITAMAN",Breakfast Cereals,381,6.41,3.44,83.85,825
173891,"Cereals ready-to-eat, QUAKER, QUAKER OAT LIFE, plain",Breakfast Cereals,374,9.98,4.43,77.74,501
173892,"Cereals ready-to-eat, QUAKER, 100% Natural Granola, Oats, Wheat and Honey",Breakfast Cereals,421,10.55,11.62,73.65,50
173893,"Cereals ready-to-eat, RALSTON TASTEEOS",Breakfast Cereals,395,10.71,5.36,75.96,571
173894,"Cereals ready-to-eat, POST, Honey Nut Shredded Wheat",Breakfast Cereals,373,8.5,2.9,83.6,102
173895,"Cereals ready-to-eat, MALT-O-MEAL, CORN BURSTS",Breakfast Cereals,385,3.32,0.35,90.59,855
173896,"Cereals ready-to-eat, wheat germ, toasted, plain",Breakfast Cereals,382,29.1,10.7,49.6,4
173897,"Cereals, QUAKER, corn grits, instant, plain, prepared (microwaved or boiling water added), without salt",Breakfast Cereals,74,1.58,0.49,15.95,227
173898,"Cereals, QUAKER, corn grits, instant, cheddar cheese flavor, dry",Breakfast Cereals,363,8.98,5.46,72.96,1644
173899,"Cereals, QUAKER, Instant Grits, Country Bacon flavor, dry",Breakfast Cereals,340,9.93,1.73,75.39,1523
173900,"Cereals, CREAM OF RICE, dry",Breakfast Cereals,370,6.3,0.5,82.4,6
173901,"Cereals, CREAM OF WHEAT, regular, 10 minute cooking, dry",Breakfast Cereals,370,10.5,1.5,76.5,7
173902,"Cereals, CREAM OF WHEAT, instant, prepared with water, without salt",Breakfast Cereals,62,1.84,0.24,13.08,102
173903,"Cereals, MALT-O-MEAL, original, plain, dry",Breakfast Cereals,365,11.8,0.7,77.25,0
173904,"Cereals, oats, regular and quick, not fortified, dry",Breakfast Cereals,379,13.15,6.52,67.7,6
173905,"Cereals, oats, regular and quick, unenriched, cooked with water (includes boiling and microwaving), without salt",Breakfast Cereals,71,2.54,1.52,12,4
173906,"Cereals, oats, instant, fortified, with cinnamon and spice, prepared with water",Breakfast Cereals,96,2.37,1.21,18.95,111
173907,"Cereals, QUAKER, Instant Oatmeal, maple and brown sugar, dry",Breakfast Cereals,368,9.2,4.63,76.91,506
173908,"Cereals, oats, instant, fortified, with raisins and spice, prepared with water",Breakfast Cereals,88,1.98,0.95,17.91,111
173909,"Cereals ready-to-eat, MALT-O-MEAL, MARSHMALLOW MATEYS",Breakfast Cereals,387,6.94,3.53,82.77,667
173910,"Cereals ready-to-eat, POST, Shredded Wheat, original big biscuit",Breakfast Cereals,337,11.37,2.01,78.96,2
173911,"Cereals ready-to-eat, POST, Shredded Wheat, original spoon-size",Breakfast Cereals,351,11.8,2.1,81.4,2
173912,"Cereals ready-to-eat, rice, puffed, fortified",Breakfast Cereals,402,6.3,0.5,89.8,3
173913,"Cereals ready-to-eat, wheat, puffed, fortified",Breakfast Cereals,364,14.7,1.2,79.6,4
173914,"Cereals, CREAM OF RICE, cooked with water, with salt",Breakfast Cereals,52,0.9,0.1,11.5,173
173915,"Cereals, CREAM OF WHEAT, regular (10 minute), cooked with water, with salt",Breakfast Cereals,50,1.46,0.21,10.66,129
173916,"Cereals, farina, unenriched, dry",Breakfast Cereals,369,10.6,0.5,78,3
173917,"Cereals, farina, enriched, cooked with water, with salt",Breakfast Cereals,53,1.82,0.34,10.92,126
173918,"Cereals ready-to-eat, POST, Shredded Wheat, lightly frosted, spoon-size",Breakfast Cereals,352,7.8,1.9,83.8,19
173919,"Cereals ready-to-eat, POST SELECTS Blueberry Morning",Breakfast Cereals,395,6.5,5.3,81.6,341
173920,"Cereals, oats, instant, fortified, maple and brown sugar, dry",Breakfast Cereals,386,9.25,4.73,76.67,505
173921,"Cereals ready-to-eat, QUAKER WHOLE HEARTS oat cereal",Breakfast Cereals,376,7.63,5.61,80.1,554
173922,"Cereals, QUAKER, Weight Control Instant Oatmeal, maple and brown sugar",Breakfast Cereals,361,16.37,6.2,64.25,642
173923,"Cereals, QUAKER, Weight Control Instant Oatmeal, banana bread",Breakfast Cereals,361,16.5,6.16,64.42,619
173924,"Cereals, QUAKER, oatmeal, REAL MEDLEYS, peach almond, dry",Breakfast Cereals,387,10.1,9.84,68.61,201
173925,"Cereals, QUAKER, oatmeal, REAL MEDLEYS, cherry pistachio, dry",Breakfast Cereals,394,12.02,11.02,66.73,181
173926,"Cereals, QUAKER, Instant Oatmeal, weight control, cinnamon",Breakfast Cereals,361,16.5,6.28,64.21,618
173927,"Cereals ready-to-eat, MOM'S BEST, Sweetened WHEAT-FULS",Breakfast Cereals,373,8.18,1.83,80.91,14
173928,"Apples, raw, without skin, cooked, boiled",Fruits and Fruit Juices,53,0.26,0.36,13.64,1
173929,"Apples, raw, without skin, cooked, microwave",Fruits and Fruit Juices,56,0.28,0.42,14.41,1
173930,"Apples, canned, sweetened, sliced, drained, heated",Fruits and Fruit Juices,67,0.18,0.43,16.84,3
173931,"Apples, dehydrated (low moisture), sulfured, uncooked",Fruits and Fruit Juices,346,1.32,0.58,93.53,124
173932,"Apples, frozen, unsweetened, heated (Includes foods for USDA's Food Distribution Program)",Fruits and Fruit Juices,47,0.29,0.33,12,3
173933,"Apple juice, canned or bottled, unsweetened, without added ascorbic acid",Fruits and Fruit Juices,46,0.1,0.13,11.3,4
173934,"Apple juice, frozen concentrate, unsweetened, undiluted, without added ascorbic acid",Fruits and Fruit Juices,166,0.51,0.37,41,25
173935,"Apple juice, frozen concentrate, unsweetened, diluted with 3 volume water without added ascorbic acid",Fruits and Fruit Juices,47,0.14,0.1,11.54,7
173936,"Apricots, canned, water pack, without skin, solids and liquids",Fruits and Fruit Juices,22,0.69,0.03,5.48,11
173937,"Apricots, canned, juice pack, with skin, solids and liquids",Fruits and Fruit Juices,48,0.63,0.04,12.34,4
173938,"Apricots, canned, extra light syrup pack, with skin, solids and liquids (Includes foods for USDA's Food Distribution Program)",Fruits and Fruit Juices,49,0.6,0.1,12.5,2
173939,"Apricots, canned, light syrup pack, with skin, solids and liquids",Fruits and Fruit Juices,63,0.53,0.05,16.49,4
173940,"Apricots, dehydrated (low-moisture), sulfured, stewed",Fruits and Fruit Juices,126,1.93,0.24,32.62,5
173941,"Apricots, dried, sulfured, uncooked",Fruits and Fruit Juices,241,3.39,0.51,62.64,10
173942,"Apricots, dried, sulfured, stewed, without added sugar",Fruits and Fruit Juices,85,1.2,0.18,22.15,4
173943,"Apricots, dried, sulfured, stewed, with added sugar",Fruits and Fruit Juices,113,1.17,0.15,29.26,3
173944,"Bananas, raw",Fruits and Fruit Juices,89,1.09,0.33,22.84,1
173945,"Bananas, dehydrated, or banana powder",Fruits and Fruit Juices,346,3.89,1.81,88.28,3
173946,"Blackberries, raw",Fruits and Fruit Juices,43,1.39,0.49,9.61,1
173947,"Blackberry juice, canned",Fruits and Fruit Juices,38,0.3,0.6,7.8,1
173948,"Blueberries, canned, heavy syrup, solids and liquids",Fruits and Fruit Juices,88,0.65,0.33,22.06,3
173949,"Blueberries, wild, frozen (Includes foods for USDA's Food Distribution Program)",Fruits and Fruit Juices,57,0,0.16,13.85,3
173950,"Blueberries, frozen, unsweetened (Includes foods for USDA's Food Distribution Program)",Fruits and Fruit Juices,51,0.42,0.64,12.17,1
173951,"Blueberries, frozen, sweetened",Fruits and Fruit Juices,85,0.4,0.13,21.95,1
173952,"Carissa, (natal-plum), raw",Fruits and Fruit Juices,62,0.5,1.3,13.63,3
173953,"Cherimoya, raw",Fruits and Fruit Juices,75,1.57,0.68,17.71,7
173954,"Cherries, sour, red, raw",Fruits and Fruit Juices,50,1,0.3,12.18,3
173955,"Cherries, sour, red, canned, water pack, solids and liquids",Fruits and Fruit Juices,36,0.77,0.1,8.94,7
173956,"Cherries, sour, red, canned, light syrup pack, solids and liquids",Fruits and Fruit Juices,75,0.74,0.1,19.3,7
173957,"Cherries, sweet, canned, water pack, solids and liquids",Fruits and Fruit Juices,46,0.77,0.13,11.76,1
173958,"Cherries, sweet, canned, juice pack, solids and liquids",Fruits and Fruit Juices,54,0.91,0.02,13.81,3
173959,"Cherries, sweet, canned, light syrup pack, solids and liquids",Fruits and Fruit Juices,67,0.61,0.15,17.29,3
173960,"Cherries, sweet, canned, pitted, heavy syrup pack, solids and liquids",Fruits and Fruit Juices,83,0.6,0.15,21.27,3
173961,"Cranberry sauce, canned, sweetened",Fruits and Fruit Juices,159,0.9,0.15,40.4,5
173962,"Cranberry-orange relish, canned",Fruits and Fruit Juices,178,0.3,0.1,46.2,32
173963,"Currants, european black, raw",Fruits and Fruit Juices,63,1.4,0.41,15.38,2
173964,"Currants, red and white, raw",Fruits and Fruit Juices,56,1.4,0.2,13.8,1
173965,"Beef, Australian, imported, grass-fed, loin, tenderloin steak/roast, boneless, separable lean only, raw",Beef Products,138,20.85,6.11,0,63
173966,"Beef, Australian, imported, Wagyu, loin, tenderloin steak/roast, boneless, separable lean only, Aust. marble score 4/5, raw",Beef Products,191,20.19,12.3,0,64
173967,"Beef, Australian, imported, Wagyu, external fat, Aust. marble score 9, raw",Beef Products,639,5.54,68.07,0.97,43
173968,"Beef, Australian, imported, Wagyu, seam fat, Aust. marble score 9, raw",Beef Products,627,5.16,67.33,0,27
173969,"Beef, Australian, imported, grass-fed, loin, tenderloin steak/roast, boneless, separable lean and fat, raw",Beef Products,151,20.53,7.63,0.01,62
173970,"Beef, Australian, imported, grass-fed, loin, top loin steak/roast, boneless, separable lean only, raw",Beef Products,131,21.79,4.87,0,66
173971,"Beef, Australian, imported, grass-fed, round, bottom round steak/roast, boneless, separable lean only, raw",Beef Products,130,21.4,4.93,0,71
173972,"Beef, Australian, imported, grass-fed, round, top round cap-off steak/roast, boneless, separable lean only, raw",Beef Products,129,22.41,4.43,0,60
173973,"Beef, Australian, imported, Wagyu, loin, tenderloin steak/roast, boneless, separable lean only, Aust. marble score 9, raw",Beef Products,237,18.87,17.73,0.57,62
173974,"Beef, Australian, imported, Wagyu, loin, top loin steak/roast, boneless, separable lean only, Aust. marble score 4/5, raw",Beef Products,223,20.15,15.69,0.2,61
173975,"Beef, Australian, imported, grass-fed, rib, ribeye steak/roast lip-on, boneless, separable lean and fat, raw",Beef Products,217,19.8,15.21,0.11,60
173976,"Beef, Australian, imported, grass-fed, round, bottom round steak/roast, boneless, separable lean and fat, raw",Beef Products,140,21.13,6.16,0.01,70
173977,"Beef, Australian, imported, grass-fed, round, top round cap-off steak/roast, boneless, separable lean and fat, raw",Beef Products,129,22.24,4.4,0,59
173978,"Beef, Australian, imported, Wagyu, loin, top loin steak/roast, boneless, separable lean and fat, Aust. marble score 4/5, raw",Beef Products,289,17.67,24.2,0.12,56
173979,"Beef, Australian, imported, Wagyu, loin, top loin steak/roast, separable lean and fat, Aust. marble score 9, raw",Beef Products,392,14.58,36.98,0.14,61
173980,"Beef, round, top round steak, boneless, separable lean and fat, trimmed to 0"" fat, choice, raw",Beef Products,127,23.49,3.66,0,56
173981,"Beef, round, top round steak, boneless, separable lean and fat, trimmed to 0"" fat, select, raw",Beef Products,120,23.49,2.85,0,54
173982,"Beef, round, top round roast, boneless, separable lean and fat, trimmed to 0"" fat, all grades, raw",Beef Products,125,23.45,3.5,0,54
173983,"Beef, round, top round roast, boneless, separable lean and fat, trimmed to 0"" fat, choice, raw",Beef Products,128,23.46,3.81,0,56
173984,"Beef, round, eye of round steak, boneless, separable lean and fat, trimmed to 0"" fat, all grades, raw",Beef Products,124,23.26,3.48,0,53
173985,"Beef, round, eye of round steak, boneless separable lean and fat, trimmed to 0"" fat, choice, raw",Beef Products,127,23.24,3.83,0,52
173986,"Beef, round, eye of round steak, boneless, separable lean and fat, trimmed to 0"" fat, select, raw",Beef Products,120,23.3,2.95,0,50
173987,"Beef, loin, tenderloin roast, boneless, separable lean and fat, trimmed to 0"" fat, all grades, raw",Beef Products,149,21.67,6.93,0,44
173988,"Beef, loin, tenderloin steak, boneless, separable lean and fat, trimmed to 0"" fat, all grades, raw",Beef Products,147,21.72,6.67,0,44
173989,"Beef, loin, tenderloin steak, boneless, separable lean and fat, trimmed to 0"" fat, choice, raw",Beef Products,150,21.57,7.1,0,44
173990,"Beef, loin, tenderloin steak, boneless, separable lean and fat, trimmed to 0"" fat, select, raw",Beef Products,142,21.95,6.02,0,42
173991,"Beef, loin, tenderloin roast, boneless, separable lean and fat, trimmed to 0"" fat, all grades, cooked, roasted",Beef Products,183,27.31,8.14,0,56
173992,"Beef, round, top round roast, boneless, separable lean and fat, trimmed to 0"" fat, select, cooked, roasted",Beef Products,157,30.97,3.72,0,67
173993,"Beef, round, eye of round steak, boneless, separable lean and fat, trimmed to 0"" fat, all grades, cooked, grilled",Beef Products,159,29.66,4.47,0,68
173994,"Beef, round, eye of round steak, boneless, separable lean and fat, trimmed to 0"" fat, choice, cooked, grilled",Beef Products,163,29.79,4.83,0,67
173995,"Beef, round, eye of round steak, boneless, separable lean and fat, trimmed to 0"" fat, select, cooked, grilled",Beef Products,154,29.47,3.98,0,65
173996,"Beef, round, top round roast, boneless, separable lean only, trimmed to 0"" fat, choice, raw",Beef Products,124,23.59,3.26,0,56
173997,"Beef, round, top round roast, boneless, separable lean only, trimmed to 0"" fat, select, raw",Beef Products,116,23.59,2.45,0,55
173998,"Beef, round, eye of round roast, boneless, separable lean only, trimmed to 0"" fat, all grades, raw",Beef Products,121,23.37,3.04,0,53
173999,"Beef, round, eye of round roast, boneless, separable lean only, trimmed to 0"" fat, choice, raw",Beef Products,124,23.35,3.38,0,52
174000,"Beef, loin, tenderloin roast, boneless, separable lean only, trimmed to 0"" fat, choice, raw",Beef Products,143,21.78,6.16,0,45
174001,"Beef, loin, tenderloin roast, boneless, separable lean only, trimmed to 0"" fat, select, raw",Beef Products,135,22.16,5.1,0,42
174002,"Beef, loin, top loin steak, boneless, lip off, separable lean only, trimmed to 0"" fat, all grades, raw",Beef Products,143,23.07,5.67,0,46
174003,"Beef, loin, top loin steak, boneless, lip off, separable lean only, trimmed to 0"" fat, choice, raw",Beef Products,149,22.93,6.34,0,46
174004,"Beef, loin, tenderloin roast, boneless, separable lean only, trimmed to 0"" fat, all grades, cooked, roasted",Beef Products,177,27.51,7.49,0,56
174005,"Beef, loin, tenderloin roast, boneless, separable lean only, trimmed to 0"" fat, choice, cooked, roasted",Beef Products,183,27.48,8.13,0,56
174006,"Beef, loin, tenderloin roast, separable lean only, boneless, trimmed to 0"" fat, select, cooked, roasted",Beef Products,169,27.55,6.54,0,54
174007,"Beef, round, top round roast, boneless, separable lean only, trimmed to 0"" fat, all grades, cooked, roasted",Beef Products,162,30.09,3.77,0,67
174008,"Beef, round, eye of round steak, boneless, separable lean only, trimmed to 0"" fat, select, cooked, grilled",Beef Products,149,29.52,3.43,0,65
174009,"Beef, loin, top loin steak, boneless, lip-on, separable lean only, trimmed to 1/8"" fat, select, raw",Beef Products,135,23.3,4.66,0,47
174010,"Beef, loin, top loin steak, boneless, lip-on, separable lean only, trimmed to 1/8"" fat, choice, raw",Beef Products,149,22.93,6.34,0,46
174011,"Beef, loin, top loin steak, boneless, lip-on, separable lean only, trimmed to 1/8"" fat, all grades, raw",Beef Products,143,23.07,5.67,0,46
174012,"Beef, composite of trimmed retail cuts, separable lean only, trimmed to 1/8"" fat, choice, raw",Beef Products,142,22.01,6.05,0,55
174013,"Beef composite, separable lean only, trimmed to 1/8"" fat, choice, cooked",Beef Products,203,28.73,9.16,0,53
174014,"Beef, composite of trimmed retail cuts, separable lean and fat, trimmed to 0"" fat, choice, raw",Beef Products,176,21.34,10.08,0,61
174015,"Beef, composite of trimmed retail cuts, separable lean only, trimmed to 0"" fat, choice, raw",Beef Products,151,21.55,7.24,0,66
174016,"Beef, chuck, mock tender steak, separable lean only, trimmed to 0"" fat, all grades, cooked, broiled",Beef Products,159,25.9,5.42,0,71
174017,"Beef, chuck, top blade, separable lean only, trimmed to 0"" fat, all grades, cooked, broiled",Beef Products,203,26.13,10.16,0,68
174018,"Beef, chuck, clod roast, separable lean only, trimmed to 1/4"" fat, all grades, raw",Beef Products,129,19.63,5.02,0,64
174019,"Beef, chuck, clod roast, separable lean only, trimmed to 0"" fat, all grades, cooked, roasted",Beef Products,172,26.82,6.34,0,74
174020,"Beef, chuck, mock tender steak, separable lean and fat, trimmed to 0"" fat, USDA select, cooked, broiled",Beef Products,159,26.08,5.24,0,68
174021,"Beef, chuck, top blade, separable lean and fat, trimmed to 0"" fat, choice, cooked, broiled",Beef Products,227,25.77,12.93,0,68
174022,"Beef, chuck, top blade, separable lean and fat, trimmed to 0"" fat, select, cooked, broiled",Beef Products,200,25.67,9.99,0,67
174023,"Beef, chuck, clod roast, separable lean and fat, trimmed to 0"" fat, choice, cooked, roasted",Beef Products,216,24.61,12.26,0,71
174024,"Beef, loin, bottom sirloin butt, tri-tip steak, separable lean and fat, trimmed to 0"" fat, all grades, cooked, broiled",Beef Products,265,29.97,15.18,0,72
174025,"Beef, chuck, mock tender steak, separable lean and fat, trimmed to 0"" fat, all grades, cooked, broiled",Beef Products,160,25.87,5.52,0,71
174026,"Beef, chuck, top blade, separable lean and fat, trimmed to 0"" fat, all grades, cooked, broiled",Beef Products,216,25.73,11.73,0,67
174027,"Beef, chuck, clod roast, separable lean and fat, trimmed to 0"" fat, all grades, cooked, roasted",Beef Products,207,25.7,10.84,0,71
174028,"Beef, ground, 95% lean meat / 5% fat, crumbles, cooked, pan-browned",Beef Products,193,29.17,7.58,0,85
174029,"Beef, ground, 95% lean meat / 5% fat, loaf, cooked, baked",Beef Products,174,27.31,6.37,0,58
174030,"Beef, ground, 90% lean meat / 10% fat, raw",Beef Products,176,20,10,0,66
174031,"Beef, ground, 90% lean meat / 10% fat, patty, cooked, broiled",Beef Products,217,26.11,11.75,0,68
174032,"Beef, ground, 85% lean meat / 15% fat, patty, cooked, broiled",Beef Products,250,25.93,15.41,0,72
174033,"Beef, ground, 85% lean meat / 15% fat, patty, cooked, pan-broiled",Beef Products,232,24.62,14.02,0,79
174034,"Beef, ground, 85% lean meat / 15% fat, crumbles, cooked, pan-browned",Beef Products,256,27.73,15.3,0,89
174035,"Beef, ground, 85% lean meat / 15% fat, loaf, cooked, baked",Beef Products,240,25.93,14.36,0,64
174036,"Beef, ground, 80% lean meat / 20% fat, raw",Beef Products,254,17.17,20,0,66
174037,"Beef, ground, 75% lean meat / 25% fat, raw",Beef Products,293,15.76,25,0,66
174038,"Beef, ground, 75% lean meat / 25% fat, patty, cooked, broiled",Beef Products,279,25.56,18.87,0,78
174039,"Beef, ground, 75% lean meat / 25% fat, patty, cooked, pan-broiled",Beef Products,248,23.45,16.44,0,87
174040,"Beef, ground, 75% lean meat / 25% fat, crumbles, cooked, pan-browned",Beef Products,277,26.28,18.21,0,93
174041,"Beef, short loin, top loin, steak, separable lean only, trimmed to 1/8"" fat, select, raw",Beef Products,133,23.07,3.88,0,57
174042,"Beef, rib, small end (ribs 10-12), separable lean only, trimmed to 1/8"" fat, select, cooked, broiled",Beef Products,188,30.87,6.22,0,66
174043,"Beef, tenderloin, steak, separable lean only, trimmed to 1/8"" fat, select, cooked, broiled",Beef Products,194,29.07,7.76,0,62
174044,"Beef, top sirloin, steak, separable lean only, trimmed to 1/8"" fat, select, cooked, broiled",Beef Products,170,29.34,4.96,0,62
174045,"Beef, round, bottom round, steak, separable lean only, trimmed to 1/8"" fat, select, cooked, braised",Beef Products,205,34.46,6.43,0,46
174046,"Beef, round, bottom round, roast, separable lean only, trimmed to 1/8"" fat, all grades, raw",Beef Products,128,22.19,4.31,0,59
174047,"Beef, brisket, flat half, separable lean only, trimmed to 1/8"" fat, all grades, cooked, braised",Beef Products,196,33.15,6,0,54
174048,"Beef, brisket, flat half, separable lean only, trimmed to 1/8"" fat, all grades, raw",Beef Products,127,21.57,3.84,0,74
174049,"Beef, round, eye of round, roast, separable lean only, trimmed to 1/8"" fat, all grades, raw",Beef Products,124,22.6,3,0,60
174050,"Beef, chuck, arm pot roast, separable lean only, trimmed to 1/8"" fat, all grades, cooked, braised",Beef Products,214,34.66,7.36,0,56
174051,"Beef, chuck, arm pot roast, separable lean only, trimmed to 1/8"" fat, all grades, raw",Beef Products,132,22.11,4.19,0,74
174052,"Beef, round, bottom round, roast, separable lean only, trimmed to 1/8"" fat, all grades, cooked",Beef Products,163,28,5.72,0,37
174053,"Beef, round, bottom round, steak, separable lean only, trimmed to 1/8"" fat, all grades, cooked, braised",Beef Products,216,34.34,7.73,0,45
174054,"Beef, top sirloin, steak, separable lean only, trimmed to 1/8"" fat, all grades, cooked, broiled",Beef Products,178,29.42,5.84,0,61
174055,"Beef, top sirloin, steak, separable lean only, trimmed to 1/8"" fat, all grades, raw",Beef Products,131,22.09,4.08,0,56
174056,"Beef, chuck, arm pot roast, separable lean only, trimmed to 1/8"" fat, choice, raw",Beef Products,139,21.96,5.05,0,74
174057,"Beef, brisket, flat half, separable lean only, trimmed to 1/8"" fat, choice, raw",Beef Products,129,21.69,4.06,0,75
174058,"Beef, round, bottom round, roast, separable lean only, trimmed to 1/8"" fat, choice, raw",Beef Products,140,22.22,4.96,0,56
174059,"Beef, round, bottom round, roast, separable lean only, trimmed to 1/8"" fat, choice, cooked, roasted",Beef Products,179,27.56,6.77,0,36
174060,"Beef, round, eye of round, roast, separable lean only, trimmed to 1/8"" fat, choice, cooked, roasted",Beef Products,175,29.87,5.3,0,39
174061,"Beef, round, top round, steak, separable lean only, trimmed to 1/8"" fat, choice, cooked, broiled",Beef Products,193,32.04,6.25,0,42
174062,"Soup, clam chowder, new england, canned, ready-to-serve","Soups, Sauces, and Gravies",79,2.61,3.94,8.28,343
174063,"Soup, clam chowder, new england, reduced sodium, canned, ready-to-serve","Soups, Sauces, and Gravies",70,2.33,4.23,5.68,194
174064,"Soup, chicken noodle, reduced sodium, canned, ready-to-serve","Soups, Sauces, and Gravies",41,3.29,1.34,3.84,186
174065,"Soup, beef and vegetables, reduced sodium, canned, ready-to-serve","Soups, Sauces, and Gravies",42,3.26,0.95,4.99,175
174066,"Sauce, sweet and sour, ready-to-serve","Soups, Sauces, and Gravies",154,0.27,0.02,38.22,539
174067,"Sauce, cocktail, ready-to-serve","Soups, Sauces, and Gravies",128,1.36,1.05,28.22,1262
174068,"Dip, salsa con queso, cheese and salsa- medium","Soups, Sauces, and Gravies",143,3.14,9.51,11.14,796
174069,"Dip, TOSTITOS, salsa con queso, medium","Soups, Sauces, and Gravies",133,2.92,8.26,11.72,773
174070,"Sauce, peanut, made from peanut butter, water, soy sauce","Soups, Sauces, and Gravies",257,6.31,16.02,22.02,1338
174071,"Soup, chunky vegetable, reduced sodium, canned, ready-to-serve","Soups, Sauces, and Gravies",50,1.16,0.51,10.28,138
174072,"Gravy, HEINZ Home Style, classic chicken","Soups, Sauces, and Gravies",46,0.67,2.57,5.01,372
174073,"Soup, beef barley, ready to serve","Soups, Sauces, and Gravies",52,2.81,0.96,7.94,297
174074,"Sauce, enchilada, red, mild, ready to serve","Soups, Sauces, and Gravies",30,0.62,0.91,4.87,547
174075,"Bread, chapati or roti, whole wheat, commercially prepared, frozen",Baked Products,299,7.85,9.2,46.13,298
174076,"Bread, paratha, whole wheat, commercially prepared, frozen",Baked Products,326,6.36,13.2,45.35,452
174077,"Bread, naan, whole wheat, commercially prepared, refrigerated",Baked Products,286,10.2,6.7,46.21,467
174078,"Bread, roll, Mexican, bollilo",Baked Products,318,10.65,5.8,55.77,506
174079,"Cookie, butter or sugar, with chocolate icing or filling",Baked Products,503,4.1,23.5,68.83,301
174080,"Cookie, chocolate, with icing or coating",Baked Products,507,4.5,24.2,67.87,380
174081,"Tortillas, ready-to-bake or -fry, whole wheat",Baked Products,310,9.76,9.76,45.89,617
174082,"Cake, snack cakes, creme-filled, chocolate with frosting, low-fat, with added fiber",Baked Products,409,3.71,13,69.37,483
174083,"Cookies, graham crackers, plain or honey, lowfat",Baked Products,386,5.71,5.71,77.96,629
174084,"Crackers, cheese, whole grain",Baked Products,412,9.62,16.03,57.29,706
174085,"Waffles, whole wheat, lowfat, frozen, ready-to-heat",Baked Products,257,7.14,3.57,49.16,557
174086,"Pancakes, plain, reduced fat",Baked Products,269,5.71,1.9,57.32,429
174087,"Cookies, shortbread, reduced fat",Baked Products,451,5.37,14,75.99,571
174088,"Cookies, sugar wafer, chocolate-covered",Baked Products,526,3.45,27.59,65.99,138
174089,"Rolls, hamburger or hot dog, wheat/cracked wheat",Baked Products,269,11.69,3.61,47.31,463
174090,"Rolls, hamburger or hot dog, whole wheat",Baked Products,269,12.38,4.38,44.93,477
174091,"Bread, french or vienna, whole wheat",Baked Products,239,8.33,1.04,49.1,375
174092,"Bagels, whole grain white",Baked Products,255,9.3,0,54.52,372
174093,"English muffins, whole grain white",Baked Products,245,7.02,1.75,50.17,386
174094,"Rolls, hamburger, whole grain white, calcium-fortified",Baked Products,255,9.3,3.49,46.5,512
174095,"Cookies, chocolate chip sandwich, with creme filling",Baked Products,425,2.94,17.65,63.52,279
174096,"Cookies, chocolate, made with rice cereal",Baked Products,440,3.23,19.35,63.26,210
174097,"Cookies, marshmallow, with rice cereal and chocolate chips",Baked Products,435,4.55,18.18,63.26,341
174098,"Crackers, flavored, fish-shaped",Baked Products,463,10.16,17.71,65.67,970
174099,"Bread, gluten-free, white, made with potato extract, rice starch, and rice flour",Baked Products,320,3.13,10.7,52.83,528
174100,"Bread, gluten-free, white, made with rice flour, corn starch, and/or tapioca",Baked Products,248,4.31,5.24,45.78,447
174101,"Bread, gluten-free, white, made with tapioca starch and brown rice flour",Baked Products,298,5.4,8.02,51.15,515
174102,"Bread, gluten-free, whole grain, made with tapioca starch and brown rice flour",Baked Products,309,7.25,9.34,49.09,510
174103,"Crackers, gluten-free, multigrain and vegetable, made with corn starch and white rice flour",Baked Products,456,2.5,15.41,76.94,890
174104,"Crackers, gluten-free, multi-seeded and multigrain",Baked Products,453,11.25,15.84,66.3,438
174105,"Waffles, gluten-free, frozen, ready-to-heat",Baked Products,263,2.72,8.84,43.05,505
174106,"Pancakes, gluten-free, frozen, ready-to-heat",Baked Products,215,3.31,4.55,40.32,331
174107,"Rolls, dinner, sweet",Baked Products,321,10.04,7.37,53.58,253
174108,"Beverages,  Energy drink, Citrus",Beverages,45,0,0,11.27,10
174110,"Alcoholic beverage, wine, table, white, Chardonnay",Beverages,84,0.07,0,2.16,5
174111,"Beverages, Kiwi Strawberry Juice Drink",Beverages,47,0,0,12.26,11
174112,"Beverages, Apple juice drink, light, fortified with vitamin C",Beverages,22,0,0.1,5.1,13
174113,"Beverages, POWERADE, Zero, Mixed Berry",Beverages,0,0,0,0.14,42
174114,"Beverages, Carob-flavor beverage mix, powder",Beverages,372,1.8,0.2,93.3,103
174115,"Beverages, Carob-flavor beverage mix, powder, prepared with whole milk",Beverages,75,3.16,3.11,8.68,46
174116,"Beverages, coconut milk, sweetened, fortified with calcium, vitamins A, B12, D2",Beverages,31,0.21,2.08,2.92,19
174117,"Beverages, chocolate syrup",Beverages,279,2.1,1.13,65.1,72
174118,"Beverages, chocolate syrup, prepared with whole milk",Beverages,90,3.07,2.96,12.78,47
174119,"Beverages, coffee, ready to drink, iced, mocha, milk based",Beverages,60,1.48,0.98,11.42,31
174120,"Beverages, tea, Oolong, brewed",Beverages,1,0,0,0.15,3
174121,"Beverages, tea, green, ready-to-drink, citrus, diet, fortified with vitamin C",Beverages,1,0,0,0.31,26
174122,"Beverages, Cocoa mix, powder",Beverages,398,6.67,4,83.73,504
174123,"Beverages, Cocoa mix, powder, prepared with water",Beverages,55,0.92,0.55,11.54,73
174124,"Beverages, Cocoa mix, NESTLE, Hot Cocoa Mix Rich Chocolate With Marshmallows",Beverages,400,2.8,15,75,800
174125,"Beverages, coffee, brewed, espresso, restaurant-prepared, decaffeinated",Beverages,9,0.1,0.18,1.69,14
174126,"Beverages, coffee, instant, regular, half the caffeine",Beverages,352,14.42,0.5,73.18,37
174127,"Beverages, coffee and cocoa, instant, decaffeinated, with whitener and low calorie sweetener",Beverages,440,9,13.21,71.4,500
174128,"Beverages, tea, green, ready-to-drink, sweetened",Beverages,27,0,0.22,6.2,21
174129,"Beverages, tea, ready-to-drink, lemon, diet",Beverages,2,0,0,0.41,1
174130,"Beverages, coffee, instant, regular, prepared with water",Beverages,2,0.1,0,0.34,4
174131,"Beverages, aloe vera juice drink, fortified with Vitamin C",Beverages,15,0,0,3.75,8
174132,"Beverages, OCEAN SPRAY, Cran Grape",Beverages,54,0.21,0,13.16,19
174133,"Beverages, coffee, instant, decaffeinated, powder",Beverages,351,11.6,0.2,76,23
174134,"Beverages, coffee, instant, chicory",Beverages,3,0.09,0,0.75,7
174135,"Beverages, coffee, instant, mocha, sweetened",Beverages,460,5.29,15.87,74.04,317
174136,"Beverages, OCEAN SPRAY, Light Cranberry and Raspberry Flavored Juice",Beverages,26,0.73,0,5.77,2
174137,"Beverages, OCEAN SPRAY, White Cranberry Strawberry Flavored Juice Drink",Beverages,49,0.22,0.01,11.98,3
174138,"Beverages, coffee substitute, cereal grain beverage, powder",Beverages,360,6.01,2.52,78.42,83
174139,"Beverages, coffee substitute, cereal grain beverage, prepared with water",Beverages,6,0.1,0.04,1.3,5
174140,"Beverages, cranberry-apple juice drink, bottled",Beverages,63,0,0.11,15.85,2
174141,"Alcoholic beverage, malt beer, hard lemonade",Beverages,68,0,0,10.07,5
174142,"Beverages, cranberry-apricot juice drink, bottled",Beverages,64,0.2,0,16.2,2
174143,"Beverages, tea, green, instant, decaffeinated, lemon, unsweetened, fortified with vitamin C",Beverages,378,0,0,94.45,0
174144,"Beverages, tea, black, ready to drink",Beverages,0,0,0,0,2
174145,"Alcoholic beverage, beer, light, higher alcohol",Beverages,46,0.25,0,0.77,4
174146,"Beverages, AMBER, hard cider",Beverages,56,0,0,5.92,4
174147,"Beverages, OCEAN SPRAY, Cran Cherry",Beverages,46,0.19,0,12.76,7
174148,"Beverages, OCEAN SPRAY, Light Cranberry",Beverages,19,0.22,0.01,4.72,15
174149,"Beverages, OCEAN SPRAY, White Cranberry Peach",Beverages,45,0.13,0.01,11.88,11
174150,"Beverages, OCEAN SPRAY, Light Cranberry, Concord Grape",Beverages,23,0.36,0.02,5.78,8
174151,"Beverages, Fruit punch drink, with added nutrients, canned",Beverages,47,0,0,11.94,38
174152,"Beverages, Fruit punch drink, frozen concentrate",Beverages,162,0.2,0,41.4,8
174153,"Beverages, Fruit punch drink, frozen concentrate, prepared with water",Beverages,46,0.06,0,11.66,5
174154,"Beverages, coffee, instant, vanilla, sweetened, decaffeinated, with non dairy creamer",Beverages,465,0,13.33,86.28,333
174155,"Beverages, tea, black, brewed, prepared with distilled water",Beverages,1,0,0,0.3,0
174156,"Beverages, tea, herb, brewed, chamomile",Beverages,1,0,0,0.2,1
174157,"Beverages, Wine, non-alcoholic",Beverages,6,0.5,0,1.1,7
174158,"Water, bottled, generic",Beverages,0,0,0,0,2
174159,"Beverages, chocolate-flavor beverage mix for milk, powder, with added nutrients",Beverages,400,4.55,2.27,90.28,136
174160,"Beverages, chocolate-flavor beverage mix for milk, powder, with added nutrients, prepared with whole milk",Beverages,89,3.27,3.17,11.87,50
174161,"Beverages, Water with added vitamins and minerals, bottles, sweetened, assorted fruit flavors",Beverages,22,0,0,5.49,0
174162,"Beverages, V8 SPLASH Juice Drinks, Diet Berry Blend",Beverages,4,0,0,1.23,14
174163,"Beverages, V8 SPLASH Juice Drinks, Diet Fruit Medley",Beverages,4,0,0,1.26,13
174164,"Beverages, V8 SPLASH Juice Drinks, Diet Strawberry Kiwi",Beverages,4,0,0,1.26,13
174165,"Beverages, V8 SPLASH Juice Drinks, Mango Peach",Beverages,33,0,0,8.23,16
174166,"Beverages, V8 SPLASH Juice Drinks, Orange Pineapple",Beverages,29,0,0,7.41,21
174167,"Beverages, V8 SPLASH Juice Drinks, Orchard Blend",Beverages,33,0,0,7.82,21
174168,"Beverages, V8 SPLASH Juice Drinks, Strawberry Banana",Beverages,29,0,0,7.41,21
174169,"Beverages, V8 V-FUSION Juices, Tropical",Beverages,49,0.41,0,11.38,33
174170,"Beverages, V8 V- FUSION Juices, Acai Berry",Beverages,45,0,0,10.98,28
174171,"Beverages, Energy drink, AMP",Beverages,46,0.25,0.08,12.08,27
174172,"Beverages, Energy drink, FULL THROTTLE",Beverages,46,0.25,0.08,12.08,35
174173,"Beverages, Vegetable and fruit juice drink, reduced calorie, with low-calorie sweetener, added vitamin C",Beverages,4,0,0,1.1,14
174174,"Beverages, milk beverage, reduced fat, flavored and sweetened, Ready-to-drink,  added calcium, vitamin A and vitamin D",Beverages,77,3.05,1.83,12.08,49
174175,"Beverages, vegetable and fruit juice blend, 100% juice, with added vitamins A, C, E",Beverages,46,0.3,0.01,11.15,29
174176,"Beverages, fruit juice drink, reduced sugar, with vitamin E added",Beverages,39,0,0.07,10,2
174177,"Beverages, Energy drink, VAULT Zero, sugar-free, citrus flavor",Beverages,1,0.25,0.08,0.7,14
174178,"Beverages, PEPSICO QUAKER, Gatorade G2, low calorie",Beverages,8,0.05,0.01,1.94,45
174179,"Beverages, Fruit flavored drink, less than 3% juice, not fortified with vitamin C",Beverages,64,0,0,16.03,36
174180,"Beverages, Fruit flavored drink containing less than 3% fruit juice, with high vitamin C",Beverages,27,0,0,6.67,36
174181,"Beverages, nutritional shake mix, high protein, powder",Beverages,392,53.57,10.71,20.38,1214
174182,"Fish, anchovy, european, raw",Finfish and Shellfish Products,131,20.35,4.84,0,104
174183,"Fish, anchovy, european, canned in oil, drained solids",Finfish and Shellfish Products,210,28.89,9.71,0,3668
174184,"Fish, bass, fresh water, mixed species, raw",Finfish and Shellfish Products,114,18.86,3.69,0,70
174185,"Fish, carp, cooked, dry heat",Finfish and Shellfish Products,162,22.86,7.17,0,63
174186,"Fish, catfish, channel, wild, raw",Finfish and Shellfish Products,95,16.38,2.82,0,43
174187,"Fish, catfish, channel, cooked, breaded and fried",Finfish and Shellfish Products,229,18.09,13.33,8.04,280
174188,"Fish, caviar, black and red, granular",Finfish and Shellfish Products,264,24.6,17.9,4,1500
174189,"Fish, cod, Atlantic, canned, solids and liquid",Finfish and Shellfish Products,105,22.76,0.86,0,218
174190,"Fish, cod, Atlantic, dried and salted",Finfish and Shellfish Products,290,62.82,2.37,0,7027
174191,"Fish, cod, Pacific, raw (may have been previously frozen)",Finfish and Shellfish Products,69,15.27,0.41,0,303
174192,"Fish, croaker, Atlantic, raw",Finfish and Shellfish Products,104,17.78,3.17,0,56
174193,"Fish, eel, mixed species, raw",Finfish and Shellfish Products,184,18.44,11.66,0,51
174194,"Fish, eel, mixed species, cooked, dry heat",Finfish and Shellfish Products,236,23.65,14.95,0,65
174195,"Fish, fish sticks, frozen, prepared",Finfish and Shellfish Products,277,11.01,16.23,21.66,402
174196,"Fish, flatfish (flounder and sole species), raw",Finfish and Shellfish Products,70,12.41,1.93,0,296
174197,"Fish, flatfish (flounder and sole species), cooked, dry heat",Finfish and Shellfish Products,86,15.24,2.37,0,363
174198,"Fish, haddock, cooked, dry heat",Finfish and Shellfish Products,90,19.99,0.55,0,261
174199,"Fish, haddock, smoked",Finfish and Shellfish Products,116,25.23,0.96,0,763
174200,"Fish, halibut, Atlantic and Pacific, raw",Finfish and Shellfish Products,91,18.56,1.33,0,68
174201,"Fish, halibut, Atlantic and Pacific, cooked, dry heat",Finfish and Shellfish Products,111,22.54,1.61,0,82
174202,"Crustaceans, crab, alaska king, cooked, moist heat",Finfish and Shellfish Products,97,19.35,1.54,0,1072
174203,"Crustaceans, crab, alaska king, imitation, made from surimi",Finfish and Shellfish Products,95,7.62,0.46,15,529
174204,"Crustaceans, crab, blue, raw",Finfish and Shellfish Products,87,18.06,1.08,0.04,293
174205,"Crustaceans, crab, blue, cooked, moist heat",Finfish and Shellfish Products,83,17.88,0.74,0,395
174206,"Crustaceans, crayfish, mixed species, wild, raw",Finfish and Shellfish Products,77,15.97,0.95,0,58
174207,"Crustaceans, crayfish, mixed species, wild, cooked, moist heat",Finfish and Shellfish Products,82,16.77,1.2,0,94
174208,"Crustaceans, lobster, northern, raw",Finfish and Shellfish Products,77,16.52,0.75,0,423
174209,"Crustaceans, lobster, northern, cooked, moist heat",Finfish and Shellfish Products,89,19,0.86,0,486
174210,"Crustaceans, shrimp, mixed species, raw (may contain additives to retain moisture)",Finfish and Shellfish Products,71,13.61,1.01,0.91,566
174211,"Crustaceans, spiny lobster, mixed species, raw",Finfish and Shellfish Products,112,20.6,1.51,2.43,177
174212,"Mollusks, abalone, mixed species, raw",Finfish and Shellfish Products,105,17.1,0.76,6.01,301
174213,"Mollusks, abalone, mixed species, cooked, fried",Finfish and Shellfish Products,189,19.63,6.78,11.05,591
174214,"Mollusks, clam, mixed species, raw",Finfish and Shellfish Products,86,14.67,0.96,3.57,601
174215,"Mollusks, cuttlefish, mixed species, raw",Finfish and Shellfish Products,79,16.24,0.7,0.82,372
174216,"Mollusks, mussel, blue, raw",Finfish and Shellfish Products,86,11.9,2.24,3.69,286
174217,"Mollusks, mussel, blue, cooked, moist heat",Finfish and Shellfish Products,172,23.8,4.48,7.39,369
174218,"Mollusks, octopus, common, raw",Finfish and Shellfish Products,82,14.91,1.04,2.2,230
174219,"Mollusks, oyster, Pacific, raw",Finfish and Shellfish Products,81,9.45,2.3,4.95,106
174220,"Mollusks, scallop, mixed species, raw",Finfish and Shellfish Products,69,12.06,0.49,3.18,392
174221,"Mollusks, scallop, mixed species, cooked, breaded and fried",Finfish and Shellfish Products,216,18.07,10.94,10.13,464
174222,"Mollusks, scallop, mixed species, imitation, made from surimi",Finfish and Shellfish Products,99,12.77,0.41,10.62,795
174223,"Mollusks, squid, mixed species, raw",Finfish and Shellfish Products,92,15.58,1.38,3.08,44
174224,"Fish, salmon, chum, canned, without salt, drained solids with bone",Finfish and Shellfish Products,141,21.43,5.5,0,75
174225,"Fish, salmon, pink, canned, without salt, solids with bone and liquid",Finfish and Shellfish Products,139,19.78,6.05,0,75
174226,"Fish, salmon, sockeye, canned, without salt, drained solids with bone",Finfish and Shellfish Products,153,20.47,7.31,0,75
174227,"Fish, tuna, light, canned in oil, without salt, drained solids",Finfish and Shellfish Products,198,29.13,8.21,0,50
174228,"Fish, bass, striped, cooked, dry heat",Finfish and Shellfish Products,124,22.73,2.99,0,88
174229,"Fish, bluefish, cooked, dry heat",Finfish and Shellfish Products,159,25.69,5.44,0,77
174230,"Fish, burbot, cooked, dry heat",Finfish and Shellfish Products,115,24.76,1.04,0,124
174231,"Fish, butterfish, cooked, dry heat",Finfish and Shellfish Products,187,22.15,10.28,0,114
174232,"Fish, halibut, greenland, cooked, dry heat",Finfish and Shellfish Products,239,18.42,17.74,0,103
174233,"Fish, herring, Pacific, cooked, dry heat",Finfish and Shellfish Products,250,21.01,17.79,0,95
174234,"Fish, ling, cooked, dry heat",Finfish and Shellfish Products,111,24.35,0.82,0,173
174235,"Fish, lingcod, cooked, dry heat",Finfish and Shellfish Products,109,22.64,1.36,0,76
174236,"Fish, mackerel, king, cooked, dry heat",Finfish and Shellfish Products,134,26,2.56,0,203
174237,"Fish, pollock, Atlantic, cooked, dry heat",Finfish and Shellfish Products,118,24.92,1.26,0,110
174238,"Fish, pout, ocean, cooked, dry heat",Finfish and Shellfish Products,102,21.33,1.17,0,78
174239,"Fish, roe, mixed species, cooked, dry heat",Finfish and Shellfish Products,204,28.62,8.23,1.92,117
174240,"Fish, sablefish, cooked, dry heat",Finfish and Shellfish Products,250,17.19,19.62,0,72
174241,"Fish, scup, cooked, dry heat",Finfish and Shellfish Products,135,24.21,3.5,0,54
174242,"Fish, seatrout, mixed species, cooked, dry heat",Finfish and Shellfish Products,133,21.46,4.63,0,74
174243,"Fish, shad, american, cooked, dry heat",Finfish and Shellfish Products,252,21.71,17.65,0,65
174244,"Fish, spot, cooked, dry heat",Finfish and Shellfish Products,158,23.73,6.28,0,37
174245,"Fish, turbot, european, cooked, dry heat",Finfish and Shellfish Products,122,20.58,3.78,0,192
174246,"Fish, whitefish, mixed species, cooked, dry heat",Finfish and Shellfish Products,172,24.47,7.51,0,65
174247,"Fish, wolffish, Atlantic, cooked, dry heat",Finfish and Shellfish Products,123,22.44,3.06,0,109
174248,"Fish, yellowtail, mixed species, cooked, dry heat",Finfish and Shellfish Products,187,29.67,6.72,0,50
174249,"Mollusks, octopus, common, cooked, moist heat",Finfish and Shellfish Products,164,29.82,2.08,4.4,460
174250,"Mollusks, oyster, Pacific, cooked, moist heat",Finfish and Shellfish Products,163,18.9,4.6,9.9,212
174251,"Fish, roughy, orange, cooked, dry heat",Finfish and Shellfish Products,105,22.64,0.9,0,69
174252,"Lima beans, large, mature seeds, raw",Legumes and Legume Products,338,21.46,0.69,63.38,18
174253,"Lima beans, large, mature seeds, cooked, boiled, without salt",Legumes and Legume Products,115,7.8,0.38,20.88,2
174254,"Lima beans, large, mature seeds, canned",Legumes and Legume Products,79,4.93,0.17,14.91,336
174255,"Lima beans, thin seeded (baby), mature seeds, raw",Legumes and Legume Products,335,20.62,0.93,62.83,13
174256,"Mung beans, mature seeds, raw",Legumes and Legume Products,347,23.86,1.15,62.62,15
174257,"Mung beans, mature seeds, cooked, boiled, without salt",Legumes and Legume Products,105,7.02,0.38,19.15,2
174258,"Noodles, chinese, cellophane or long rice (mung beans), dehydrated",Legumes and Legume Products,351,0.16,0.06,86.09,10
174259,"Mungo beans, mature seeds, raw",Legumes and Legume Products,341,25.21,1.64,58.99,38
174260,"Peanuts, all types, cooked, boiled, with salt",Legumes and Legume Products,318,13.5,22.01,21.26,751
174261,"Peanuts, all types, oil-roasted, with salt",Legumes and Legume Products,599,28.03,52.5,15.26,320
174262,"Peanuts, all types, dry-roasted, with salt",Legumes and Legume Products,587,24.35,49.66,21.26,410
174263,"Peanuts, spanish, raw",Legumes and Legume Products,570,26.15,49.6,15.83,22
174264,"Peanuts, virginia, oil-roasted, with salt",Legumes and Legume Products,578,25.87,48.62,19.86,433
174265,"Peanut butter, chunk style, with salt",Legumes and Legume Products,589,24.06,49.94,21.57,486
174266,"Peanut butter, smooth style, with salt (Includes foods for USDA's Food Distribution Program)",Legumes and Legume Products,598,22.21,51.36,22.31,426
174267,"Peanut flour, defatted",Legumes and Legume Products,327,52.2,0.55,34.7,180
174268,Meat extender,Legumes and Legume Products,311,41.71,2.97,34.71,10
174269,"Sausage, meatless",Legumes and Legume Products,255,20.28,18.16,8.09,888
174270,"Soybeans, mature seeds, raw",Legumes and Legume Products,446,36.49,19.94,30.16,2
174271,"Soybeans, mature cooked, boiled, without salt",Legumes and Legume Products,172,18.21,8.97,8.36,1
174272,Tempeh,Legumes and Legume Products,192,20.29,10.8,7.64,9
174273,"Soy flour, full-fat, raw",Legumes and Legume Products,434,37.81,20.65,31.92,13
174274,"Soy flour, full-fat, roasted",Legumes and Legume Products,439,38.09,21.86,30.38,12
174275,"Soy flour, defatted",Legumes and Legume Products,327,51.46,1.22,33.92,20
174276,Soy protein isolate,Legumes and Legume Products,335,88.32,3.39,0,1005
174277,Soy sauce made from soy and wheat (shoyu),Legumes and Legume Products,53,8.14,0.57,4.93,5493
174278,Soy sauce made from soy (tamari),Legumes and Legume Products,60,10.51,0.1,5.57,5586
174279,Soy sauce made from hydrolyzed vegetable protein,Legumes and Legume Products,60,7,0.51,7.84,6820
174280,"Tofu, salted and fermented (fuyu)",Legumes and Legume Products,116,8.92,8,4.38,2873
174281,"Yardlong beans, mature seeds, raw",Legumes and Legume Products,347,24.33,1.31,61.91,17
174282,"Yardlong beans, mature seeds, cooked, boiled, without salt",Legumes and Legume Products,118,8.29,0.45,21.09,5
174283,"Winged beans, mature seeds, raw",Legumes and Legume Products,409,29.65,16.32,41.71,38
174284,"Lentils, pink or red, raw",Legumes and Legume Products,358,23.91,2.17,63.1,7
174285,"Beans, kidney, red, mature seeds, canned, drained solids",Legumes and Legume Products,124,7.98,1.05,21.49,231
174286,"Beans, pinto, canned, drained solids",Legumes and Legume Products,114,6.99,0.9,20.22,239
174287,"Veggie burgers or soyburgers, unprepared",Legumes and Legume Products,177,15.7,6.3,14.27,569
174288,Chickpea flour (besan),Legumes and Legume Products,387,22.39,6.69,57.82,64
174289,"Hummus, commercial",Legumes and Legume Products,237,7.78,17.82,15,426
174290,"Tofu, extra firm, prepared with nigari",Legumes and Legume Products,83,9.98,5.26,1.18,4
174291,"Tofu, hard, prepared with nigari",Legumes and Legume Products,145,12.68,9.99,4.39,2
174292,"MORI-NU, Tofu, silken, soft",Legumes and Legume Products,55,4.8,2.7,2.9,5
174293,"Soymilk, chocolate, unfortified",Legumes and Legume Products,63,2.26,1.53,9.95,53
174294,"Peanut Butter, smooth (Includes foods for USDA's Food Distribution Program)",Legumes and Legume Products,588,21.93,49.54,23.98,476
174295,"Soymilk, chocolate, with added calcium, vitamins A and D",Legumes and Legume Products,63,2.26,1.53,9.95,53
174296,"Refried beans, canned, vegetarian",Legumes and Legume Products,83,5.28,0.87,13.5,430
174297,"Vitasoy USA, Organic Nasoya Super Firm Cubed Tofu",Legumes and Legume Products,118,12.4,6.3,2.8,6
174298,"Refried beans, canned, traditional, reduced sodium",Legumes and Legume Products,89,4.98,2.01,13.55,138
174299,"Soybeans, mature seeds, cooked, boiled, with salt",Legumes and Legume Products,172,18.21,8.97,8.36,237
174300,"Soybeans, mature seeds, roasted, no salt added",Legumes and Legume Products,469,38.55,25.4,30.22,4
174301,"Soy protein concentrate, produced by acid wash",Legumes and Legume Products,328,63.63,0.46,25.41,900
174302,"Soy protein isolate, potassium type",Legumes and Legume Products,321,88.32,0.53,2.59,50
174303,"Tofu, dried-frozen (koyadofu), prepared with calcium sulfate",Legumes and Legume Products,470,52.43,30.34,8.3,6
174304,"Tofu, fried, prepared with calcium sulfate",Legumes and Legume Products,270,18.82,20.18,8.86,16
174305,"Tofu, salted and fermented (fuyu), prepared with calcium sulfate",Legumes and Legume Products,116,8.15,8,5.15,2873
174306,"Yardlong beans, mature seeds, cooked, boiled, with salt",Legumes and Legume Products,118,8.29,0.45,21.09,241
174307,"Lamb, composite of trimmed retail cuts, separable lean only, trimmed to 1/4"" fat, choice, raw","Lamb, Veal, and Game Products",134,20.29,5.25,0,66
174308,"Lamb, composite of trimmed retail cuts, separable lean only, trimmed to 1/4"" fat, choice, cooked","Lamb, Veal, and Game Products",206,28.22,9.52,0,76
174309,"Lamb, composite of trimmed retail cuts, separable fat, trimmed to 1/4"" fat, choice, raw","Lamb, Veal, and Game Products",665,6.65,70.61,0,31
174310,"Lamb, composite of trimmed retail cuts, separable fat, trimmed to 1/4"" fat, choice, cooked","Lamb, Veal, and Game Products",586,12.16,59.18,0,58
174311,"Lamb, leg, whole (shank and sirloin), separable lean and fat, trimmed to 1/4"" fat, choice, raw","Lamb, Veal, and Game Products",230,17.91,17.07,0,56
174312,"Lamb, leg, whole (shank and sirloin), separable lean and fat, trimmed to 1/4"" fat, choice, cooked, roasted","Lamb, Veal, and Game Products",258,25.55,16.48,0,66
174313,"Lamb, leg, whole (shank and sirloin), separable lean only, trimmed to 1/4"" fat, choice, raw","Lamb, Veal, and Game Products",128,20.56,4.51,0,62
174314,"Lamb, leg, whole (shank and sirloin), separable lean only, trimmed to 1/4"" fat, choice, cooked, roasted","Lamb, Veal, and Game Products",191,28.3,7.74,0,68
174315,"Lamb, leg, shank half, separable lean and fat, trimmed to 1/4"" fat, choice, raw","Lamb, Veal, and Game Products",201,18.58,13.49,0,57
174316,"Lamb, leg, sirloin half, separable lean and fat, trimmed to 1/4"" fat, choice, cooked, roasted","Lamb, Veal, and Game Products",292,24.63,20.67,0,68
174317,"Lamb, leg, sirloin half, separable lean only, trimmed to 1/4"" fat, choice, raw","Lamb, Veal, and Game Products",134,20.55,5.08,0,64
174318,"Lamb, leg, sirloin half, separable lean only, trimmed to 1/4"" fat, choice, cooked, roasted","Lamb, Veal, and Game Products",204,28.35,9.17,0,71
174319,"Lamb, loin, separable lean and fat, trimmed to 1/4"" fat, choice, raw","Lamb, Veal, and Game Products",310,16.32,26.63,0,56
174320,"Lamb, loin, separable lean only, trimmed to 1/4"" fat, choice, cooked, roasted","Lamb, Veal, and Game Products",202,26.59,9.76,0,66
174321,"Lamb, rib, separable lean and fat, trimmed to 1/4"" fat, choice, raw","Lamb, Veal, and Game Products",372,14.52,34.39,0,56
174322,"Lamb, rib, separable lean and fat, trimmed to 1/4"" fat, choice, cooked, broiled","Lamb, Veal, and Game Products",361,22.13,29.59,0,76
174323,"Lamb, rib, separable lean and fat, trimmed to 1/4"" fat, choice, cooked, roasted","Lamb, Veal, and Game Products",359,21.12,29.82,0,73
174324,"Lamb, shoulder, whole (arm and blade), separable lean and fat, trimmed to 1/4"" fat, choice, cooked, broiled","Lamb, Veal, and Game Products",278,24.42,19.26,0,78
174325,"Lamb, shoulder, whole (arm and blade), separable lean and fat, trimmed to 1/4"" fat, choice, cooked, roasted","Lamb, Veal, and Game Products",276,22.51,19.97,0,66
174326,"Lamb, shoulder, whole (arm and blade), separable lean only, trimmed to 1/4"" fat, choice, raw","Lamb, Veal, and Game Products",144,19.55,6.76,0,70
174327,"Lamb, shoulder, whole (arm and blade), separable lean only, trimmed to 1/4"" fat, choice, cooked, braised","Lamb, Veal, and Game Products",283,32.81,15.89,0,79
174328,"Lamb, shoulder, arm, separable lean and fat, trimmed to 1/4"" fat, choice, cooked, broiled","Lamb, Veal, and Game Products",281,24.44,19.55,0,77
174329,"Lamb, shoulder, arm, separable lean and fat, trimmed to 1/4"" fat, choice, cooked, roasted","Lamb, Veal, and Game Products",279,22.53,20.24,0,65
174330,"Lamb, shoulder, arm, separable lean only, trimmed to 1/4"" fat, choice, raw","Lamb, Veal, and Game Products",132,19.99,5.2,0,69
174331,"Lamb, shoulder, arm, separable lean only, trimmed to 1/4"" fat, choice, cooked, braised","Lamb, Veal, and Game Products",279,35.54,14.08,0,76
174332,"Lamb, shoulder, blade, separable lean and fat, trimmed to 1/4"" fat, choice, cooked, broiled","Lamb, Veal, and Game Products",278,23.08,19.94,0,82
174333,"Lamb, shoulder, blade, separable lean and fat, trimmed to 1/4"" fat, choice, cooked, roasted","Lamb, Veal, and Game Products",281,22.25,20.61,0,66
174334,"Lamb, shoulder, blade, separable lean only, trimmed to 1/4"" fat, choice, raw","Lamb, Veal, and Game Products",151,19.29,7.63,0,70
174335,"Lamb, shoulder, blade, separable lean only, trimmed to 1/4"" fat, choice, cooked, braised","Lamb, Veal, and Game Products",288,32.35,16.64,0,79
174336,"Lamb, New Zealand, imported, frozen, composite of trimmed retail cuts, separable lean and fat, raw","Lamb, Veal, and Game Products",277,16.74,22.74,0,39
174337,"Lamb, New Zealand, imported, frozen, composite of trimmed retail cuts, separable lean and fat, cooked","Lamb, Veal, and Game Products",305,24.42,22.26,0,46
174338,"Lamb, New Zealand, imported, frozen, composite of trimmed retail cuts, separable lean only, raw","Lamb, Veal, and Game Products",128,20.75,4.41,0,46
174339,"Lamb, New Zealand, imported, frozen, composite of trimmed retail cuts, separable lean only, cooked","Lamb, Veal, and Game Products",206,29.59,8.86,0,50
174340,"Lamb, New Zealand, imported, fore-shank, separable lean only, raw","Lamb, Veal, and Game Products",122,22.05,3.77,0,82
174341,"Lamb, New Zealand, imported, fore-shank, separable lean only, cooked, braised","Lamb, Veal, and Game Products",209,33.31,8.4,0,77
174342,"Lamb, New Zealand, imported, leg chop/steak, bone-in, separable lean and fat, raw","Lamb, Veal, and Game Products",206,18.64,14.52,0.13,59
174343,"Lamb, New Zealand, imported, frozen, leg, whole (shank and sirloin), separable lean and fat, cooked, roasted","Lamb, Veal, and Game Products",246,24.81,15.56,0,43
174344,"Game meat, moose, raw","Lamb, Veal, and Game Products",102,22.24,0.74,0,65
174345,"Game meat, moose, cooked, roasted","Lamb, Veal, and Game Products",134,29.27,0.97,0,69
174346,"Game meat, rabbit, domesticated, composite of cuts, cooked, stewed","Lamb, Veal, and Game Products",206,30.38,8.41,0,37
174347,"Game meat, rabbit, wild, raw","Lamb, Veal, and Game Products",114,21.79,2.32,0,50
174348,"Game meat, rabbit, wild, cooked, stewed","Lamb, Veal, and Game Products",173,33.02,3.51,0,45
174349,"Game meat, raccoon, cooked, roasted","Lamb, Veal, and Game Products",255,29.2,14.5,0,79
174350,"Lamb, variety meats and by-products, brain, cooked, pan-fried","Lamb, Veal, and Game Products",273,16.97,22.19,0,157
174351,"Veal, variety meats and by-products, brain, raw","Lamb, Veal, and Game Products",118,10.32,8.21,0,127
174352,"Veal, variety meats and by-products, brain, cooked, braised","Lamb, Veal, and Game Products",136,11.48,9.63,0,156
174353,"Veal, variety meats and by-products, brain, cooked, pan-fried","Lamb, Veal, and Game Products",213,14.48,16.75,0,176
174354,"Lamb, variety meats and by-products, kidneys, raw","Lamb, Veal, and Game Products",97,15.74,2.95,0.82,156
174355,"Lamb, variety meats and by-products, kidneys, cooked, braised","Lamb, Veal, and Game Products",137,23.65,3.62,0.99,151
174356,"Veal, variety meats and by-products, kidneys, raw","Lamb, Veal, and Game Products",99,15.76,3.12,0.85,178
174357,"Veal, variety meats and by-products, kidneys, cooked, braised","Lamb, Veal, and Game Products",163,26.32,5.66,0,110
174358,"Veal, variety meats and by-products, liver, cooked, pan-fried","Lamb, Veal, and Game Products",193,27.37,6.51,4.47,85
174359,"Lamb, variety meats and by-products, lungs, raw","Lamb, Veal, and Game Products",95,16.7,2.6,0,157
174360,"Lamb, variety meats and by-products, lungs, cooked, braised","Lamb, Veal, and Game Products",113,19.88,3.1,0,84
174361,"Veal, variety meats and by-products, lungs, raw","Lamb, Veal, and Game Products",90,16.3,2.3,0,108
174362,"Veal, variety meats and by-products, pancreas, raw","Lamb, Veal, and Game Products",182,15,13.1,0,67
174363,"Veal, variety meats and by-products, pancreas, cooked, braised","Lamb, Veal, and Game Products",256,29.1,14.6,0,68
174364,"Lamb, variety meats and by-products, spleen, raw","Lamb, Veal, and Game Products",101,17.2,3.1,0,84
174365,"Lamb, variety meats and by-products, spleen, cooked, braised","Lamb, Veal, and Game Products",156,26.46,4.77,0,58
174366,"Lamb, variety meats and by-products, tongue, raw","Lamb, Veal, and Game Products",222,15.7,17.17,0,78
174367,"Lamb, variety meats and by-products, tongue, cooked, braised","Lamb, Veal, and Game Products",275,21.57,20.28,0,67
174368,"Veal, variety meats and by-products, tongue, raw","Lamb, Veal, and Game Products",131,17.18,5.48,1.91,82
174369,"Veal, variety meats and by-products, tongue, cooked, braised","Lamb, Veal, and Game Products",202,25.85,10.1,0,64
174370,"Lamb, ground, raw","Lamb, Veal, and Game Products",282,16.56,23.41,0,59
174371,"Lamb, foreshank, separable lean and fat, trimmed to 1/8"" fat, cooked, braised","Lamb, Veal, and Game Products",243,28.37,13.46,0,72
174372,"Lamb, leg, whole (shank and sirloin), separable lean and fat, trimmed to 1/8"" fat, choice, raw","Lamb, Veal, and Game Products",209,18.47,14.42,0,57
174373,"Lamb, leg, whole (shank and sirloin), separable lean and fat, trimmed to 1/8"" fat, choice, cooked, roasted","Lamb, Veal, and Game Products",242,26.2,14.42,0,67
174374,"Lamb, leg, shank half, separable lean and fat, trimmed to 1/8"" fat, choice, raw","Lamb, Veal, and Game Products",185,18.99,11.5,0,58
174375,"Lamb, loin, separable lean and fat, trimmed to 1/8"" fat, choice, cooked, broiled","Lamb, Veal, and Game Products",297,26.06,20.61,0,78
174376,"Lamb, loin, separable lean and fat, trimmed to 1/8"" fat, choice, cooked, roasted","Lamb, Veal, and Game Products",290,23.27,21.12,0,64
174377,"Lamb, rib, separable lean and fat, trimmed to 1/8"" fat, choice, raw","Lamb, Veal, and Game Products",342,15.32,30.71,0,58
174378,"Lamb, rib, separable lean and fat, trimmed to 1/8"" fat, choice, cooked, broiled","Lamb, Veal, and Game Products",340,23.06,26.82,0,77
174379,"Lamb, shoulder, whole (arm and blade), separable lean and fat, trimmed to 1/8"" fat, choice, cooked, roasted","Lamb, Veal, and Game Products",269,22.7,19.08,0,66
174380,"Lamb, shoulder, arm, separable lean and fat, trimmed to 1/8"" fat, choice, raw","Lamb, Veal, and Game Products",244,17.19,18.94,0,61
174381,"Lamb, shoulder, arm, separable lean and fat, trimmed to 1/8"" fat, choice, cooked, braised","Lamb, Veal, and Game Products",337,31.1,22.65,0,72
174382,"Lamb, shoulder, arm, separable lean and fat, trimmed to 1/8"" fat, cooked, broiled","Lamb, Veal, and Game Products",269,24.91,18.05,0,78
174383,"Lamb, shoulder, arm, separable lean and fat, trimmed to 1/8"" fat, choice, roasted","Lamb, Veal, and Game Products",267,22.93,18.75,0,65
174384,"Lamb, New Zealand, imported, frozen, composite of trimmed retail cuts, separable lean and fat, trimmed to 1/8"" fat, raw","Lamb, Veal, and Game Products",232,17.95,17.2,0,41
174385,"Lamb, New Zealand, imported, frozen, composite of trimmed retail cuts, separable lean and fat, trimmed to 1/8"" fat, cooked","Lamb, Veal, and Game Products",270,25.26,17.98,0,46
174386,"Lamb, New Zealand, imported, frozen, foreshank, separable lean and fat, trimmed to 1/8"" fat, raw","Lamb, Veal, and Game Products",223,18.04,16.15,0,45
174387,"Lamb, New Zealand, imported, frozen, foreshank, separable lean and fat, trimmed to 1/8"" fat, cooked, braised","Lamb, Veal, and Game Products",258,26.97,15.83,0,47
174388,"Lamb, new zealand, imported, frozen, rib, separable lean and fat, trimmed to 1/8"" fat, raw","Lamb, Veal, and Game Products",311,15.87,27,0,42
174389,"Lamb, New Zealand, imported, frozen, rib, separable lean and fat, trimmed to 1/8"" fat, cooked, roasted","Lamb, Veal, and Game Products",317,19.86,25.74,0,44
174390,"Lamb, New Zealand, imported, frozen, shoulder, whole (arm and blade), separable lean and fat, trimmed to 1/8"" fat, raw","Lamb, Veal, and Game Products",251,17.19,19.74,0,42
174391,"Lamb, New Zealand, imported, frozen, shoulder, whole (arm and blade), separable lean and fat, trimmed to 1/8"" fat, cooked, braised","Lamb, Veal, and Game Products",342,29.43,24.03,0,52
174392,"Veal, breast, whole, boneless, separable lean and fat, raw","Lamb, Veal, and Game Products",208,17.47,14.75,0,71
174393,"Veal, breast, whole, boneless, separable lean and fat, cooked, braised","Lamb, Veal, and Game Products",266,26.97,16.77,0,65
174394,"Veal, breast, plate half, boneless, separable lean and fat, cooked, braised","Lamb, Veal, and Game Products",282,25.93,18.95,0,64
174395,"Veal, breast, point half, boneless, separable lean and fat, cooked, braised","Lamb, Veal, and Game Products",248,28.23,14.16,0,66
174396,"Veal, breast, whole, boneless, separable lean only, cooked, braised","Lamb, Veal, and Game Products",218,30.32,9.8,0,68
174397,"Lamb, Australian, imported, fresh, composite of trimmed retail cuts, separable lean and fat, trimmed to 1/8"" fat, raw","Lamb, Veal, and Game Products",229,17.84,16.97,0,74
174398,"Lamb, Australian, imported, fresh, composite of trimmed retail cuts, separable lean and fat, trimmed to 1/8"" fat, cooked","Lamb, Veal, and Game Products",256,24.52,16.82,0,76
174399,"Lamb, Australian, imported, fresh, composite of trimmed retail cuts, separable lean only, trimmed to 1/8"" fat, raw","Lamb, Veal, and Game Products",142,20.25,6.18,0,83
174400,"Lamb, Australian, imported, fresh, composite of trimmed retail cuts, separable lean only, trimmed to 1/8"" fat, cooked","Lamb, Veal, and Game Products",201,26.71,9.63,0,80
174401,"Lamb, Australian, imported, fresh, foreshank, separable lean only, trimmed to 1/8"" fat, raw","Lamb, Veal, and Game Products",123,20.83,3.81,0,106
174402,"Lamb, Australian, imported, fresh, foreshank, separable lean only, trimmed to 1/8"" fat, cooked, braised","Lamb, Veal, and Game Products",165,27.5,5.22,0,100
174403,"Lamb, Australian, imported, fresh, leg, whole (shank and sirloin), separable lean and fat, trimmed to 1/8"" fat, raw","Lamb, Veal, and Game Products",215,18.24,15.19,0,73
174404,"Lamb, Australian, imported, fresh, leg, whole (shank and sirloin), separable lean and fat, trimmed to 1/8"" fat, cooked, roasted","Lamb, Veal, and Game Products",244,25.16,15.13,0,70
174405,"Lamb, Australian, imported, fresh, leg, shank half, separable lean only, trimmed to 1/8"" fat, cooked, roasted","Lamb, Veal, and Game Products",182,27.18,7.27,0,69
174406,"Lamb, Australian, imported, fresh, leg, sirloin half, boneless, separable lean and fat, trimmed to 1/8"" fat, raw","Lamb, Veal, and Game Products",254,17.25,20,0,70
174407,"Lamb, Australian, imported, fresh, leg, sirloin half, boneless, separable lean and fat, trimmed to 1/8"" fat, cooked, roasted","Lamb, Veal, and Game Products",281,24.88,19.38,0,78
174408,"Lamb, Australian, imported, fresh, leg, sirloin half, boneless, separable lean only, trimmed to 1/8"" fat, raw","Lamb, Veal, and Game Products",138,20.48,5.64,0,80
174409,"Lamb, Australian, imported, fresh, leg, sirloin chops, boneless, separable lean only, trimmed to 1/8"" fat, cooked, broiled","Lamb, Veal, and Game Products",188,27.63,7.8,0,66
174410,"Lamb, Australian, imported, fresh, leg, center slice, bone-in, separable lean and fat, trimmed to 1/8"" fat, raw","Lamb, Veal, and Game Products",195,19.17,12.56,0,61
174411,"Lamb, Australian, imported, fresh, leg, center slice, bone-in, separable lean and fat, trimmed to 1/8"" fat, cooked, broiled","Lamb, Veal, and Game Products",215,25.54,11.78,0,65
174412,"Lamb, Australian, imported, fresh, leg, center slice, bone-in, separable lean only, trimmed to 1/8"" fat, raw","Lamb, Veal, and Game Products",143,20.65,6.08,0,64
174413,"Lamb, Australian, imported, fresh, loin, separable lean only, trimmed to 1/8"" fat, cooked, broiled","Lamb, Veal, and Game Products",192,26.53,8.75,0,80
174414,"Lamb, Australian, imported, fresh, rib chop/rack roast, frenched, bone-in, separable lean and fat, trimmed to 1/8"" fat, raw","Lamb, Veal, and Game Products",237,21.26,16.89,0,69
174415,"Lamb, Australian, imported, fresh, rib chop, frenched, bone-in, separable lean and fat, trimmed to 1/8"" fat, cooked, grilled","Lamb, Veal, and Game Products",305,28.48,21.2,0,79
174416,"Lamb, Australian, imported, fresh, rib chop/rack roast, frenched, bone-in, separable lean only, trimmed to 1/8"" fat, raw","Lamb, Veal, and Game Products",147,24.07,5.59,0,71
174417,"Lamb, Australian, imported, fresh, shoulder, arm, separable lean and fat, trimmed to 1/8"" fat, raw","Lamb, Veal, and Game Products",243,17.06,18.89,0,72
174418,"Lamb, Australian, imported, fresh, shoulder, arm, separable lean and fat, trimmed to 1/8"" fat, cooked, braised","Lamb, Veal, and Game Products",311,29.7,20.38,0,73
174419,"Lamb, Australian, imported, fresh, shoulder, arm, separable lean only, trimmed to 1/8"" fat, raw","Lamb, Veal, and Game Products",137,19.88,5.81,0,83
174420,"Lamb, Australian, imported, fresh, shoulder, arm, separable lean only,   trimmed to 1/8"" fat, cooked, braised","Lamb, Veal, and Game Products",238,34.17,10.23,0,78
174421,"Game meat , bison, ground, raw","Lamb, Veal, and Game Products",223,18.67,15.93,0,66
174422,"Game meat, bison, ground, cooked, pan-broiled","Lamb, Veal, and Game Products",238,23.77,15.13,0,73
174423,"Game meat , bison, top sirloin, separable lean only, 1"" steak, cooked, broiled","Lamb, Veal, and Game Products",171,28.05,5.65,0,53
174424,"Game meat, bison, chuck, shoulder clod, separable lean only, cooked, braised","Lamb, Veal, and Game Products",193,33.78,5.43,0,57
174425,"Game meat, elk, ground, raw","Lamb, Veal, and Game Products",172,21.76,8.82,0,79
174426,"Game meat, elk, ground, cooked, pan-broiled","Lamb, Veal, and Game Products",193,26.64,8.74,0,85
174427,"Game meat, elk, loin, separable lean only, cooked, broiled","Lamb, Veal, and Game Products",167,31,3.84,0,54
174428,"Game meat, elk, round, separable lean only, cooked, broiled","Lamb, Veal, and Game Products",156,30.94,2.64,0,51
174429,"Game meat, elk, tenderloin, separable lean only, cooked, broiled","Lamb, Veal, and Game Products",162,30.76,3.41,0,50
174430,"Game meat, deer, tenderloin, separable lean only, cooked, broiled","Lamb, Veal, and Game Products",149,29.9,2.35,0,57
174431,"Game meat, deer, top round, separable lean only, 1"" steak, cooked, broiled","Lamb, Veal, and Game Products",152,31.47,1.92,0,45
174432,"Veal, Australian, shank, fore, bone-in, separable lean only, raw","Lamb, Veal, and Game Products",123,20.18,4.65,0,112
174433,"Veal, Australian, shank, fore, bone-in, separable lean and fat, raw","Lamb, Veal, and Game Products",145,19.58,7.42,0,108
174434,"Lamb, New Zealand, imported, Intermuscular fat, raw","Lamb, Veal, and Game Products",640,4.63,68.53,1.26,34
174435,"Lamb, New Zealand, imported, subcutaneous fat, raw","Lamb, Veal, and Game Products",703,3.87,76.16,0.55,28
174436,"Lamb, New Zealand, imported, brains, cooked, soaked and fried","Lamb, Veal, and Game Products",154,14.03,10.92,0,101
174437,"Lamb, New Zealand, imported, brains, raw","Lamb, Veal, and Game Products",118,11.33,8.03,0,117
174438,"Lamb, New Zealand, imported, chump, boneless, separable lean only, raw","Lamb, Veal, and Game Products",121,21.68,3.83,0,62
174439,"Lamb, New Zealand, imported, kidney, cooked, soaked and fried","Lamb, Veal, and Game Products",112,19.78,3.56,0.18,199
174440,"Lamb, New Zealand, imported, flap, boneless, separable lean only, cooked, braised","Lamb, Veal, and Game Products",234,27.88,13.6,0,54
174441,"Lamb, New Zealand, imported, flap, boneless, separable lean only, raw","Lamb, Veal, and Game Products",180,21.72,10.31,0,87
174442,"Lamb, New Zealand, imported, kidney, raw","Lamb, Veal, and Game Products",84,15.21,2.54,0.03,168
174443,"Lamb, New Zealand, imported, heart, cooked, soaked and simmered","Lamb, Veal, and Game Products",161,26.26,6.21,0,67
174444,"Lamb, New Zealand, imported, heart, raw","Lamb, Veal, and Game Products",105,18.09,3.68,0,94
174445,"Lamb, New Zealand, imported, sweetbread, cooked, soaked and simmered","Lamb, Veal, and Game Products",144,21.13,6.61,0,52
174446,"Lamb, New Zealand, imported, sweetbread, raw","Lamb, Veal, and Game Products",72,11,3.16,0,39
174447,"Lamb, New Zealand, imported, tunnel-boned leg, chump off, shank off, separable lean only, cooked, slow roasted","Lamb, Veal, and Game Products",159,25.29,6.44,0,62
174448,"Lamb, New Zealand, imported, tunnel-boned leg, chump off, shank off, separable lean only, raw","Lamb, Veal, and Game Products",121,20.93,4.09,0,60
174449,"Lamb, New Zealand, imported, square-cut shoulder chops, separable lean only, cooked, braised","Lamb, Veal, and Game Products",255,31.06,14.56,0,59
174450,"Lamb, New Zealand, imported, square-cut shoulder chops, separable lean only, raw","Lamb, Veal, and Game Products",164,20.62,9.08,0,82
174451,"Lamb, New Zealand, imported, loin, boneless, separable lean only, cooked, fast roasted","Lamb, Veal, and Game Products",156,28.99,4.49,0,57
174452,"Lamb, New Zealand, imported, loin, boneless, separable lean only, raw","Lamb, Veal, and Game Products",120,21.5,3.77,0,60
174453,"Lamb, New Zealand, imported, hind-shank, separable lean only, cooked, braised","Lamb, Veal, and Game Products",196,32.5,7.37,0,72
174454,"Lamb, New Zealand, imported, hind-shank, separable lean only, raw","Lamb, Veal, and Game Products",115,20.4,3.35,0.73,82
174455,"Lamb, New Zealand, imported, neck chops, separable lean only, raw","Lamb, Veal, and Game Products",151,19.84,7.97,0,81
174456,"Lamb, New Zealand, imported, rack - fully frenched, separable lean only, raw","Lamb, Veal, and Game Products",147,20.61,7.12,0,63
174457,"Lamb, New Zealand, imported, loin chop, separable lean only, cooked, fast fried","Lamb, Veal, and Game Products",208,27.43,10.7,0.41,84
174458,"Lamb, New Zealand, imported, square-cut shoulder, separable lean only, cooked, slow roasted","Lamb, Veal, and Game Products",192,25.08,10.13,0,80
174459,"Lamb, New Zealand, imported, leg chop/steak, bone-in, separable lean only, cooked, fast fried","Lamb, Veal, and Game Products",162,26.31,6.35,0,67
174460,"Lamb, New Zealand, imported, leg chop/steak, bone-in, separable lean and fat, cooked, fast fried","Lamb, Veal, and Game Products",212,24.26,12.76,0.04,65
174461,"Lamb, New Zealand, imported, loin chop, separable lean and fat, cooked, fast fried","Lamb, Veal, and Game Products",332,21.5,27.11,0.41,73
174462,"Lamb, New Zealand, imported, loin saddle, separable lean and fat, cooked, fast roasted","Lamb, Veal, and Game Products",274,21.13,20.98,0.1,69
174463,"Lamb, New Zealand, imported, loin saddle, separable lean and fat, raw","Lamb, Veal, and Game Products",273,16.56,22.9,0.2,63
174464,"Lamb, New Zealand, imported, netted shoulder, rolled, boneless, separable lean and fat, raw","Lamb, Veal, and Game Products",252,16.9,20.36,0.2,58
174465,"Chicken, capons, giblets, raw",Poultry Products,130,18.28,5.18,1.42,77
174466,"Chicken, capons, giblets, cooked, simmered",Poultry Products,164,26.39,5.4,0.76,55
174467,"Duck, domesticated, liver, raw",Poultry Products,136,18.74,4.64,3.53,140
174468,"Duck, wild, meat and skin, raw",Poultry Products,211,17.42,15.2,0,56
174469,"Duck, wild, breast, meat only, raw",Poultry Products,123,19.85,4.25,0,57
174470,"Goose, domesticated, meat and skin, raw",Poultry Products,371,15.86,33.62,0,73
174471,"Guinea hen, meat only, raw",Poultry Products,110,20.64,2.47,0,69
174472,"Pheasant, raw, meat and skin",Poultry Products,181,22.7,9.29,0,40
174473,"Pheasant, raw, meat only",Poultry Products,133,23.57,3.64,0,37
174474,"Pheasant, breast, meat only, raw",Poultry Products,133,24.37,3.25,0,33
174475,"Squab, (pigeon), meat and skin, raw",Poultry Products,294,18.47,23.8,0,54
174476,"Emu, fan fillet, raw",Poultry Products,103,22.5,0.8,0,120
174477,"Emu, fan fillet, cooked, broiled",Poultry Products,154,31.27,2.3,0,53
174478,"Emu, flat fillet, raw",Poultry Products,102,22.25,0.74,0,150
174479,"Emu, full rump, raw",Poultry Products,112,22.83,1.64,0,90
174480,"Emu, top loin, cooked, broiled",Poultry Products,152,29.07,3.13,0,58
174481,"Ostrich, ground, raw",Poultry Products,165,20.22,8.7,0,72
174482,"Ostrich, ground, cooked, pan-broiled",Poultry Products,175,26.15,7.07,0,80
174483,"Ostrich, fan, raw",Poultry Products,117,21.81,2.65,0,75
174484,"Ostrich, outside leg, raw",Poultry Products,115,22.86,1.96,0,90
174485,"Ostrich, outside strip, raw",Poultry Products,120,23.36,2.21,0,70
174486,"Ostrich, outside strip, cooked",Poultry Products,156,28.55,3.83,0,72
174487,"Ostrich, oyster, raw",Poultry Products,125,21.55,3.67,0,83
174488,"Ostrich, tip trimmed, cooked",Poultry Products,145,28.49,2.57,0,80
174489,"Ostrich, top loin, raw",Poultry Products,119,21.67,2.95,0,81
174490,"Ostrich, top loin, cooked",Poultry Products,155,28.12,3.87,0,77
174491,"Chicken, liver, all classes, cooked, pan-fried",Poultry Products,172,25.78,6.43,1.11,92
174492,"Turkey, ground, 93% lean, 7% fat, patties, broiled",Poultry Products,207,25.86,11.45,0,91
174493,"Turkey, ground, 85% lean, 15% fat, raw",Poultry Products,180,16.9,12.54,0,54
174494,"Turkey, ground, 85% lean, 15% fat, pan-broiled crumbles",Poultry Products,258,25.11,17.45,0,85
174495,"Turkey, ground, 85% lean, 15% fat, patties, broiled",Poultry Products,249,25.88,16.2,0,81
174496,"Chicken, skin (drumsticks and thighs), cooked, roasted",Poultry Products,462,16.57,43.99,0,85
174497,"Chicken, broilers or fryers, dark meat, drumstick, meat and skin, cooked, braised",Poultry Products,187,22.72,10.73,0,111
174498,"Chicken, broilers or fryers, dark meat, thigh, meat and skin, cooked, braised",Poultry Products,229,22.57,15.43,0,76
174499,"Chicken, dark meat, drumstick, meat only, with added solution, raw",Poultry Products,106,19.19,3.26,0,152
174500,"Chicken, dark meat, thigh, meat only, with added solution, cooked, roasted",Poultry Products,164,24.23,7.73,0,177
174501,"Chicken, skin (drumsticks and thighs), with added solution, cooked, braised",Poultry Products,403,12.26,38.94,1,139
174502,"Chicken, skin (drumsticks and thighs), with added solution, raw",Poultry Products,386,11.11,37.9,0.01,139
174503,"Chicken, skin (drumsticks and thighs), with added solution, cooked, roasted",Poultry Products,421,20.31,37.6,0.44,162
174504,"Chicken, dark meat, drumstick, meat and skin, with added solution, cooked, braised",Poultry Products,183,21.55,10.71,0.13,165
174505,"Chicken, dark meat, thigh, meat and skin, with added solution, cooked, roasted",Poultry Products,214,23.47,13.81,0.09,174
174506,"Chicken, broiler, rotisserie, BBQ, back meat only",Poultry Products,212,21.85,13.87,0.31,563
174507,"Turkey, dark meat from whole, meat only, with added solution, raw",Poultry Products,115,19.27,4.12,0.1,167
174508,"Turkey, dark meat, meat only, with added solution, cooked, roasted",Poultry Products,158,26.1,6,0,201
174509,"Turkey, dark meat from whole, meat and skin, with added solution, raw",Poultry Products,169,17.84,10.83,0.15,161
174510,"Turkey, dark meat from whole, meat and skin, with added solution, cooked, roasted",Poultry Products,199,25.55,10.81,0,206
174511,"Turkey from whole, light meat, meat and skin, with added solution, raw",Poultry Products,147,20.02,7.42,0.14,195
174512,"Turkey from whole, light meat, meat and skin, with added solution, cooked, roasted",Poultry Products,157,26.52,5.64,0,237
174513,"Turkey, retail parts, breast, meat only, with added solution, raw",Poultry Products,111,21.99,2.53,0,124
174514,"Turkey, retail parts, breast, meat only, with added solution, cooked, roasted",Poultry Products,130,27.94,2.08,0,184
174515,"Turkey, retail parts, breast, meat only, raw",Poultry Products,114,23.34,2.33,0,74
174516,"Turkey, retail parts, breast, meat only, cooked, roasted",Poultry Products,136,29.51,1.97,0,114
174517,"Turkey, retail parts, wing, meat only, raw",Poultry Products,112,22.48,2.49,0,69
174518,"Turkey, retail parts, thigh, meat only, raw",Poultry Products,116,20.6,3.69,0,75
174519,"Turkey, breast, from whole bird, meat only, with added solution, roasted",Poultry Products,127,26.97,2.08,0,238
174520,"Turkey, back, from whole bird, meat only, with added solution, raw",Poultry Products,115,19.27,4.12,0.15,167
174521,"Turkey, back, from whole bird, meat only, with added solution, roasted",Poultry Products,127,26.97,2.08,0,238
174522,"Soup, chicken mushroom, canned, condensed","Soups, Sauces, and Gravies",100,1.61,4.84,11.95,669
174523,"Sauce, barbecue","Soups, Sauces, and Gravies",172,0.82,0.63,40.77,1027
174524,"Sauce, salsa, ready-to-serve","Soups, Sauces, and Gravies",29,1.52,0.17,6.64,711
174525,"Sauce, homemade, white, medium","Soups, Sauces, and Gravies",147,3.84,10.63,9.17,354
174526,"Sauce, homemade, white, thick","Soups, Sauces, and Gravies",186,3.99,13.83,11.61,373
174527,"Sauce, ready-to-serve, pepper or hot","Soups, Sauces, and Gravies",11,0.51,0.37,1.75,2643
174528,"Sauce, ready-to-serve, pepper, TABASCO","Soups, Sauces, and Gravies",12,1.29,0.76,0.8,633
174529,"Sauce, oyster, ready-to-serve","Soups, Sauces, and Gravies",51,1.35,0.25,10.92,2733
174530,"Soup, minestrone, canned, reduced sodium, ready-to-serve","Soups, Sauces, and Gravies",50,2,0.8,9,215
174531,"Sauce, fish, ready-to-serve","Soups, Sauces, and Gravies",35,5.06,0.01,3.64,7851
174532,"Soup, shark fin, restaurant-prepared","Soups, Sauces, and Gravies",46,3.2,2,3.8,501
174533,"Soup, bean & ham, canned, reduced sodium, prepared with water or ready-to-serve","Soups, Sauces, and Gravies",81,4.19,1.03,13.66,187
174534,"Split pea soup, canned, reduced sodium, prepared with water or ready-to serve","Soups, Sauces, and Gravies",71,3.85,0.92,11.83,166
174535,"Split pea with ham soup, canned, reduced sodium, prepared with water or ready-to-serve","Soups, Sauces, and Gravies",68,4,0.7,11.4,196
174536,"Soup, chicken broth, ready-to-serve","Soups, Sauces, and Gravies",6,0.64,0.21,0.44,371
174537,"Soup, cream of chicken, canned, prepared with equal volume milk","Soups, Sauces, and Gravies",77,3.01,4.62,6.04,362
174538,"Soup, vegetable, canned, low sodium, condensed","Soups, Sauces, and Gravies",65,2.2,0.9,12.11,385
174539,"Soup, clam chowder, new england, canned, prepared with equal volume low fat (2%) milk","Soups, Sauces, and Gravies",61,3.24,2.02,7.46,273
174540,"Soup, cream of mushroom, canned, prepared with equal volume low fat (2%) milk","Soups, Sauces, and Gravies",65,2.36,3.58,5.76,357
174541,"Soup, cream of onion, canned, prepared with equal volume milk","Soups, Sauces, and Gravies",75,2.74,3.78,7.4,405
174542,"Sauce, white, thin, prepared-from-recipe, with butter","Soups, Sauces, and Gravies",72,3.95,2.56,8.29,184
174543,"Sauce, sweet and sour, prepared-from-recipe","Soups, Sauces, and Gravies",79,1.84,0.58,16.72,347
174544,"Sauce, barbecue, KRAFT, original","Soups, Sauces, and Gravies",172,0.74,0.62,40.77,1242
174545,"Soup, HEALTHY CHOICE Chicken Noodle Soup, canned","Soups, Sauces, and Gravies",41,3.69,0.63,5.2,195
174546,"Soup, tomato, canned, prepared with equal volume low fat (2%) milk","Soups, Sauces, and Gravies",55,2.42,1.24,9.82,206
174547,"CAMPBELL'S, Tomato Soup, condensed","Soups, Sauces, and Gravies",71,1.46,0.44,15.22,377
174548,"CAMPBELL'S CHUNKY, Classic Chicken Noodle Soup","Soups, Sauces, and Gravies",47,3.41,1.3,5.41,325
174549,"Soup, cream of asparagus, canned, prepared with equal volume water","Soups, Sauces, and Gravies",35,0.94,1.68,4.38,402
174550,"Soup, cheese, canned, prepared with equal volume water","Soups, Sauces, and Gravies",63,2.19,4.24,4.26,388
174551,"Soup, chicken broth, canned, prepared with equal volume water","Soups, Sauces, and Gravies",16,2.02,0.57,0.38,306
174552,"CAMPBELL'S CHUNKY, Hearty Beef Barley Soup","Soups, Sauces, and Gravies",56,2.89,0.92,8.98,308
174553,"Soup, cream of chicken, canned, prepared with equal volume water","Soups, Sauces, and Gravies",48,1.41,3.02,3.8,347
174554,"Soup, clam chowder, manhattan, canned, prepared with equal volume water","Soups, Sauces, and Gravies",30,0.85,0.86,4.77,226
174555,"Soup, clam chowder, new england, canned, prepared with equal volume water","Soups, Sauces, and Gravies",35,1.55,1.01,5.05,254
174556,"CAMPBELL'S CHUNKY, New England Clam Chowder","Soups, Sauces, and Gravies",81,2.46,3.85,9.01,353
174557,"Soup, beef broth, bouillon, consomme, prepared with equal volume water","Soups, Sauces, and Gravies",12,2.22,0,0.73,264
174558,"Soup, mushroom with beef stock, canned, prepared with equal volume water","Soups, Sauces, and Gravies",35,1.29,1.65,3.81,397
174559,"Soup, cream of onion, canned, prepared with equal volume water","Soups, Sauces, and Gravies",44,1.13,2.16,5.2,380
174560,"Soup, oyster stew, canned, prepared with equal volume water","Soups, Sauces, and Gravies",24,0.87,1.59,1.69,407
174561,"Soup, pea, green, canned, prepared with equal volume water","Soups, Sauces, and Gravies",61,3.2,1.09,9.88,336
174562,"Soup, turkey noodle, canned, prepared with equal volume water","Soups, Sauces, and Gravies",28,1.6,0.82,3.54,334
174563,"Soup, turkey vegetable, canned, prepared with equal volume water","Soups, Sauces, and Gravies",30,1.28,1.26,3.58,376
174564,"Soup, vegetarian vegetable, canned, prepared with equal volume water","Soups, Sauces, and Gravies",28,0.86,0.79,4.89,338
174565,"Soup, vegetable beef, canned, prepared with equal volume water","Soups, Sauces, and Gravies",31,2.23,0.76,4.06,349
174566,"Soup, chicken broth cubes, dry, prepared with water","Soups, Sauces, and Gravies",5,0.39,0.12,0.62,326
174567,"Soup, cream of chicken, dry, mix, prepared with water","Soups, Sauces, and Gravies",41,0.68,2.04,5.11,454
174568,"Soup, onion, dry, mix, prepared with water","Soups, Sauces, and Gravies",12,0.32,0.01,2.77,346
174569,"Soup, tomato, dry, mix, prepared with water","Soups, Sauces, and Gravies",38,0.93,0.61,7.17,356
174570,"Roast beef, deli style, prepackaged, sliced",Sausages and Luncheon Meats,115,18.62,3.69,0.64,853
174571,"Luncheon meat, pork, canned",Sausages and Luncheon Meats,334,12.5,30.3,2.1,1289
174572,"Turkey breast, low salt, prepackaged or deli, luncheon meat",Sausages and Luncheon Meats,109,21.81,0.83,3.51,772
174573,"Mortadella, beef, pork",Sausages and Luncheon Meats,311,16.37,25.39,3.05,1246
174574,"Peppered loaf, pork, beef",Sausages and Luncheon Meats,149,17.3,6.37,4.53,732
174575,"Pepperoni, beef and pork, sliced",Sausages and Luncheon Meats,504,19.25,46.28,1.18,1582
174576,"Pickle and pimiento loaf, pork",Sausages and Luncheon Meats,225,11.23,15.95,8.46,1040
174577,"Polish sausage, pork",Sausages and Luncheon Meats,326,14.1,28.72,1.63,876
174578,"Pork sausage, link/patty, cooked, pan-fried",Sausages and Luncheon Meats,325,18.53,27.25,1.42,814
174579,"Sausage, pork and beef, fresh, cooked",Sausages and Luncheon Meats,396,13.8,36.25,2.7,929
174580,"Sausage, turkey, reduced fat, brown and serve, cooked",Sausages and Luncheon Meats,204,17,10.3,10.92,721
174581,Poultry salad sandwich spread,Sausages and Luncheon Meats,200,11.64,13.52,7.41,653
174582,"Salami, dry or hard, pork, beef",Sausages and Luncheon Meats,378,21.07,31.65,0.72,1756
174583,"Sandwich spread, pork, beef",Sausages and Luncheon Meats,235,7.66,17.34,11.94,1013
174584,"Sausage, smoked link sausage, pork",Sausages and Luncheon Meats,309,11.98,28.23,0.94,827
174585,"Sausage, smoked link sausage, pork and beef",Sausages and Luncheon Meats,320,12,28.73,2.42,911
174586,"Sausage, Italian, pork, mild, cooked, pan-fried",Sausages and Luncheon Meats,324,18.4,26.4,1.86,801
174587,"Luncheon sausage, pork and beef",Sausages and Luncheon Meats,260,15.38,20.9,1.58,1182
174588,"Sausage, New england brand, pork, beef",Sausages and Luncheon Meats,161,17.27,7.58,4.83,1220
174589,"Oscar Mayer, Bologna (beef)",Sausages and Luncheon Meats,316,11.05,29.1,2.45,1179
174590,"Oscar Mayer, Smokies Sausage Little Cheese (pork, turkey)",Sausages and Luncheon Meats,315,13.5,28.2,1.7,1036
174591,"Oscar Mayer, Wieners (beef franks)",Sausages and Luncheon Meats,329,11.35,30.26,2.78,1025
174592,"Bacon, turkey, unprepared",Sausages and Luncheon Meats,226,15.94,16.93,1.89,1069
174593,Hormel Pillow Pak Sliced Turkey Pepperoni,Sausages and Luncheon Meats,243,30.99,11.52,3.78,1858
174594,"Luncheon meat, pork and chicken, minced, canned, includes Spam Lite",Sausages and Luncheon Meats,196,15.23,13.9,1.35,1032
174595,"Bratwurst, veal, cooked",Sausages and Luncheon Meats,341,13.99,31.7,0,60
174596,Liverwurst spread,Sausages and Luncheon Meats,305,12.38,25.45,5.89,700
174597,Roast beef spread,Sausages and Luncheon Meats,223,15.27,16.28,3.73,724
174598,"Salami, pork, beef, less sodium",Sausages and Luncheon Meats,396,15.01,30.5,15.38,623
174599,"Sausage, summer, pork and beef, sticks, with cheddar cheese",Sausages and Luncheon Meats,426,19.43,37.91,1.82,1483
174600,"Sausage, turkey, breakfast links, mild, raw",Sausages and Luncheon Meats,174,15.91,10.39,3.18,714
174601,"Swisswurst, pork and beef, with swiss cheese, smoked",Sausages and Luncheon Meats,307,12.69,27.37,1.6,827
174602,Bacon and beef sticks,Sausages and Luncheon Meats,517,29.1,44.2,0.8,1420
174603,"Salami, Italian, pork",Sausages and Luncheon Meats,425,21.7,37,1.2,1890
174604,"Sausage, Italian, turkey, smoked",Sausages and Luncheon Meats,158,15.05,8.75,4.65,928
174605,"Sausage, chicken, beef, pork, skinless, smoked",Sausages and Luncheon Meats,216,13.6,14.3,8.1,1034
174606,"Sausage, turkey, hot, smoked",Sausages and Luncheon Meats,158,15.05,8.75,4.65,916
174607,"Kielbasa, Polish, turkey and beef, smoked",Sausages and Luncheon Meats,226,13.1,17.6,3.9,1200
174608,"Chicken breast, roll, oven-roasted",Sausages and Luncheon Meats,134,14.59,7.65,1.79,883
174609,"Bologna, pork and turkey, lite",Sausages and Luncheon Meats,211,13.06,16.06,3.45,716
174610,"Bologna, pork, turkey and beef",Sausages and Luncheon Meats,336,11.56,29.25,6.66,1055
174611,"Ham, honey, smoked, cooked",Sausages and Luncheon Meats,122,17.93,2.37,7.27,900
174612,"Turkey, breast, smoked, lemon pepper flavor, 97% fat-free",Sausages and Luncheon Meats,95,20.9,0.69,1.31,1160
174613,"Turkey, white, rotisserie, deli cut",Sausages and Luncheon Meats,112,13.5,3,7.7,1200
174614,"Frankfurter, beef, heated",Sausages and Luncheon Meats,322,11.69,29.36,2.66,852
174615,"Frankfurter, meat, heated",Sausages and Luncheon Meats,278,9.77,24.31,4.9,1013
174616,"Sausage, breakfast sausage, beef, pre-cooked, unprepared",Sausages and Luncheon Meats,327,12.9,28.22,4.61,904
174617,"Sausage, turkey, fresh, raw",Sausages and Luncheon Meats,155,18.79,8.08,0.47,593
174618,"Sausage, beef, fresh, cooked",Sausages and Luncheon Meats,332,18.21,27.98,0.35,813
174619,"Cereals ready-to-eat, MALT-O-MEAL, COCO-ROOS",Breakfast Cereals,389,3.41,4.61,86.75,350
174620,"Cereals ready-to-eat, QUAKER, QUAKER OAT CINNAMON LIFE",Breakfast Cereals,374,9.14,4.1,79.02,463
174621,"Cereals ready-to-eat, QUAKER, HONEY GRAHAM OH!S",Breakfast Cereals,412,3.92,7.63,83.65,679
174622,"Cereals ready-to-eat, QUAKER, Oatmeal Squares",Breakfast Cereals,379,11.38,4.83,77.77,347
174623,"Cereals ready-to-eat, QUAKER, Oatmeal Squares, cinnamon",Breakfast Cereals,379,11.23,4.88,78.09,344
174624,"Cereals, QUAKER, Instant Oatmeal, fruit and cream variety, dry",Breakfast Cereals,379,8.3,6.37,75.42,499
174625,"Cereals, QUAKER, Instant Oatmeal, raisins, dates and walnuts, dry",Breakfast Cereals,371,8.82,6.98,72.41,516
174626,"Cereals, QUAKER, Oat Bran, QUAKER/MOTHER'S Oat Bran, dry",Breakfast Cereals,364,17.03,7.97,62.94,5
174627,"Cereals, QUAKER, Oat Bran, QUAKER/MOTHER'S Oat Bran, prepared with water, no salt",Breakfast Cereals,43,2.03,0.95,7.49,3
174628,"Cereals ready-to-eat, Post, Waffle Crisp",Breakfast Cereals,390,6.6,5,83,596
174629,"Cereals, QUAKER, hominy grits, white, quick, dry",Breakfast Cereals,348,8.8,1.2,79.6,1
174630,"Cereals, QUAKER, hominy grits, white, regular, dry",Breakfast Cereals,361,8.8,1.6,79.2,1
174631,"Cereals ready-to-eat, MALT-O-MEAL, COLOSSAL CRUNCH",Breakfast Cereals,401,3.64,5.28,81.59,806
174632,"Cereals ready-to-eat, QUAKER, MOTHER'S Cinnamon Oat Crunch",Breakfast Cereals,382,10.6,4.56,79.79,275
174633,"Cereals ready-to-eat, QUAKER, MOTHER'S GRAHAM BUMPERS",Breakfast Cereals,379,4.55,1.45,88.89,758
174634,"Cereals ready-to-eat, QUAKER, MOTHER'S COCOA BUMPERS",Breakfast Cereals,382,4.21,1.61,89.91,452
174635,"Cereals ready-to-eat, SUN COUNTRY, KRETSCHMER Toasted Wheat Bran",Breakfast Cereals,200,17.56,5.16,59.51,6
174636,"Cereals, QUAKER, Instant Oatmeal, Cinnamon-Spice, dry",Breakfast Cereals,369,10.39,5.1,74.52,416
174637,"Cereals, QUAKER, Instant Oatmeal, DINOSAUR EGGS, Brown Sugar, dry",Breakfast Cereals,384,8.69,7.59,73.68,500
174638,"Cereals, QUAKER, Instant Oatmeal, Banana Bread, dry",Breakfast Cereals,368,8.97,4.85,75.7,700
174639,"Cereals ready-to-eat, UNCLE SAM CEREAL",Breakfast Cereals,346,15.98,11.6,65.78,206
174640,"Cereals, QUAKER, Quick Oats with Iron, Dry",Breakfast Cereals,371,13.7,6.87,68.18,3
174641,"Cereals, QUAKER, Whole Wheat Natural Cereal, dry",Breakfast Cereals,333,11.8,2,74.8,8
174642,"Cereals ready-to-eat, MALT-O-MEAL, Honey BUZZERS",Breakfast Cereals,379,3.45,1.72,89.66,759
174643,"Cereals ready-to-eat, MALT-O-MEAL, GOLDEN PUFFS",Breakfast Cereals,370,5.77,0.89,89.72,204
174644,"Cereals ready-to-eat, MOM'S BEST, Honey Nut TOASTY O'S",Breakfast Cereals,388,8.6,4.51,79.84,683
174645,"Cereals ready-to-eat, MALT-O-MEAL, Apple ZINGS",Breakfast Cereals,390,4.51,2.71,87.3,454
174646,"Cereals ready-to-eat, MALT-O-MEAL, CINNAMON TOASTERS",Breakfast Cereals,425,3.32,12.06,78.33,473
174647,"Cereals ready-to-eat, MALT-O-MEAL, Cocoa DYNO-BITES",Breakfast Cereals,397,4.15,3.43,87.93,534
174648,"Cereals ready-to-eat, RALSTON Corn Flakes",Breakfast Cereals,384,5.9,0.91,88.01,571
174649,"Cereals ready-to-eat, RALSTON Crispy Hexagons",Breakfast Cereals,379,5.94,0.95,86.78,517
174650,Milk and cereal bar,Snacks,413,6.47,10.98,72.05,319
174651,"Cereals, MALT-O-MEAL, original, plain, prepared with water, without salt",Breakfast Cereals,48,1.67,0.09,10.09,0
174652,"Cereals ready-to-eat, QUAKER, Christmas Crunch",Breakfast Cereals,397,4.44,4.83,85.92,724
174653,"Cereals ready-to-eat, POST SELECTS Maple Pecan Crunch",Breakfast Cereals,413,8.5,8.7,77.4,239
174654,"Cereals ready-to-eat, NATURE'S PATH, Organic FLAX PLUS, Pumpkin Granola",Breakfast Cereals,467,11.23,18.33,66.1,74
174655,"Cereals, CREAM OF WHEAT, 2 1/2 minute cook time, dry",Breakfast Cereals,355,11.61,1.41,71.79,328
174656,"Incaparina, dry mix (corn and soy flours), unprepared",Breakfast Cereals,379,21.75,5.58,60.53,4
174657,"Cereals ready-to-eat, QUAKER, CAP'N CRUNCH'S Halloween Crunch",Breakfast Cereals,402,4.41,5.66,85.14,719
174658,"Cereals ready-to-eat, QUAKER, Natural Granola Apple Cranberry Almond",Breakfast Cereals,418,9.21,11.06,74.73,47
174659,"Cereals ready-to-eat, QUAKER, Maple Brown Sugar LIFE Cereal",Breakfast Cereals,373,9.17,4.06,78.86,477
174660,"Cereals, QUAKER, Instant Oatmeal Organic, Regular",Breakfast Cereals,367,16,6.3,67,4
174661,"Cereals, QUAKER, Instant Oatmeal, fruit and cream, variety of flavors, reduced sugar",Breakfast Cereals,376,10.16,7.46,71.57,559
174662,"Cereals, QUAKER, Instant Oatmeal, Apple and Cinnamon, reduced sugar",Breakfast Cereals,358,10.29,5.64,72.17,535
174663,"Cereals ready-to-eat, POST, HONEY BUNCHES OF OATS, pecan bunches",Breakfast Cereals,399,7,5.4,82,483
174664,"Cereals ready-to-eat, MALT-O-MEAL, CHOCOLATE MARSHMALLOW MATEYS",Breakfast Cereals,392,3.5,3.67,88.18,368
174665,"Figs, dried, uncooked",Fruits and Fruit Juices,249,3.3,0.93,63.87,10
174666,"Figs, dried, stewed",Fruits and Fruit Juices,107,1.42,0.4,27.57,4
174667,"Fruit cocktail, (peach and pineapple and pear and grape and cherry), canned, water pack, solids and liquids",Fruits and Fruit Juices,32,0.42,0.05,8.51,4
174668,"Fruit cocktail, (peach and pineapple and pear and grape and cherry), canned, juice pack, solids and liquids",Fruits and Fruit Juices,46,0.46,0.01,11.86,4
174669,"Fruit salad, (peach and pear and apricot and pineapple and cherry), canned, water pack, solids and liquids",Fruits and Fruit Juices,30,0.35,0.07,7.87,3
174670,"Fruit salad, (peach and pear and apricot and pineapple and cherry), canned, juice pack, solids and liquids",Fruits and Fruit Juices,50,0.51,0.03,13.05,5
174671,"Fruit salad, (peach and pear and apricot and pineapple and cherry), canned, light syrup, solids and liquids",Fruits and Fruit Juices,58,0.34,0.07,15.14,6
174672,"Fruit salad, (peach and pear and apricot and pineapple and cherry), canned, extra heavy syrup, solids and liquids",Fruits and Fruit Juices,88,0.33,0.06,22.77,5
174673,"Grapefruit, raw, pink and red, all areas",Fruits and Fruit Juices,42,0.77,0.14,10.66,0
174674,"Grapefruit, raw, pink and red, California and Arizona",Fruits and Fruit Juices,37,0.5,0.1,9.69,1
174675,"Grapefruit, raw, pink and red, Florida",Fruits and Fruit Juices,30,0.55,0.1,7.5,0
174676,"Grapefruit, raw, white, all areas",Fruits and Fruit Juices,33,0.69,0.1,8.41,0
174677,"Grapefruit, raw, white, California",Fruits and Fruit Juices,37,0.88,0.1,9.09,0
174678,"Grapefruit juice, white, canned or bottled, unsweetened",Fruits and Fruit Juices,37,0.55,0.66,7.54,2
174679,"Grapefruit juice, white, canned, sweetened",Fruits and Fruit Juices,46,0.58,0.09,11.13,2
174680,"Grapefruit juice, white, frozen concentrate, unsweetened, undiluted",Fruits and Fruit Juices,146,1.97,0.48,34.56,3
174681,"Grapefruit juice, white, frozen concentrate, unsweetened, diluted with 3 volume water",Fruits and Fruit Juices,41,0.55,0.13,9.73,1
174682,"Grapes, american type (slip skin), raw",Fruits and Fruit Juices,67,0.63,0.35,17.15,2
174683,"Grapes, red or green (European type, such as Thompson seedless), raw",Fruits and Fruit Juices,69,0.72,0.16,18.1,2
174684,"Grapes, canned, thompson seedless, water pack, solids and liquids",Fruits and Fruit Juices,40,0.5,0.11,10.3,6
174685,"Grapes, canned, thompson seedless, heavy syrup pack, solids and liquids",Fruits and Fruit Juices,76,0.48,0.1,19.65,5
174686,"Guava sauce, cooked",Fruits and Fruit Juices,36,0.32,0.14,9.48,4
174687,"Jackfruit, raw",Fruits and Fruit Juices,95,1.72,0.64,23.25,2
174688,"Beef, top loin filet, boneless, separable lean only, trimmed to 1/8"" fat, all grades, cooked, grilled",Beef Products,195,29.33,8.54,0.3,63
174689,"Beef, top loin filet, boneless, separable lean only, trimmed to 1/8"" fat, choice, cooked, grilled",Beef Products,203,28.99,9.48,0.36,62
174690,"Beef, top loin filet, boneless, separable lean only, trimmed to 1/8"" fat, select, cooked, grilled",Beef Products,184,29.85,7.12,0.2,65
174691,"Beef, top loin petite roast/filet, boneless, separable lean only, trimmed to 1/8"" fat, choice, raw",Beef Products,149,22.5,6.48,0.23,66
174692,"Beef, top loin petite roast/filet, boneless, separable lean only, trimmed to 1/8"" fat, select, raw",Beef Products,135,22.77,4.88,0,57
174693,"Beef, loin, top sirloin filet, boneless, separable lean only, trimmed to 0"" fat, all grades, cooked, grilled",Beef Products,171,30.58,5.37,0,59
174694,"Beef, loin, top sirloin filet, boneless, separable lean only, trimmed to 0"" fat, choice, cooked, grilled",Beef Products,174,30.45,5.83,0,59
174695,"Beef, loin, top sirloin petite roast/filet, boneless, separable lean only, trimmed to 0"" fat, select, raw",Beef Products,122,23.05,3.35,0,58
174696,"Beef, ribeye  petite roast/filet, boneless, separable lean only, trimmed to 0"" fat, all grades, raw",Beef Products,133,22.66,4.66,0.04,66
174697,"Beef, ribeye  petite roast/filet, boneless, separable lean only, trimmed to 0"" fat, choice, raw",Beef Products,138,22.52,5.29,0.18,66
174698,"Beef, ribeye  petite roast/filet, boneless, separable lean only, trimmed to 0"" fat, select, raw",Beef Products,125,22.89,3.72,0,57
174699,"Beef, ribeye cap steak, boneless, separable lean only, trimmed to 0"" fat, choice, raw",Beef Products,187,19.46,11.4,1.75,88
174700,"Beef, ribeye cap steak, boneless, separable lean only, trimmed to 0"" fat, select, raw",Beef Products,169,20.05,9.39,1.15,84
174701,"Beef, ribeye filet, boneless, separable lean only, trimmed to 0"" fat, all grades, cooked, grilled",Beef Products,199,28.77,9.2,0.17,56
174702,"Beef, ribeye filet, boneless, separable lean only, trimmed to 0"" fat, choice, cooked, grilled",Beef Products,208,28.35,10.26,0.51,56
174703,"Beef, ribeye filet, boneless, separable lean only, trimmed to 0"" fat, select, cooked, grilled",Beef Products,186,29.39,7.61,0,87
174704,"Beef, loin, top sirloin cap steak, boneless, separable lean and fat, trimmed to 1/8"" fat, choice, cooked, grilled",Beef Products,238,26.3,14.3,1.1,91
174705,"Beef, loin, top sirloin cap steak, boneless, separable lean and fat, trimmed to 1/8"" fat, select, cooked, grilled",Beef Products,249,25.5,16.1,0.4,78
174706,"Beef, loin, top sirloin cap steak, boneless, separable lean and fat, trimmed to 1/8"" fat, all grades, raw",Beef Products,191,19.9,12.4,0,80
174707,"Beef, loin, top sirloin cap steak, boneless, separable lean and fat, trimmed to 1/8"" fat, choice, raw",Beef Products,199,19.7,13.4,0,80
174708,"Beef, top loin petite roast, boneless, separable lean and fat, trimmed to 1/8"" fat, all grades, cooked, roasted",Beef Products,228,27,12.9,1,93
174709,"Beef, top loin petite roast, boneless, separable lean and fat, trimmed to 1/8"" fat, choice, cooked, roasted",Beef Products,239,26.8,14.1,1.1,92
174710,"Beef, top loin petite roast, boneless, separable lean and fat, trimmed to 1/8"" fat, select, cooked, roasted",Beef Products,213,27.1,11.2,0.9,84
174711,"Beef, top loin petite roast/filet, boneless, separable lean and fat, trimmed to 1/8"" fat, all grades, raw",Beef Products,187,21.1,11.3,0.3,89
174712,"Beef, loin, top loin steak, boneless, lip-on, separable lean and fat, trimmed to 1/8"" fat, choice, cooked, grilled",Beef Products,275,25.69,19.19,0,54
174713,"Beef, loin, top loin steak, boneless, lip-on, separable lean and fat, trimmed to 1/8"" fat, select, cooked, grilled",Beef Products,247,26.92,15.44,0,50
174714,"Beef, loin, top loin steak, boneless, lip-on, separable lean and fat, trimmed to 1/8"" fat, all grades, cooked, grilled",Beef Products,264,26.18,17.69,0,52
174715,"Beef, New Zealand, imported, bolar blade, separable lean only, cooked, fast roasted",Beef Products,193,33.53,6.57,0,33
174716,"Beef, New Zealand, imported, bolar blade, separable lean only, raw",Beef Products,129,22.09,4.49,0,55
174717,"Beef, New Zealand, imported, brisket navel end, separable lean only, cooked, braised",Beef Products,265,29.35,16.37,0,39
174718,"Beef, New Zealand, imported, brisket navel end, separable lean only, raw",Beef Products,194,19.74,12.75,0,66
174719,"Beef, New Zealand, imported, cube roll, separable lean only, cooked, fast roasted",Beef Products,239,30.09,13.22,0,52
174720,"Beef, New Zealand, imported, cube roll, separable lean only, raw",Beef Products,161,19.77,8.51,1.38,45
174721,"Beef, New Zealand, imported, eye round, separable lean only, cooked, slow roasted",Beef Products,164,29.68,4.98,0,43
174722,"Beef, New Zealand, imported, eye round, separable lean only, raw",Beef Products,116,20.15,3.35,1.35,40
174723,"Beef, New Zealand, imported, variety meats and by-products, heart, raw",Beef Products,105,18.52,3.4,0,86
174724,"Beef, New Zealand, imported, hind shin, separable lean only, cooked, braised",Beef Products,167,31.23,4.64,0,44
174725,"Beef, New Zealand, imported, hind shin, separable lean only, raw",Beef Products,114,21.46,3.12,0,63
174726,"Beef, New Zealand, imported, inside, raw",Beef Products,128,22.16,4.36,0.1,40
174727,"Beef, New Zealand, imported, variety meats and by-products, kidney, raw",Beef Products,87,15.68,2.64,0,175
174728,"Beef, New Zealand, imported, variety meats and by-products liver, cooked, boiled",Beef Products,150,23.3,4.68,3.78,55
174729,"Beef, New Zealand, imported, variety meats and by-products, liver, raw",Beef Products,133,20.5,4.05,3.6,53
174730,"Beef, New Zealand, imported, manufacturing beef, cooked, boiled",Beef Products,126,24.21,3.26,0,32
174731,"Beef, New Zealand, imported, ribs prepared, raw",Beef Products,146,21.31,6.78,0,54
174732,"Beef, New Zealand, imported, rump centre, separable lean only, cooked, fast fried",Beef Products,188,30.17,7.48,0,55
174733,"Beef, New Zealand, imported, striploin, separable lean only, cooked, fast fried",Beef Products,217,28.53,11.4,0,55
174734,"Beef, New Zealand, imported, striploin, separable lean only, raw",Beef Products,150,20.93,7,0.74,47
174735,"Beef, New Zealand, imported, oyster blade, separable lean and fat, raw",Beef Products,178,21.27,10.31,0,57
174736,"Beef, New Zealand, imported, tenderloin, separable lean only, raw",Beef Products,140,21.19,6.1,0,39
174737,"Beef, New Zealand, imported, variety meats and by-products, tongue, cooked, boiled",Beef Products,271,18.31,20.34,3.68,57
174738,"Beef, New Zealand, imported, variety meats and by-products, tongue, raw",Beef Products,243,17.77,19.09,0,73
174739,"Beef, New Zealand, imported, brisket navel end, separable lean and fat, cooked, braised",Beef Products,453,20.14,41.33,0,33
174740,"Beef, New Zealand, imported, brisket navel end, separable lean and fat, raw",Beef Products,345,15.81,31.27,0,54
174741,"Beef, New Zealand, imported, brisket point end, separable lean and fat, cooked, braised",Beef Products,250,31.94,13.6,0,29
174742,"Beef, New Zealand, imported, brisket point end, separable lean and fat, raw",Beef Products,163,20.05,9.23,0,49
174743,"Beef, New Zealand, imported, eye round, separable lean and fat, cooked, slow roasted",Beef Products,168,29.49,5.57,0,43
174744,"Beef, New Zealand, imported, eye round, separable lean and fat, raw",Beef Products,129,19.88,4.92,1.32,39
174745,"Beef, New Zealand, imported, flank, separable lean and fat, cooked, braised",Beef Products,208,30.13,9.73,0,28
174746,"Beef, New Zealand, imported, flank, separable lean and fat, raw",Beef Products,161,20.12,8.9,0,46
174747,"Beef, New Zealand, imported, flat, separable lean and fat, cooked, braised",Beef Products,252,31.86,13.79,0,30
174748,"Beef, New Zealand, imported, rump centre, separable lean and fat, cooked, fast fried",Beef Products,192,30.01,7.96,0,55
174749,"Beef, New Zealand, imported, rump centre, separable lean only, raw",Beef Products,141,21.74,6.05,0,49
174750,"Beef, New Zealand, imported, rump centre, separable lean and fat, raw",Beef Products,145,21.65,6.5,0,49
174751,"Beef, New Zealand, imported, striploin, separable lean and fat, cooked, fast fried",Beef Products,301,24.89,22.33,0.02,50
174752,"Beef, ground, 93% lean meat / 7% fat, patty, cooked, broiled",Beef Products,193,26.22,8.94,0,66
174753,"Beef, ground, 93% lean meat /7% fat, patty, cooked, pan-broiled",Beef Products,182,25.56,8.01,0.06,72
174754,"Beef, ground, 93% lean meat / 7% fat, loaf, cooked, baked",Beef Products,192,27.03,8.43,0,59
174755,"Beef, ground, 93% lean meat / 7% fat, crumbles, cooked, pan-browned",Beef Products,209,28.88,9.51,0,86
174756,"Beef, ground, 97% lean meat / 3% fat, crumbles, cooked, pan-browned",Beef Products,175,29.46,5.46,0,84
174757,"Beef, composite of trimmed retail cuts, separable lean and fat, trimmed to 0"" fat, all grades, raw",Beef Products,167,20.95,9.3,0,61
174758,"Beef, composite of trimmed retail cuts, separable lean only, trimmed to 1/8"" fat, all grades, raw",Beef Products,140,22.15,5.38,0,56
174759,"Beef, composite of trimmed retail cuts, separable lean only, trimmed to 1/8"" fat, all grades, cooked",Beef Products,194,28.95,8.15,0,54
174760,"Beef, composite of trimmed retail cuts, separable lean only, trimmed to 0"" fat, all grades, raw",Beef Products,138,22.15,5.54,0,60
174761,"Beef, rib, small end (ribs 10-12), separable lean only, trimmed to 1/8"" fat, choice, raw",Beef Products,148,22.12,5.91,0,57
174762,"Beef, tenderloin, steak, separable lean only, trimmed to 1/8"" fat, choice, raw",Beef Products,158,22.17,7.07,0,57
174763,"Beef, top sirloin, steak, separable lean only, trimmed to 1/8"" fat, choice, raw",Beef Products,135,21.91,4.62,0,57
174764,"Beef, rib, small end (ribs 10-12), separable lean only, trimmed to 1/8""fat, choice, cooked, broiled",Beef Products,202,28.29,9.05,0,58
174765,"Beef, chuck, arm pot roast, separable lean only, trimmed to 1/8"" fat, select, raw",Beef Products,125,22.26,3.32,0,77
174766,"Beef, brisket, flat half, separable lean only, trimmed to 1/8"" fat, select, raw",Beef Products,124,21.45,3.61,0,76
174767,"Beef, chuck, arm pot roast, separable lean only, trimmed to 1/8"" fat, select, cooked, braised",Beef Products,205,34.6,6.35,0,57
174768,"Beef, brisket, flat half, separable lean only, trimmed to 1/8"" fat, select, cooked, braised",Beef Products,189,33.18,5.21,0,55
174769,"Beef, variety meats and by-products, tripe, cooked, simmered",Beef Products,94,11.71,4.05,1.99,68
174770,"Beef, bottom sirloin, tri-tip roast, separable lean only, trimmed to 0"" fat, all grades, raw",Beef Products,142,21.26,5.63,0,54
174771,"Beef, bottom sirloin, tri-tip roast, separable lean only, trimmed to 0"" fat, choice, cooked, roasted",Beef Products,193,26.34,9.73,0,54
174772,"Beef, bottom sirloin, tri-tip roast, separable lean only, trimmed to 0"" fat, choice, raw",Beef Products,154,21.17,7.06,0,54
174773,"Beef, bottom sirloin, tri-tip roast, separable lean only, trimmed to 0"" fat, select, cooked, roasted",Beef Products,179,27.17,6.95,0,58
174774,"Beef, flank, steak, separable lean only, trimmed to 0"" fat, all grades, cooked, broiled",Beef Products,186,27.89,7.4,0,57
174775,"Beef, flank, steak, separable lean only, trimmed to 0"" fat, select, cooked, broiled",Beef Products,178,27.96,6.48,0,59
174776,"Beef, flank, steak, separable lean only, trimmed to 0"" fat, all grades, raw",Beef Products,141,21.57,5.47,0,55
174777,"Beef, flank, steak, separable lean only, trimmed to 0"" fat, select, raw",Beef Products,137,21.43,5,0,53
174778,"Snacks, popcorn, microwave, low fat",Snacks,424,12.6,9.5,72,629
174779,"Snacks, candy rolls, yogurt-covered, fruit flavored with high vitamin C",Snacks,359,0.46,6.53,74.64,8
174780,"Formulated bar, MARS SNACKFOOD US, SNICKERS MARATHON Chewy Chocolate Peanut Bar",Snacks,396,24.29,13.12,47.24,462
174781,"Formulated bar, MARS SNACKFOOD US, SNICKERS MARATHON MULTIGRAIN CRUNCH BAR",Snacks,422,18.49,13.18,57.27,418
174782,"Formulated bar, MARS SNACKFOOD US, COCOAVIA, Chocolate Almond Snack Bar",Snacks,347,7.72,14.19,51.68,260
174783,"Snacks, sweet potato chips, unsalted",Snacks,532,2.94,32.35,56.82,35
174784,"Snacks, FRITOLAY, SUNCHIPS, Multigrain Snack, original flavor",Snacks,491,7.95,21.11,67.26,423
174785,"Snacks, popcorn, microwave, regular (butter) flavor, made with partially hydrogenated oil",Snacks,557,7.5,34.02,55.16,764
174786,"Formulated bar, MARS SNACKFOOD US, SNICKERS MARATHON Protein Performance Bar, Caramel Nut Rush",Snacks,415,25,12.5,50.5,238
174787,"Formulated bar, LUNA BAR, NUTZ OVER CHOCOLATE",Snacks,403,20.75,12.19,52.49,386
174788,"Snacks, FRITOLAY, SUNCHIPS, multigrain, French onion flavor",Snacks,496,8.68,22.15,65.49,467
174789,"Snacks, FRITOLAY, SUNCHIPS, Multigrain Snack, Harvest Cheddar flavor",Snacks,491,8.08,22.22,64.7,705
174790,"Pretzels, soft, unsalted",Snacks,345,8.2,3.1,71.04,252
174791,"Snacks, vegetable chips, HAIN CELESTIAL GROUP, TERRA CHIPS",Snacks,517,4.13,29.81,57.97,246
174792,"Formulated bar, ZONE PERFECT CLASSIC CRUNCH BAR, mixed flavors",Snacks,426,30,14,45,444
174793,"Snacks, granola bar, KASHI GOLEAN, chewy, mixed flavors",Snacks,390,16.67,7.69,63.42,321
174794,"Snacks, granola bar, KASHI TLC Bar, chewy, mixed flavors",Snacks,429,18.57,15.71,53.26,293
174795,"Snacks, granola bars, QUAKER OATMEAL TO GO, all flavors",Snacks,389,6.67,6.67,75.47,367
174796,"Snacks, vegetable chips, made from garden vegetables",Snacks,473,5.32,23.3,60.43,412
174797,"Snacks, granola bar, KASHI TLC Bar, crunchy, mixed flavors",Snacks,446,15,15,62.78,400
174798,"Snacks, candy bits, yogurt covered with vitamin C",Snacks,415,0,7.5,86.9,75
174799,"Snacks, CLIF BAR, mixed flavors",Snacks,346,14.71,5.88,65.44,195
174800,"Snacks, granola bar, QUAKER, chewy, 90 Calorie Bar",Snacks,408,4.17,8.33,79.17,313
174801,"Snacks, granola bar, GENERAL MILLS NATURE VALLEY, SWEET&SALTY NUT, peanut",Snacks,487,9.14,22.86,61.14,414
174802,"Snacks, granola bar, GENERAL MILLS, NATURE VALLEY, with yogurt coating",Snacks,423,5.71,11.43,74.29,271
174803,"Snack, Mixed Berry Bar",Snacks,383,13.16,10.53,58.84,447
174804,"Snacks, potato chips, made from dried potatoes (preformed), multigrain",Snacks,505,5.3,24.74,65.34,544
174805,"Snacks, potato chips, lightly salted",Snacks,560,6.72,35.39,53.54,187
174806,"Snacks, Pretzels, gluten- free made with cornstarch and potato flour",Snacks,389,3.52,6.67,78.62,1567
174807,"Soup, egg drop, Chinese restaurant","Soups, Sauces, and Gravies",27,1.16,0.61,4.29,370
174808,"Soup, hot and sour, Chinese restaurant","Soups, Sauces, and Gravies",39,2.58,1.21,4.35,376
174809,"Beverages, THE COCA-COLA COMPANY, NOS Zero, energy drink, sugar-free with guarana, fortified with vitamins B6 and B12",Beverages,4,0,0,1.03,85
174810,"Alcoholic beverage, whiskey sour, canned",Beverages,119,0,0,13.4,44
174811,"Beverages, Whiskey sour mix, bottled",Beverages,87,0.1,0.1,21.4,102
174812,"Alcoholic beverage, whiskey sour, prepared from item 14028",Beverages,153,0.06,0.06,12.82,61
174813,"Beverages, ABBOTT, EAS soy protein powder",Beverages,405,47.62,3.57,43.94,452
174814,"Beverages, CYTOSPORT, Muscle Milk, ready-to-drink",Beverages,52,5.87,2.17,2.28,95
174815,"Alcoholic beverage, distilled, all (gin, rum, vodka, whiskey) 80 proof",Beverages,231,0,0,0,1
174816,"Beverages, OCEAN SPRAY, Cran-Energy, Cranberry Energy Juice Drink",Beverages,15,0,0,3.75,21
174817,"Alcoholic beverage, distilled, rum, 80 proof",Beverages,231,0,0,0,1
174818,"Alcoholic beverage, distilled, vodka, 80 proof",Beverages,231,0,0,0,1
174819,"Alcoholic beverage, distilled, whiskey, 86 proof",Beverages,250,0,0,0.1,0
174820,"Beverages, almond milk, chocolate, ready-to-drink",Beverages,50,0.63,1.25,9.38,71
174821,"Beverages, Energy Drink with carbonated water and high fructose corn syrup",Beverages,62,0.42,0,15,48
174822,"Beverages, Energy Drink, sugar free",Beverages,4,0.42,0,0.42,42
174823,"Beverages, ABBOTT, ENSURE, Nutritional Shake, Ready-to-Drink",Beverages,105,3.8,2.53,16.88,84
174824,"Beverages, chocolate powder, no sugar added",Beverages,350,9.09,4.5,68.31,500
174825,"Beverages, ZEVIA, cola",Beverages,0,0,0,1.13,6
174826,"Beverages, ZEVIA, cola, caffeine free",Beverages,0,0,0,1.13,6
174827,"Beverages, GEROLSTEINER BRUNNEN GmbH & Co. KG,Gerolsteiner naturally sparkling mineral water,",Beverages,0,0,0,0,13
174828,"Beverages, yellow green colored citrus soft drink with caffeine",Beverages,49,0,0,12.83,18
174829,"Beverages, V8 SPLASH Smoothies, Strawberry Banana",Beverages,37,1.22,0,8.16,29
174830,"Beverages, V8 SPLASH Smoothies, Tropical Colada",Beverages,41,1.22,0,8.54,20
174831,"Beverages, Coconut water, ready-to-drink, unsweetened",Beverages,18,0.22,0,4.24,26
174832,"Beverages, almond milk, unsweetened, shelf stable",Beverages,15,0.4,0.96,1.31,72
174837,"Alcoholic beverage, wine, table, white",Beverages,82,0.07,0,2.6,5
174842,"Beverages, carbonated, club soda",Beverages,0,0,0,0,21
174846,"Beverages, carbonated, ginger ale",Beverages,34,0,0,8.76,7
174847,"Beverages, NESTEA, tea, black, ready-to-drink, lemon",Beverages,36,0,0,9.09,21
174850,"Beverages, carbonated, low calorie, cola or pepper-type, with aspartame, without caffeine",Beverages,1,0.12,0,0.12,4
174851,"Beverages, carbonated, cola, without caffeine",Beverages,41,0,0,10.58,4
174852,"Beverages, carbonated, cola, regular",Beverages,42,0,0.25,10.36,3
174853,"Beverages, carbonated, reduced sugar, cola, contains caffeine and sweeteners",Beverages,20,0,0,5.16,4
174854,"Beverages, carbonated, orange",Beverages,48,0,0,12.3,12
174855,"Beverages, tea, black, ready-to-drink, peach, diet",Beverages,1,0,0,0.25,5
174856,"Beverages, OCEAN SPRAY, Ruby Red cranberry",Beverages,45,0.07,0.01,11.58,11
174857,"Beverages, MOTTS, Apple juice light, fortified with vitamin C",Beverages,22,0,0.1,5.1,13
174858,"Beverages, Lemonade, powder",Beverages,376,0,1.05,97.57,51
174859,"Lemonade, powder, prepared with water",Beverages,14,0,0.04,3.59,6
174860,"Beverages, lemonade-flavor drink, powder",Beverages,380,0,1.01,97.9,130
174861,"Beverages, lemonade-flavor drink, powder, prepared with water",Beverages,27,0,0.07,6.9,13
174862,"Limeade, frozen concentrate, prepared with water",Beverages,52,0,0,13.79,3
174863,"Malt beverage, includes non-alcoholic beer",Beverages,37,0.21,0.12,8.05,13
174864,"Beverages, OVALTINE, Classic Malt powder",Beverages,372,0,0,93.33,636
174865,"Beverages, Malted drink mix, chocolate, with added nutrients, powder, prepared with whole milk",Beverages,87,3.29,3.26,11.19,87
174866,"Beverages, malted drink mix, chocolate, powder",Beverages,411,5.1,4.76,86.94,190
174867,"Beverages, Malted drink mix, chocolate, powder, prepared with whole milk",Beverages,85,3.37,3.29,11.2,60
174868,"Beverages, orange drink, canned, with added vitamin C",Beverages,49,0,0.07,12.34,3
174869,"Strawberry-flavor beverage mix, powder",Beverages,389,0.1,0.2,99.1,38
174870,"Beverages, Strawberry-flavor beverage mix, powder, prepared with whole milk",Beverages,88,3,3.1,12.3,48
174871,"Beverages, tea, black, brewed, prepared with tap water, decaffeinated",Beverages,1,0,0,0.3,3
174872,"Beverages, tea, instant, decaffeinated, unsweetened",Beverages,315,20.21,0,58.66,72
174873,"Beverages, tea, instant, unsweetened, prepared with water",Beverages,1,0.06,0,0.17,4
174874,"Lamb, New Zealand, imported, square-cut shoulder chops, separable lean and fat, cooked, braised","Lamb, Veal, and Game Products",322,26.79,23.86,0.05,57
174875,"Lamb, New Zealand, imported, square-cut shoulder chops, separable lean and fat, raw","Lamb, Veal, and Game Products",275,17.02,22.84,0.23,71
174876,"Lamb, New Zealand, imported, square-cut shoulder, separable lean and fat, cooked, slow roasted","Lamb, Veal, and Game Products",294,20.88,23.39,0.03,72
174877,"Lamb, New Zealand, imported, tunnel-boned leg, chump off, shank off, separable lean and fat, raw","Lamb, Veal, and Game Products",121,20.93,4.09,0,60
174878,"Lamb, New Zealand, imported, tenderloin, separable lean and fat, raw","Lamb, Veal, and Game Products",120,20.43,4.22,0.01,49
174879,"Veal, ground, cooked, pan-fried","Lamb, Veal, and Game Products",215,25.83,11.78,1.51,146
174880,"Veal, leg, top round, cap off, cutlet, boneless, cooked, grilled","Lamb, Veal, and Game Products",151,31.89,2.63,0,88
174881,"Veal, shoulder, blade chop, separable lean only, cooked, grilled","Lamb, Veal, and Game Products",159,27.33,5.53,0,113
174882,"Veal, external fat only, raw","Lamb, Veal, and Game Products",503,8.85,51.6,0.89,89
174883,"Veal, external fat only, cooked","Lamb, Veal, and Game Products",540,15.28,53.23,0,103
174884,"Veal, seam fat only, raw","Lamb, Veal, and Game Products",444,12.53,43.75,0,89
174885,"Lamb, Australian, imported, fresh, leg, bottom, boneless, separable lean only, trimmed to 1/8"" fat, cooked, roasted","Lamb, Veal, and Game Products",190,28.6,8.35,0,70
174886,"Lamb, Australian, imported, fresh, leg, hindshank, heel on, bone-in, separable lean only, trimmed to 1/8"" fat, cooked, braised","Lamb, Veal, and Game Products",174,30.73,5.63,0,86
174887,"Lamb, Australian, imported, fresh, leg, hindshank, heel on, bone-in, separable lean only, trimmed to 1/8"" fat, raw","Lamb, Veal, and Game Products",122,22.49,3.53,0,93
174888,"Lamb, Australian, imported, fresh, tenderloin, boneless, separable lean only, trimmed to 1/8"" fat, cooked, roasted","Lamb, Veal, and Game Products",184,30.97,6.71,0,61
174889,"Lamb, Australian, imported, fresh, rack, roast, frenched, denuded, bone-in, separable lean only, trimmed to 0"" fat, cooked, roasted","Lamb, Veal, and Game Products",175,26.52,7.63,0,72
174890,"Lamb, Australian, imported, fresh, rack, roast, frenched, bone-in, separable lean only, trimmed to 1/8"" fat, cooked, roasted","Lamb, Veal, and Game Products",244,28.01,14.64,0,67
174891,"Lamb, Australian, imported, fresh, external fat, cooked","Lamb, Veal, and Game Products",538,16.9,52.3,0,58
174892,"Lamb, Australian, imported, fresh, external fat, raw","Lamb, Veal, and Game Products",487,12.59,48.5,0,69
174893,"Lamb, Australian, imported, fresh, leg, hindshank, heel on, bone-in, separable lean and fat, trimmed to 1/8"" fat, cooked, braised","Lamb, Veal, and Game Products",204,29.52,9.5,0,84
174894,"Lamb, Australian, imported, fresh, leg, hindshank, heel on, bone-in, separable lean and fat, trimmed to 1/8"" fat, raw","Lamb, Veal, and Game Products",196,20.58,12.68,0,87
174895,"Lamb, Australian, imported, fresh, leg, trotter off, bone-in, separable lean and fat, trimmed to 1/8"" fat, cooked, roasted","Lamb, Veal, and Game Products",226,30.15,11.64,0.08,77
174896,"Lamb, Australian, imported, fresh, leg, trotter off, bone-in, separable lean and fat, trimmed to 1/8"" fat, raw","Lamb, Veal, and Game Products",175,21.95,9.73,0,75
174897,"Lamb, Australian, imported, fresh, tenderloin, boneless, separable lean and fat, trimmed to 1/8"" fat, cooked, roasted","Lamb, Veal, and Game Products",187,30.87,7.02,0,61
174898,"Lamb, Australian, imported, fresh, rib chop, frenched, denuded, bone-in, separable lean and fat, trimmed to 0"" fat, cooked, grilled","Lamb, Veal, and Game Products",276,30.9,16.96,0,82
174899,"Bagels, plain, enriched, with calcium propionate (includes onion, poppy, sesame)",Baked Products,264,10.56,1.32,52.38,422
174900,"Bagels, plain, enriched, with calcium propionate (includes onion, poppy, sesame), toasted",Baked Products,287,11.14,1.43,57.39,457
174901,"Bagels, egg",Baked Products,278,10.6,2.1,53,505
174902,"Biscuits, plain or buttermilk, dry mix",Baked Products,428,8,15.4,63.4,1276
174903,"Biscuits, plain or buttermilk, dry mix, prepared",Baked Products,335,7.3,12.1,48.4,955
174904,"Biscuits, plain or buttermilk, refrigerated dough, lower fat",Baked Products,270,6.7,7.83,43.7,828
174905,"Biscuits, plain or buttermilk, refrigerated dough, lower fat, baked",Baked Products,319,7.8,9.1,51.6,962
174906,"Bread, banana, prepared from recipe, made with margarine",Baked Products,326,4.3,10.5,54.6,302
174907,"Bread, boston brown, canned",Baked Products,195,5.2,1.5,43.3,631
174908,"Bread, cornbread, dry mix, enriched (includes corn muffin mix)",Baked Products,418,7,12.2,69.5,817
174909,"Bread, cornbread, dry mix, prepared with 2% milk, 80% margarine, and eggs",Baked Products,330,6.59,9.58,54.46,599
174910,"Bread, cornbread, prepared from recipe, made with low fat (2%) milk",Baked Products,266,6.7,7.1,43.5,658
174911,"Bread, french or vienna, toasted (includes sourdough)",Baked Products,319,13,2.14,61.93,720
174912,"Bread, irish soda, prepared from recipe",Baked Products,290,6.6,5,56,398
174913,"Bread, Italian",Baked Products,259,9.49,2.73,48.11,618
174914,"Bread, multi-grain, toasted (includes whole-grain)",Baked Products,288,14.52,4.6,47.11,414
174915,"Bread, pita, white, enriched",Baked Products,275,9.1,1.2,55.7,536
174916,"Bread, pita, whole-wheat",Baked Products,262,9.8,1.71,55.89,421
174917,"Bread, protein (includes gluten)",Baked Products,245,12.1,2.2,43.8,404
174918,"Bread, pumpernickel",Baked Products,250,8.7,3.1,47.5,596
174919,"Bread, reduced-calorie, oatmeal",Baked Products,210,7.6,3.5,43.3,388
174920,"Bread, reduced-calorie, rye",Baked Products,203,9.1,2.9,40.5,513
174921,"Bread, reduced-calorie, wheat",Baked Products,217,13.32,2.92,42.47,332
174922,"Bread, reduced-calorie, white",Baked Products,207,8.7,2.5,44.3,479
174923,"Bread, rice bran",Baked Products,243,8.9,4.6,43.5,269
174924,"Bread, white, commercially prepared (includes soft bread crumbs)",Baked Products,266,8.85,3.33,49.42,490
174925,"Bread, white, commercially prepared, toasted",Baked Products,290,9,4,54.5,537
174926,"Bread, white, prepared from recipe, made with nonfat dry milk",Baked Products,274,7.7,2.6,53.6,336
174927,"Bread, white, prepared from recipe, made with low fat (2%) milk",Baked Products,285,7.9,5.7,49.6,359
174928,"Bread, crumbs, dry, grated, plain",Baked Products,395,13.35,5.3,71.98,732
174929,"Bread, sticks, plain",Baked Products,412,12,9.5,68.4,713
174930,"Bread, stuffing, dry mix",Baked Products,386,11,3.4,76.2,1405
174931,"Bread, stuffing, dry mix, prepared",Baked Products,195,2.73,12.05,18.84,479
174932,"Cake, pudding-type, carrot, dry mix",Baked Products,415,5.1,9.8,79.2,567
174933,"Cake, cherry fudge with chocolate frosting",Baked Products,264,2.4,12.5,38,164
174934,"Cake, chocolate, commercially prepared with chocolate frosting, in-store bakery",Baked Products,389,3.48,20.05,52.84,348
174935,"Cake, pudding-type, chocolate, dry mix",Baked Products,391,4.6,8.14,80.16,866
174936,"Cake, coffeecake, creme-filled with chocolate frosting",Baked Products,331,5,10.8,53.8,323
174937,"Cake, coffeecake, fruit",Baked Products,311,5.2,10.2,51.5,385
174938,"Cake, coffeecake, cinnamon with crumb topping, dry mix, prepared",Baked Products,318,5.5,9.6,52.8,421
174939,"Cake, fruitcake, commercially prepared",Baked Products,324,2.9,9.1,61.6,101
174940,"Cake, pound, commercially prepared, other than all butter, enriched",Baked Products,389,5.2,17.9,52.5,400
174941,"Cake, shortcake, biscuit-type, prepared from recipe",Baked Products,346,6.1,14.2,48.5,506
174942,"Cake, snack cakes, creme-filled, chocolate with frosting",Baked Products,399,3.63,15.93,60.31,332
174943,"Cake, snack cakes, creme-filled, sponge",Baked Products,374,3.47,11.54,64.03,470
174944,"Cake, yellow, commercially prepared, with chocolate frosting, in-store bakery",Baked Products,379,3.16,17.75,55.36,310
174945,"Cake, yellow, commercially prepared, with vanilla frosting",Baked Products,391,2.99,17.91,56.2,269
174946,"Cake, pudding-type, yellow, dry mix",Baked Products,423,4,9.8,80,860
174947,"Cake, yellow, enriched, dry mix",Baked Products,374,3.7,3.5,81.92,728
174948,"Cookies, brownies, dry mix, regular",Baked Products,434,4,14.9,76.6,303
174949,"Cookies, brownies, prepared from recipe",Baked Products,466,6.2,29.1,50.2,343
174950,"Cookies, butter, commercially prepared, enriched",Baked Products,467,6.1,18.8,68.9,282
174951,"Cookies, fudge, cake-type (includes trolley cakes)",Baked Products,349,5,3.7,78.3,192
174952,"Cookies, chocolate chip, dry mix",Baked Products,497,4.6,25.2,66.1,290
174953,"Cookies, chocolate chip, refrigerated dough",Baked Products,451,3.98,21.33,61.02,321
174954,"Cookies, chocolate chip, refrigerated dough, baked",Baked Products,492,4.9,22.6,68.2,232
174955,"Cookies, chocolate chip, prepared from recipe, made with margarine",Baked Products,488,5.7,28.3,58.4,361
174956,"Cookies, gingersnaps",Baked Products,416,5.6,9.8,76.9,555
174957,"Cookies, graham crackers, plain or honey (includes cinnamon)",Baked Products,430,6.69,10.6,77.66,516
174958,"Cookies, graham crackers, chocolate-coated",Baked Products,500,4,25.8,66.78,265
174959,"Cookies, ladyfingers, with lemon juice and rind",Baked Products,365,10.6,9.1,59.7,147
174960,"Cookies, oatmeal, dry mix",Baked Products,462,6.5,19.2,67.3,473
174961,"Cookies, oatmeal, refrigerated dough",Baked Products,424,5.4,18.9,59.1,294
174962,"Cookies, oatmeal, refrigerated dough, baked",Baked Products,471,6,21,65.7,327
174963,"Cookies, oatmeal, with raisins",Baked Products,441,5.86,15.76,68.95,322
174964,"Cookies, peanut butter, prepared from recipe",Baked Products,475,9,23.8,58.9,518
174965,"Cookies, peanut butter sandwich, regular",Baked Products,478,8.8,21.1,65.6,368
174966,"Cookies, raisin, soft-type",Baked Products,401,4.1,13.6,68,418
174967,"Cookies, shortbread, commercially prepared, plain",Baked Products,514,5.37,26.22,63.78,353
174968,"Cookies, shortbread, commercially prepared, pecan",Baked Products,542,4.9,32.5,58.3,281
174969,"Cookies, peanut butter sandwich, special dietary",Baked Products,535,10,34,50.8,412
174970,"Cookies, sugar wafer, with creme filling, sugar free",Baked Products,531,3.57,28.57,66.26,71
174971,"Cookies, sugar, commercially prepared, regular (includes vanilla)",Baked Products,464,5.35,19.55,67.34,385
174972,"Cookies, sugar, refrigerated dough",Baked Products,436,4,19.48,61.22,328
174973,"Cookies, vanilla wafers, lower fat",Baked Products,441,5,15.2,73.6,388
174974,"Cookies, vanilla wafers, higher fat",Baked Products,455,4.9,16.41,72.6,325
174975,"Crackers, cheese, regular",Baked Products,489,10.93,22.74,59.42,973
174976,"Crackers, cheese, sandwich-type with peanut butter filling",Baked Products,496,12.41,25.12,56.74,829
174977,"Crackers, melba toast, plain",Baked Products,390,12.1,3.2,76.6,598
174978,"Crackers, melba toast, rye (includes pumpernickel)",Baked Products,389,11.6,3.4,77.3,899
174979,"Crackers, melba toast, wheat",Baked Products,374,12.9,2.3,76.4,837
174980,"Crackers, milk",Baked Products,446,7.6,13.77,71.73,687
174981,"Crackers, rusk toast",Baked Products,407,13.5,7.2,72.3,253
174982,"Crackers, standard snack-type, regular",Baked Products,510,6.64,26.43,61.3,726
174983,"Crackers, standard snack-type, sandwich, with cheese filling",Baked Products,477,9.3,21.1,61.7,978
174984,"Crackers, standard snack-type, sandwich, with peanut butter filling",Baked Products,494,11.47,24.54,58.38,801
174985,"Crackers, wheat, regular",Baked Products,455,7.3,16.4,70.73,699
174986,"Cream puff shell, prepared from recipe",Baked Products,360,9,25.9,22.8,483
174987,"Croissants, butter",Baked Products,406,8.2,21,45.8,384
174988,"Croissants, apple",Baked Products,254,7.4,8.7,37.1,274
174989,"Croissants, cheese",Baked Products,414,9.2,20.9,47,361
174990,"Doughnuts, cake-type, plain (includes unsugared, old-fashioned)",Baked Products,434,5.31,24.93,47.06,477
174991,"Doughnuts, cake-type, plain, chocolate-coated or frosted",Baked Products,452,4.93,25.25,51.33,326
174992,"Doughnuts, cake-type, plain, sugared or glazed",Baked Products,426,5.2,22.9,50.8,402
174993,"Doughnuts, cake-type, chocolate, sugared or glazed",Baked Products,417,4.5,19.9,57.4,215
174994,"Muffins, English, plain, enriched, with ca prop (includes sourdough)",Baked Products,227,8.87,1.69,44.17,425
174995,"Muffins, English, plain, toasted, enriched, with calcium propionate (includes sourdough)",Baked Products,270,10.32,2.02,52.65,477
174996,"Muffins, English, mixed-grain (includes granola)",Baked Products,235,9.1,1.8,46.3,298
174997,"Muffins, English, raisin-cinnamon (includes apple-cinnamon)",Baked Products,240,7.91,1.8,48.1,299
174998,"French toast, prepared from recipe, made with low fat (2%) milk",Baked Products,229,7.7,10.8,25,479
174999,"Hush puppies, prepared from recipe",Baked Products,337,7.7,13.5,46,668
175000,"Ice cream cones, cake or wafer-type",Baked Products,417,8.1,6.9,79,256
175001,"Ice cream cones, sugar, rolled-type",Baked Products,402,7.9,3.8,84.1,298
175002,"Muffins, corn, commercially prepared",Baked Products,305,5.9,8.4,51,385
175003,"Muffins, corn, dry mix, prepared",Baked Products,321,7.4,10.2,49.1,795
175004,"Muffins, corn, toaster-type",Baked Products,346,5.3,11.3,57.9,430
175005,"Muffins, corn, prepared from recipe, made with low fat (2%) milk",Baked Products,316,7.1,12.3,44.2,585
175006,"Pancakes, plain, dry mix, complete, prepared",Baked Products,194,5.2,2.5,36.7,628
175007,"Pancakes, plain, dry mix, incomplete (includes buttermilk)",Baked Products,355,10,1.7,73.6,1148
175008,"Pancakes, plain, dry mix, incomplete, prepared",Baked Products,218,7.8,7.7,28.9,505
175009,"Pancakes, plain, prepared from recipe",Baked Products,227,6.4,9.7,28.3,439
175010,"Pancakes, whole-wheat, dry mix, incomplete, prepared",Baked Products,208,8.5,6.5,29.4,572
175011,"Pie, apple, commercially prepared, enriched flour",Baked Products,237,1.9,11,34,201
175012,"Pie, apple, prepared from recipe",Baked Products,265,2.4,12.5,37.1,211
175013,"Pie, banana cream, prepared from mix, no-bake type",Baked Products,251,3.4,12.9,31.6,290
175014,"Pie, chocolate creme, commercially prepared",Baked Products,353,4.15,22.41,38.44,266
175015,"Pie, chocolate mousse, prepared from mix, no-bake type",Baked Products,260,3.5,15.4,29.6,460
175016,"Pie, coconut creme, commercially prepared",Baked Products,298,2.1,16.6,37.3,204
175017,"Pie, coconut cream, prepared from mix, no-bake type",Baked Products,276,2.8,17.6,28.5,329
175018,"Pie, lemon meringue, prepared from recipe",Baked Products,285,3.8,12.9,39.1,242
175019,"Pie, mince, prepared from recipe",Baked Products,289,2.6,10.8,48,254
175020,"Pie, peach",Baked Products,224,1.9,10,32.9,217
175021,"Pie, pecan, commercially prepared",Baked Products,407,4.5,16.69,59.61,275
175022,"Pie crust, standard-type, dry mix",Baked Products,518,6.9,31.4,52.1,753
175023,"Pie crust, standard-type, dry mix, prepared, baked",Baked Products,501,6.7,30.4,50.4,729
175024,"Pie crust, standard-type, frozen, ready-to-bake, enriched",Baked Products,457,6.16,26.07,48.62,409
175025,"Pie crust, standard-type, frozen, ready-to-bake, enriched, baked",Baked Products,508,6.5,28.59,56.24,467
175026,"Pie crust, standard-type, prepared from recipe, baked",Baked Products,527,6.4,34.6,47.5,542
175027,"Rolls, dinner, egg",Baked Products,307,9.5,6.4,52,566
175028,"Rolls, dinner, oat bran",Baked Products,236,9.5,4.6,40.2,413
175029,"Rolls, dinner, rye",Baked Products,286,10.3,3.4,53.1,650
175030,"Rolls, dinner, wheat",Baked Products,273,8.6,6.3,46,524
175031,"Rolls, hard (includes kaiser)",Baked Products,293,9.9,4.3,52.7,544
175032,"Strudel, apple",Baked Products,274,3.3,11.2,41.1,135
175033,"Sweet rolls, cheese",Baked Products,360,7.1,18.3,43.7,357
175034,"Sweet rolls, cinnamon, commercially prepared with raisins",Baked Products,372,6.2,16.4,50.9,304
175035,"Toaster pastries, fruit (includes apple, blueberry, cherry, strawberry)",Baked Products,388,4.2,9.95,70.32,334
175036,"Tortillas, ready-to-bake or -fry, corn",Baked Products,218,5.7,2.85,44.64,45
175037,"Tortillas, ready-to-bake or -fry, flour, refrigerated",Baked Products,306,8.2,7.99,49.38,736
175038,"Waffles, plain, frozen, ready-to-heat",Baked Products,285,6.47,9.7,42.98,638
175039,"Waffles, plain, prepared from recipe",Baked Products,291,7.9,14.1,32.9,511
175040,"Leavening agents, baking soda",Baked Products,0,0,0,0,27360
175041,"Leavening agents, cream of tartar",Baked Products,258,0,0,61.5,52
175042,"Leavening agents, yeast, baker's, compressed",Baked Products,105,8.4,1.9,18.1,30
175043,"Leavening agents, yeast, baker's, active dry",Baked Products,325,40.44,7.61,41.22,51
175044,"Bread, rice bran, toasted",Baked Products,264,9.7,5,47.3,292
175045,"Muffins, blueberry, toaster-type, toasted",Baked Products,333,4.9,10.1,56.7,444
175046,"Muffins, wheat bran, toaster-type with raisins, toasted",Baked Products,313,5.5,9.4,55.5,527
175047,"Pancakes, buttermilk, prepared from recipe",Baked Products,227,6.8,9.3,28.7,522
175048,"Waffles, plain, frozen, ready -to-heat, toasted",Baked Products,312,7.19,9.61,49.29,467
175049,"Bagels, plain, enriched, without calcium propionate (includes onion, poppy, sesame)",Baked Products,275,10.5,1.6,53.4,534
175050,"Bagels, plain, unenriched, with calcium propionate (includes onion, poppy, sesame)",Baked Products,275,10.5,1.6,53.4,534
175051,"Bagels, plain, unenriched, without calcium propionate(includes onion, poppy, sesame)",Baked Products,275,10.5,1.6,53.4,534
175052,"Cake, coffeecake, cinnamon with crumb topping, commercially prepared, unenriched",Baked Products,418,6.8,23.3,46.7,351
175053,"Cake, pound, commercially prepared, other than all butter, unenriched",Baked Products,389,5.2,17.9,52.5,400
175054,"Cake, pudding-type, white, unenriched, dry mix",Baked Products,423,3.9,9.5,81,665
175055,"Cake, yellow, unenriched, dry mix",Baked Products,432,4.4,11.6,78.1,657
175056,"Crackers, saltines, low salt (includes oyster, soda, soup)",Baked Products,421,9.5,8.85,74.34,198
175057,"Crackers, saltines, unsalted tops (includes oyster, soda, soup)",Baked Products,434,9.2,11.8,71.5,766
175058,"Crackers, standard snack-type, regular, low salt",Baked Products,502,7.4,25.3,61,216
175059,"Crackers, wheat, low salt",Baked Products,473,8.6,20.6,64.9,190
175060,"Crackers, cheese, low sodium",Baked Products,503,10.1,25.3,58.2,458
175061,"Danish pastry, raspberry, unenriched",Baked Products,371,5.4,18.5,47.8,354
175062,"Doughnuts, yeast-leavened, glazed, unenriched (includes honey buns)",Baked Products,403,6.4,22.8,44.3,342
175063,"English muffins, plain, enriched, without calcium propionate(includes sourdough)",Baked Products,235,7.7,1.8,46,464
175064,"Pie, fried pies, lemon",Baked Products,316,3,16.1,42.6,374
175065,"Pie crust, standard-type, frozen, ready-to-bake, unenriched",Baked Products,457,3.9,29.2,44.1,576
175066,"Popovers, dry mix, unenriched",Baked Products,371,10.4,4.3,71,906
175067,"Taco shells, baked, without added salt",Baked Products,468,7.2,22.6,62.4,15
175068,"Crackers, saltines, fat-free, low-sodium",Baked Products,393,10.5,1.6,82.3,849
175069,"Tart, breakfast, low fat",Baked Products,372,3.99,5.99,76.8,361
175070,"Archway Home Style Cookies, Sugar Free Oatmeal",Baked Products,442,5.54,20.92,67.2,308
175071,"Archway Home Style Cookies, Chocolate Chip Ice Box",Baked Products,497,4.28,24.4,65.02,270
175072,"Archway Home Style Cookies, Iced Oatmeal",Baked Products,435,4.89,16.53,66.76,377
175073,"Archway Home Style Cookies, Molasses",Baked Products,403,4.25,12.06,69.41,577
175074,"Archway Home Style Cookies, Oatmeal",Baked Products,421,5.48,14.08,68.17,394
175075,"Archway Home Style Cookies, Oatmeal Raisin",Baked Products,406,5.17,12.08,69.27,339
175076,"Archway Home Style Cookies, Strawberry Filled",Baked Products,400,4.35,13.26,65.92,377
175077,"Archway Home Style Cookies, Reduced Fat Ginger Snaps",Baked Products,424,4.67,11.14,76.23,406
175078,"Artificial Blueberry Muffin Mix, dry",Baked Products,407,4.7,8.7,77.45,760
175079,"Kraft, Stove Top Stuffing Mix Chicken Flavor",Baked Products,381,12.6,4.1,73.1,1532
175080,"Martha White Foods, Martha White's Chewy Fudge Brownie Mix, dry",Baked Products,407,4.42,6.16,83.58,457
175081,"Martha White Foods, Martha White's Buttermilk Biscuit Mix, dry",Baked Products,388,7.81,13.23,59.41,1295
175082,"Mission Foods, Mission Flour Tortillas, Soft Taco, 8 inch",Baked Products,287,8.7,6,49.6,898
175083,"Nabisco, Nabisco Grahams Crackers",Baked Products,424,6.99,10,76.2,659
175084,"Nabisco, Nabisco Oreo Crunchies, Cookie Crumb Topping",Baked Products,476,4.78,21.5,70.23,528
175085,"Game meat, deer, cooked, roasted","Lamb, Veal, and Game Products",158,30.21,3.19,0,54
175086,"Game meat, horse, raw","Lamb, Veal, and Game Products",133,21.39,4.6,0,53
175087,"Game meat, horse, cooked, roasted","Lamb, Veal, and Game Products",175,28.14,6.05,0,55
175088,"Beverages, tea, instant, lemon, unsweetened",Beverages,345,7.4,0.18,78.52,55
175089,"Beverages, tea, instant, lemon, sweetened, powder",Beverages,401,0.12,0.73,98.55,5
175090,"Beverages, tea, instant, lemon, sweetened, prepared with water",Beverages,35,0.01,0.06,8.61,2
175091,"Beverages, tea, instant, sweetened with sodium saccharin, lemon-flavored, powder",Beverages,338,3.3,0.6,85.4,412
175092,"Beverages, cocoa mix, with aspartame, powder, prepared with water",Beverages,29,1.21,0.23,5.61,72
175093,"Beverages, carbonated, cola, fast-food cola",Beverages,37,0.07,0.02,9.56,4
175094,"Beverages, fruit punch juice drink, frozen concentrate",Beverages,175,0.3,0.7,43.1,10
175095,"Beverages, fruit punch juice drink, frozen concentrate, prepared with water",Beverages,42,0.07,0.17,11.4,5
175096,"Beverages, water, tap, well",Beverages,0,0,0,0,5
175097,"Alcoholic beverage, liqueur, coffee, 53 proof",Beverages,336,0.1,0.3,46.8,8
175098,"Alcoholic beverage, liqueur, coffee with cream, 34 proof",Beverages,327,2.8,15.7,20.9,92
175099,"Beverages, carbonated, low calorie, cola or pepper-type, with aspartame, contains caffeine",Beverages,2,0.11,0.03,0.29,8
175100,"Beverages, Orange drink, breakfast type, with juice and pulp, frozen concentrate",Beverages,153,0.4,0,39,26
175101,"Beverages, Orange drink, breakfast type, with juice and pulp, frozen concentrate, prepared with water",Beverages,45,0.12,0,11.32,10
175102,"Beverages, shake, fast food, strawberry",Beverages,113,3.4,2.8,18.9,83
175103,"Beverages, water, tap, municipal",Beverages,0,0,0,0,3
175104,"Beverages, The COCA-COLA company, DASANI, water, bottled, non-carbonated",Beverages,0,0,0,0,0
175105,"Beverages, orange breakfast drink, ready-to-drink, with added nutrients",Beverages,53,0,0,13.2,54
175106,"Beverages, water, bottled, non-carbonated, CALISTOGA",Beverages,0,0,0,0,0
175107,"Beverages, water, bottled, non-carbonated, CRYSTAL GEYSER",Beverages,0,0,0,0,1
175108,"Beverages, COCA-COLA, POWERADE, lemon-lime flavored, ready-to-drink",Beverages,32,0,0.05,7.84,42
175109,"Beverages, Propel Zero, fruit-flavored, non-carbonated",Beverages,5,0,0,1.14,33
175110,"Beverages, ARIZONA, tea, ready-to-drink, lemon",Beverages,39,0,0,9.77,4
175111,"Beverages, LIPTON BRISK, tea, black, ready-to-drink, lemon",Beverages,35,0,0,8.81,21
175112,"Alcoholic beverage, wine, dessert, dry",Beverages,152,0.2,0,11.67,9
175113,"Carbonated beverage, low calorie, other than cola or pepper, with sodium saccharin, without caffeine",Beverages,0,0,0,0.1,16
175114,"Beverages, Cocoa mix, low calorie, powder, with added calcium, phosphorus, aspartame, without added sodium or vitamin A",Beverages,359,25.1,3,58,653
175115,"Beverages, fruit punch-flavor drink, powder, without added sodium, prepared with water",Beverages,37,0,0.01,9.47,7
175116,"Fish, herring, Atlantic, raw",Finfish and Shellfish Products,158,17.96,9.04,0,90
175117,"Fish, herring, Atlantic, cooked, dry heat",Finfish and Shellfish Products,203,23.03,11.59,0,115
175118,"Fish, herring, Atlantic, pickled",Finfish and Shellfish Products,262,14.19,18,9.64,870
175119,"Fish, mackerel, Atlantic, raw",Finfish and Shellfish Products,205,18.6,13.89,0,90
175120,"Fish, mackerel, Atlantic, cooked, dry heat",Finfish and Shellfish Products,262,23.85,17.81,0,83
175121,"Fish, mackerel, jack, canned, drained solids",Finfish and Shellfish Products,156,23.19,6.3,0,379
175122,"Fish, mackerel, king, raw",Finfish and Shellfish Products,105,20.28,2,0,158
175123,"Fish, mullet, striped, raw",Finfish and Shellfish Products,117,19.35,3.79,0,65
175124,"Fish, mullet, striped, cooked, dry heat",Finfish and Shellfish Products,150,24.81,4.86,0,71
175125,"Fish, ocean perch, Atlantic, raw",Finfish and Shellfish Products,79,15.31,1.54,0,287
175126,"Fish, ocean perch, Atlantic, cooked, dry heat",Finfish and Shellfish Products,96,18.51,1.87,0,347
175127,"Fish, pike, northern, cooked, dry heat",Finfish and Shellfish Products,113,24.69,0.88,0,49
175128,"Fish, pike, walleye, raw",Finfish and Shellfish Products,93,19.14,1.22,0,51
175129,"Fish, pollock, Atlantic, raw",Finfish and Shellfish Products,92,19.44,0.98,0,86
175130,"Fish, pollock, Alaska, raw (may contain additives to retain moisture)",Finfish and Shellfish Products,56,12.19,0.41,0,333
175131,"Fish, rockfish, Pacific, mixed species, cooked, dry heat",Finfish and Shellfish Products,109,22.23,1.62,0,89
175132,"Fish, roe, mixed species, raw",Finfish and Shellfish Products,143,22.32,6.42,1.5,91
175133,"Fish, roughy, orange, raw",Finfish and Shellfish Products,76,16.41,0.7,0,72
175134,"Fish, sablefish, raw",Finfish and Shellfish Products,195,13.41,15.3,0,56
175135,"Fish, salmon, chum, canned, drained solids with bone",Finfish and Shellfish Products,141,21.43,5.5,0,391
175136,"Fish, salmon, coho, wild, raw",Finfish and Shellfish Products,146,21.62,5.93,0,46
175137,"Fish, salmon, coho, wild, cooked, moist heat",Finfish and Shellfish Products,184,27.36,7.5,0,53
175138,"Fish, salmon, pink, raw",Finfish and Shellfish Products,127,20.5,4.4,0,75
175139,"Fish, sardine, Atlantic, canned in oil, drained solids with bone",Finfish and Shellfish Products,208,24.62,11.45,0,307
175140,"Fish, sardine, Pacific, canned in tomato sauce, drained solids with bone",Finfish and Shellfish Products,185,20.86,10.45,0.54,414
175141,"Fish, scup, raw",Finfish and Shellfish Products,105,18.88,2.73,0,42
175142,"Fish, sea bass, mixed species, raw",Finfish and Shellfish Products,97,18.43,2,0,68
175143,"Fish, shark, mixed species, cooked, batter-dipped and fried",Finfish and Shellfish Products,228,18.62,13.82,6.39,122
175144,"Fish, sheepshead, raw",Finfish and Shellfish Products,108,20.21,2.41,0,71
175145,"Fish, sheepshead, cooked, dry heat",Finfish and Shellfish Products,126,26.02,1.63,0,73
175146,"Fish, smelt, rainbow, raw",Finfish and Shellfish Products,97,17.63,2.42,0,60
175147,"Fish, smelt, rainbow, cooked, dry heat",Finfish and Shellfish Products,124,22.6,3.1,0,77
175148,"Fish, sturgeon, mixed species, cooked, dry heat",Finfish and Shellfish Products,135,20.7,5.18,0,69
175149,"Fish, sturgeon, mixed species, smoked",Finfish and Shellfish Products,173,31.2,4.4,0,739
175150,"Fish, sucker, white, raw",Finfish and Shellfish Products,92,16.76,2.32,0,40
175151,"Fish, sunfish, pumpkin seed, raw",Finfish and Shellfish Products,89,19.4,0.7,0,80
175152,"Fish, tilefish, cooked, dry heat",Finfish and Shellfish Products,147,24.49,4.69,0,59
175153,"Fish, trout, mixed species, raw",Finfish and Shellfish Products,148,20.77,6.61,0,52
175154,"Fish, trout, rainbow, wild, raw",Finfish and Shellfish Products,119,20.48,3.46,0,31
175155,"Fish, trout, rainbow, wild, cooked, dry heat",Finfish and Shellfish Products,150,22.92,5.82,0,56
175156,"Fish, tuna, fresh, skipjack, raw",Finfish and Shellfish Products,103,22,1.01,0,37
175157,"Fish, tuna, white, canned in oil, drained solids",Finfish and Shellfish Products,186,26.53,8.08,0,396
175158,"Fish, tuna, white, canned in water, drained solids",Finfish and Shellfish Products,128,23.62,2.97,0,377
175159,"Fish, tuna, fresh, yellowfin, raw",Finfish and Shellfish Products,109,24.4,0.49,0,45
175160,"Fish, tuna salad",Finfish and Shellfish Products,187,16.04,9.26,9.41,402
175161,"Fish, whiting, mixed species, cooked, dry heat",Finfish and Shellfish Products,116,23.48,1.69,0,132
175162,"Fish, wolffish, Atlantic, raw",Finfish and Shellfish Products,96,17.5,2.39,0,85
175163,"Fish, yellowtail, mixed species, raw",Finfish and Shellfish Products,146,23.14,5.24,0,39
175164,"Crustaceans, crab, alaska king, raw",Finfish and Shellfish Products,84,18.29,0.6,0,836
175165,"Fish, catfish, channel, farmed, raw",Finfish and Shellfish Products,119,15.23,5.94,0,98
175166,"Fish, catfish, channel, farmed, cooked, dry heat",Finfish and Shellfish Products,144,18.44,7.19,0,119
175167,"Fish, salmon, Atlantic, farmed, raw",Finfish and Shellfish Products,208,20.42,13.42,0,59
175168,"Fish, salmon, Atlantic, farmed, cooked, dry heat",Finfish and Shellfish Products,206,22.1,12.35,0,61
175169,"Crustaceans, crayfish, mixed species, farmed, raw",Finfish and Shellfish Products,72,14.85,0.97,0,62
175170,"Crustaceans, crayfish, mixed species, farmed, cooked, moist heat",Finfish and Shellfish Products,87,17.52,1.3,0,97
175171,"Mollusks, oyster, eastern, wild, cooked, dry heat",Finfish and Shellfish Products,79,8.87,2.65,4.23,132
175172,"Mollusks, oyster, eastern, farmed, raw",Finfish and Shellfish Products,59,5.22,1.55,5.53,178
175173,"Mollusks, oyster, eastern, farmed, cooked, dry heat",Finfish and Shellfish Products,79,7,2.12,7.28,163
175174,"Salmon, sockeye, canned, total can contents",Finfish and Shellfish Products,153,20.63,7.17,0,433
175175,"Fish, salmon, pink, canned, drained solids",Finfish and Shellfish Products,138,23.1,5.02,0,381
175176,"Fish, tilapia, raw",Finfish and Shellfish Products,96,20.08,1.7,0,52
175177,"Fish, tilapia, cooked, dry heat",Finfish and Shellfish Products,128,26.15,2.65,0,56
175178,"Fish, cod, Pacific, cooked",Finfish and Shellfish Products,84,20.42,0.25,0,134
175179,"Crustaceans, shrimp, raw",Finfish and Shellfish Products,85,20.1,0.51,0,119
175180,"Crustaceans, shrimp, cooked",Finfish and Shellfish Products,99,23.98,0.28,0.2,111
175181,"Fish, trout, brook, raw, New York State",Finfish and Shellfish Products,110,21.23,2.73,0,45
175182,"Beans, baked, canned, plain or vegetarian",Legumes and Legume Products,94,4.75,0.37,21.14,343
175183,"Beans, baked, canned, with beef",Legumes and Legume Products,121,6.38,3.45,16.91,475
175184,"Beans, baked, canned, with franks",Legumes and Legume Products,142,6.75,6.57,15.39,430
175185,"Beans, baked, canned, with pork",Legumes and Legume Products,106,5.19,1.55,19.99,414
175186,"Beans, black turtle, mature seeds, raw",Legumes and Legume Products,339,21.25,0.9,63.25,9
175187,"Beans, black turtle, mature seeds, cooked, boiled, without salt",Legumes and Legume Products,130,8.18,0.35,24.35,3
175188,"Beans, black turtle, mature seeds, canned",Legumes and Legume Products,91,6.03,0.29,16.55,384
175189,"Beans, cranberry (roman), mature seeds, raw",Legumes and Legume Products,335,23.03,1.23,60.05,6
175190,"Beans, great northern, mature seeds, raw (Includes foods for USDA's Food Distribution Program)",Legumes and Legume Products,339,21.86,1.14,62.37,14
175191,"Beans, great northern, mature seeds, cooked, boiled, without salt",Legumes and Legume Products,118,8.33,0.45,21.09,2
175192,"Beans, great northern, mature seeds, canned",Legumes and Legume Products,114,7.37,0.39,21.02,370
175193,"Beans, kidney, all types, mature seeds, raw",Legumes and Legume Products,333,23.58,0.83,60.01,24
175194,"Beans, kidney, red, mature seeds, cooked, boiled, without salt",Legumes and Legume Products,127,8.67,0.5,22.8,2
175195,"Beans, kidney, red, mature seeds, canned, solids and liquids",Legumes and Legume Products,81,5.22,0.36,14.83,256
175196,"Beans, kidney, royal red, mature seeds, raw",Legumes and Legume Products,329,25.33,0.45,58.33,13
175197,"Beans, kidney, royal red, mature seeds, cooked, boiled, without salt",Legumes and Legume Products,123,9.49,0.17,21.85,5
175198,"Beans, pink, mature seeds, cooked, boiled, without salt",Legumes and Legume Products,149,9.06,0.49,27.91,2
175199,"Beans, pinto, mature seeds, raw (Includes foods for USDA's Food Distribution Program)",Legumes and Legume Products,347,21.42,1.23,62.55,12
175200,"Beans, pinto, mature seeds, cooked, boiled, without salt",Legumes and Legume Products,143,9.01,0.65,26.22,1
175201,"Beans, pinto, mature seeds, canned, solids and liquids",Legumes and Legume Products,82,4.6,0.56,15.18,268
175202,"Beans, white, mature seeds, raw",Legumes and Legume Products,333,23.36,0.85,60.27,16
175203,"Beans, white, mature seeds, cooked, boiled, without salt",Legumes and Legume Products,139,9.73,0.35,25.09,6
175204,"Beans, white, mature seeds, canned",Legumes and Legume Products,114,7.26,0.29,21.2,340
175205,"Broadbeans (fava beans), mature seeds, raw",Legumes and Legume Products,341,26.12,1.53,58.29,13
175206,"Chickpeas (garbanzo beans, bengal gram), mature seeds, canned, solids and liquids",Legumes and Legume Products,88,4.92,1.95,13.49,278
175207,"Chili with beans, canned",Legumes and Legume Products,103,6.12,3.76,13.24,423
175208,"Cowpeas, catjang, mature seeds, raw",Legumes and Legume Products,343,23.85,2.07,59.64,58
175209,"Cowpeas, catjang, mature seeds, cooked, boiled, without salt",Legumes and Legume Products,117,8.13,0.71,20.32,19
175210,"Hyacinth beans, mature seeds, raw",Legumes and Legume Products,344,23.9,1.69,60.74,21
175211,"Hyacinth beans, mature seeds, cooked, boiled, without salt",Legumes and Legume Products,117,8.14,0.58,20.69,7
175212,"Vitasoy USA, Vitasoy Organic Creamy Original Soymilk",Legumes and Legume Products,44,2.9,1.6,4.5,66
175213,"Vitasoy USA, Vitasoy Organic Classic Original Soymilk",Legumes and Legume Products,47,3.2,1.8,4.5,66
175214,"Vitasoy USA, Vitasoy Light Vanilla Soymilk",Legumes and Legume Products,30,1.6,0.82,4.1,49
175215,"Soymilk (all flavors), unsweetened, with added calcium, vitamins A and D",Legumes and Legume Products,33,2.86,1.61,1.74,37
175216,"Soymilk (all flavors), nonfat, with added calcium, vitamins A and D",Legumes and Legume Products,28,2.47,0.04,4.14,57
175217,"Soymilk, chocolate, nonfat, with added calcium, vitamins A and D",Legumes and Legume Products,44,2.47,0.04,8.51,57
175218,"SILK Plain, soymilk",Legumes and Legume Products,41,2.88,1.65,3.29,49
175219,"SILK Vanilla, soymilk",Legumes and Legume Products,41,2.47,1.44,4.12,39
175220,"SILK Plus Omega-3 DHA, soymilk",Legumes and Legume Products,45,2.88,2.06,3.29,49
175221,"SILK Plus for Bone Health, soymilk",Legumes and Legume Products,41,2.47,1.44,4.53,39
175222,"SILK Plus Fiber, soymilk",Legumes and Legume Products,41,2.47,1.44,5.76,39
175223,"SILK Unsweetened, soymilk",Legumes and Legume Products,33,2.88,1.65,1.65,35
175224,"SILK Coffee, soymilk",Legumes and Legume Products,62,2.06,1.44,10.29,41
175225,SILK Vanilla soy yogurt (family size),Legumes and Legume Products,79,2.64,1.76,13.66,13
175226,SILK Vanilla soy yogurt (single serving size),Legumes and Legume Products,88,2.94,1.76,14.71,12
175227,SILK Plain soy yogurt,Legumes and Legume Products,66,2.64,1.76,9.69,13
175228,SILK Strawberry soy yogurt,Legumes and Legume Products,94,2.35,1.18,18.24,15
175229,SILK Key Lime soy yogurt,Legumes and Legume Products,88,2.35,1.18,17.65,15
175230,SILK Banana-Strawberry soy yogurt,Legumes and Legume Products,88,2.35,1.18,17.06,15
175231,SILK Original Creamer,Legumes and Legume Products,100,0,6.67,6.67,67
175232,SILK French Vanilla Creamer,Legumes and Legume Products,133,0,6.67,20,67
175233,"Vitasoy USA Organic Nasoya, Tofu Plus Firm",Legumes and Legume Products,74,9.19,3.4,1.71,4
175234,"Vitasoy USA Organic Nasoya Sprouted, Tofu Plus Super Firm",Legumes and Legume Products,115,13.24,5.9,2.16,28
175235,"Vitasoy USA Azumaya, Extra Firm Tofu",Legumes and Legume Products,88,10.07,4.6,1.53,26
175236,"Vitasoy USA Azumaya, Firm Tofu",Legumes and Legume Products,80,9.08,4.2,1.52,23
175237,"Beans, black, mature seeds, cooked, boiled, with salt",Legumes and Legume Products,132,8.86,0.54,23.71,237
175238,"Beans, black, mature seeds, canned, low sodium",Legumes and Legume Products,91,6.03,0.29,16.55,138
175239,"Beans, black turtle, mature seeds, cooked, boiled, with salt",Legumes and Legume Products,130,8.18,0.35,24.35,239
175240,"Beans, cranberry (roman), mature seeds, cooked, boiled, with salt",Legumes and Legume Products,136,9.34,0.46,24.46,237
175241,"Beans, french, mature seeds, cooked, boiled, with salt",Legumes and Legume Products,129,7.05,0.76,24.02,242
175242,"Beans, kidney, red, mature seeds, cooked, boiled, with salt",Legumes and Legume Products,127,8.67,0.5,22.8,238
175243,"Beans, kidney, red, mature seeds, canned, drained solids, rinsed in tap water",Legumes and Legume Products,121,8.12,0.93,20.8,208
175244,"Beans, kidney, royal red, mature seeds, cooked, boiled with salt",Legumes and Legume Products,123,9.49,0.17,21.85,241
175245,"Beans, kidney, red, mature seeds, canned, solids and liquid, low sodium",Legumes and Legume Products,81,5.22,0.36,14.83,117
175246,"Beans, small white, mature seeds, cooked, boiled, with salt",Legumes and Legume Products,142,8.97,0.64,25.81,238
175247,"Beans, pinto, mature seeds, canned, solids and liquids, low sodium",Legumes and Legume Products,82,4.6,0.56,15.18,146
175248,"Beans, yellow, mature seeds, cooked, boiled, with salt",Legumes and Legume Products,144,9.16,1.08,25.28,241
175249,"Beans, white, mature seeds, cooked, boiled, with salt",Legumes and Legume Products,139,9.73,0.35,25.09,242
175250,"Chickpeas (garbanzo beans, bengal gram), mature seeds, canned, solids and liquids, low sodium",Legumes and Legume Products,88,4.92,1.95,13.49,132
175251,"Cowpeas, catjang, mature seeds, cooked, boiled, with salt",Legumes and Legume Products,117,8.13,0.71,20.32,255
175252,"Cowpeas, common (blackeyes, crowder, southern), mature seeds, cooked, boiled, with salt",Legumes and Legume Products,116,7.73,0.53,20.76,240
175253,"Hyacinth beans, mature seeds, cooked, boiled, with salt",Legumes and Legume Products,117,8.14,0.58,20.7,243
175254,"Lentils, mature seeds, cooked, boiled, with salt",Legumes and Legume Products,114,9.02,0.38,19.54,238
175255,"Mung beans, mature seeds, cooked, boiled, with salt",Legumes and Legume Products,105,7.02,0.38,19.15,238
175256,"Mungo beans, mature seeds, cooked, boiled, with salt",Legumes and Legume Products,105,7.54,0.55,18.34,243
175257,"Peas, split, mature seeds, cooked, boiled, with salt",Legumes and Legume Products,116,8.34,0.39,20.51,238
175258,"Peanuts, all types, oil-roasted, without salt",Legumes and Legume Products,599,28.03,52.5,15.26,6
175259,"Lamb, New Zealand, imported, frozen, loin, separable lean and fat, cooked, broiled","Lamb, Veal, and Game Products",315,23.43,23.88,0,49
175260,"Lamb, New Zealand, imported, rack - partly frenched, separable lean only, raw","Lamb, Veal, and Game Products",160,20.65,8.61,0,67
175261,"Lamb, New Zealand, imported, rack - partly frenched, separable lean only, cooked, fast roasted","Lamb, Veal, and Game Products",193,24.43,10.63,0,72
175262,"Lamb, New Zealand, imported, square-cut shoulder, separable lean and fat, raw","Lamb, Veal, and Game Products",272,16.16,22.89,0.24,64
175263,"Lamb, New Zealand, imported, frozen, shoulder, whole (arm and blade), separable lean and fat, cooked, braised","Lamb, Veal, and Game Products",357,28.21,26.27,0,51
175264,"Lamb, New Zealand, imported, square-cut shoulder, separable lean only, raw","Lamb, Veal, and Game Products",154,19.72,8.3,0,73
175265,"Veal, composite of trimmed retail cuts, separable lean only, cooked","Lamb, Veal, and Game Products",196,31.9,6.58,0,89
175266,"Veal, composite of trimmed retail cuts, separable fat, raw","Lamb, Veal, and Game Products",638,6.02,67.83,0,26
175267,"Veal, composite of trimmed retail cuts, separable fat, cooked","Lamb, Veal, and Game Products",642,9.42,66.74,0,57
175268,"Veal, leg (top round), separable lean and fat, raw","Lamb, Veal, and Game Products",117,20.98,3.08,0,63
175269,"Veal, leg (top round), separable lean only, raw","Lamb, Veal, and Game Products",107,21.28,1.76,0,64
175270,"Veal, leg (top round), separable lean only, cooked, braised","Lamb, Veal, and Game Products",203,36.71,5.09,0,67
175271,"Veal, leg (top round), separable lean only, cooked, pan-fried, breaded","Lamb, Veal, and Game Products",216,28.41,6.27,9.84,455
175272,"Veal, leg (top round), separable lean only, cooked, pan-fried, not breaded","Lamb, Veal, and Game Products",183,33.17,4.62,0,77
175273,"Veal, loin, separable lean only, cooked, braised","Lamb, Veal, and Game Products",226,33.57,9.15,0,84
175274,"Veal, loin, separable lean only, cooked, roasted","Lamb, Veal, and Game Products",175,26.32,6.94,0,96
175275,"Veal, rib, separable lean and fat, raw","Lamb, Veal, and Game Products",162,18.86,9.01,0,89
175276,"Veal, rib, separable lean and fat, cooked, braised","Lamb, Veal, and Game Products",251,32.43,12.53,0,95
175277,"Veal, shoulder, whole (arm and blade), separable lean and fat, raw","Lamb, Veal, and Game Products",130,19.27,5.28,0,91
175278,"Veal, shoulder, whole (arm and blade), separable lean and fat, cooked, braised","Lamb, Veal, and Game Products",228,32.06,10.14,0,95
175279,"Veal, shoulder, whole (arm and blade), separable lean and fat, cooked, roasted","Lamb, Veal, and Game Products",184,25.32,8.42,0,96
175280,"Veal, shoulder, whole (arm and blade), separable lean only, raw","Lamb, Veal, and Game Products",112,19.79,3,0,92
175281,"Veal, shoulder, arm, separable lean and fat, cooked, roasted","Lamb, Veal, and Game Products",183,25.46,8.25,0,90
175282,"Veal, shoulder, arm, separable lean only, raw","Lamb, Veal, and Game Products",105,20.04,2.16,0,86
175283,"Veal, shoulder, arm, separable lean only, cooked, braised","Lamb, Veal, and Game Products",201,35.73,5.33,0,90
175284,"Veal, shoulder, arm, separable lean only, cooked, roasted","Lamb, Veal, and Game Products",164,26.13,5.81,0,91
175285,"Veal, shoulder, blade, separable lean only, cooked, roasted","Lamb, Veal, and Game Products",171,25.64,6.88,0,102
175286,"Veal, sirloin, separable lean and fat, raw","Lamb, Veal, and Game Products",152,19.07,7.81,0,76
175287,"Veal, sirloin, separable lean and fat, cooked, braised","Lamb, Veal, and Game Products",252,31.26,13.14,0,79
175288,"Veal, sirloin, separable lean and fat, cooked, roasted","Lamb, Veal, and Game Products",202,25.14,10.45,0,83
175289,"Veal, cubed for stew (leg and shoulder), separable lean only, cooked, braised","Lamb, Veal, and Game Products",188,34.94,4.31,0,93
175290,"Veal, ground, raw","Lamb, Veal, and Game Products",197,18.58,13.06,0,103
175291,"Veal, ground, cooked, broiled","Lamb, Veal, and Game Products",172,24.38,7.56,0,83
175292,"Game meat, antelope, raw","Lamb, Veal, and Game Products",114,22.38,2.03,0,51
175293,"Bison, ground, grass-fed, raw","Lamb, Veal, and Game Products",146,20.23,7.21,0.05,70
175294,"Game meat, beaver, raw","Lamb, Veal, and Game Products",146,24.05,4.8,0,51
175295,"Game meat, beaver, cooked, roasted","Lamb, Veal, and Game Products",212,34.85,6.96,0,59
175296,"Game meat, beefalo, composite of cuts, raw","Lamb, Veal, and Game Products",143,23.3,4.8,0,78
175298,"Game meat, boar, wild, cooked, roasted","Lamb, Veal, and Game Products",160,28.3,4.38,0,60
175299,"Game meat, buffalo, water, raw","Lamb, Veal, and Game Products",99,20.39,1.37,0,53
175300,"Game meat, buffalo, water, cooked, roasted","Lamb, Veal, and Game Products",131,26.83,1.8,0,56
175301,"Game meat, elk, raw","Lamb, Veal, and Game Products",111,22.95,1.45,0,58
175302,"Game meat, elk, cooked, roasted","Lamb, Veal, and Game Products",146,30.19,1.9,0,61
175303,"Game meat, goat, raw","Lamb, Veal, and Game Products",109,20.6,2.31,0,82
175304,"Game meat, goat, cooked, roasted","Lamb, Veal, and Game Products",143,27.1,3.03,0,86
