fdc_id,unit,description,grams
167512,serving,serving,34
167513,serving,serving 1 roll with icing,44
167514,serving,serving,28
167515,serving,serving,57
167516,waffle,"waffle, square",39
167516,waffle,"waffle, round",38
167517,oz,oz,28
167517,waffle,"waffle round (4"" dia)",33
167518,waffle,waffle,35
167519,waffle,"waffle, round (4""dia)",32
167520,oz,oz,28.35
167520,crust,crust,183
167521,crust,crust,182
167522,pie,"pie 1 pie (1/8 of 9"" pie)",1091.67
167522,slice,slice,137
167522,pie,pie,1137
167522,oz,oz,28.35
167523,pie,pie crust (average weight),225
167524,waffle,waffles,35
167525,piece,piece,12.3
167525,piece,"pieces (mean serving weight, aggregated over brands)",12.333
167526,serving,serving (approximate serving size),55
167526,cake,cake square (average weight of whole item),399
167527,serving,serving,55
167527,cake,cake square,622
167528,piece,piece,86
167529,serving,serving (1 NLEA serving - about 4 crackers),30
167529,cracker,cracker,12.7
167530,cracker,crackers (1 NLEA serving),2.818
167530,cracker,cracker,3.1
167531,cracker,crackers (1 NLEA serving),3.2
167531,cracker,cracker,3.1
167532,slice,slice,28
167533,bagel,bagel,98
167534,oz,oz,28.25
167535,tortilla,tortilla,49
167535,package,package,484
167536,oz,oz,28.35
167536,piece,"piece, large",20
167536,oz,oz,28.35
167537,oz,oz,28
167537,oz,oz,28.35
167537,bag,bag (7 oz),198
167538,oz,oz,28.35
167538,bag,bag (7 oz),198
167539,oz,oz,28.35
167540,oz,oz,28.35
167540,package,package,27
167540,packet,packet (.75 oz),21
167541,large,large,21
167541,small,small,14
167542,bar,bar,21
167542,bar,bar (1 oz),28
167542,bar,bar,25
167543,oz,oz,28.35
167543,bar,bar,24
167544,bar,bar (1.5 oz),43
167544,bar,bar (1 oz),28
167545,bar,bar (1.25 oz),35
167545,bar,bar (1 oz),28
167546,serving,serving,40
167547,oz,oz,28.35
167547,bar,bar,37
167548,bar,bar (1 oz),28
167549,cup,cup,11
167549,oz,oz,28.35
167550,cake,cake,10
167550,cake,cakes,10
167551,oz,oz (approx 2/3 cup),28.35
167551,oz,oz,28.5
167552,oz,oz,28.35
167553,oz,oz,28.35
167553,can,can (6 oz),170
167554,oz,oz,28.35
167554,can,can (6.75 oz),198
167555,oz,oz,28.35
167555,twist,twists,6
167556,oz,oz,28.35
167556,pretzel,pretzel,11
167557,cake,cake,9
167557,cake,cakes,9
167558,oz,oz,28.35
167558,bag,bag,213
167559,oz,oz,28.35
167560,oz,oz,28.35
167560,bag,bag (7 oz),198
167561,cup,cup,150
167561,oz,oz,28.35
167561,oz,oz,28
167562,package,package 1.76 oz,49
167562,bar,bar snack size,19
167563,piece,pieces,2.222
167564,serving,serving 6 pieces,40
167565,serving,serving 2.1 oz bar,60
167565,serving,serving 1 fun size bar 0.65 oz,18
167565,serving,serving 0.75 oz bar,21
167565,bar,bar bite size,7
167565,bar,bar king size,108
167565,butterfinger,Butterfinger BB's,2.6
167565,tbsp,tbsp,12.5
167565,cup,cup BB's,174
167566,piece,piece,6.6
167566,bar,bar 2.25 oz,64
167566,serving,serving 6 pieces,40
167567,oz,oz,28.35
167568,oz,oz square Bakers,29
167568,cup,"cup, grated",132
167568,oz,oz Hersheys,28.4
167569,cup,cup chips,170
167570,cup,cup chips,168
167570,oz,oz,28.35
167571,bar,bar (3 oz),85
167571,tbsp,tbsp,14
167571,cup,cup chips,170
167572,serving,serving 1/2 cup,76
167573,cup,cup,214
167574,cup,cup,306
167574,recipe,recipe yield,1531
167575,serving,serving 1/2 cup,66
167576,serving,serving 1/2 cup,88
167577,cup,cup (4 fl oz),148
167577,bar,bar (2.75 fl oz),66
167578,piece,piece,16
167579,oz,oz,28.35
167580,oz,oz,28.35
167581,package,package 1.375 oz,39
167581,serving,serving 0.25 cup,41
167581,serving,serving fun size,48
167582,serving,serving 2.1 oz bar,60
167582,serving,serving fun size bar 0.65 oz,18
167583,piece,pieces 1.6oz,11.25
167584,serving,serving 1/4 cup,73
167585,serving,serving,68
167585,unit,unit,100
167586,serving,serving 1.4 oz bar,40
167587,bar,"bar, miniature",7
167587,bar,bar (1.55 oz),44
167587,cup,cup chips,168
167588,cup,cup From 19191,294
167589,cup,cup From 19211,284
167590,roll,roll,69
167591,cracker,crackers,1.3
167592,cooky,cookies,14.667
167593,cooky,cookies,15
167594,goldfish,goldfish,0.52
167595,goldfish,goldfish,0.53
167596,goldfish,goldfish,0.51
167597,slice,slice,34
167598,slice,slice,28
167599,slice,slice,25
167600,roll,roll,44
167601,pancake,pancake,48
167601,box,box,352
167602,cup,cup,20
167603,cup,cup,100
167604,cup,cup unprepared,159
167605,cup,cup prepared,130
167606,fry,fries,4.25
167681,tsp,tsp,8
167682,fl oz,fl oz assumed specific gravity of honey,28.4
167683,bar,bar,78
167684,tbsp,tbsp,15
167684,cup,cup,245
167685,cup,cup pieces,138
167685,cubic,cubic inch,14
167685,slice,"slice, medium",28
167685,slice,"slice, thick",43
167685,slice,"slice, thin",14
167686,cup,cup,137
167687,cup,cup,75
167688,cup,cup,94
167688,packet,packet,3
167689,serving,serving 1.63 oz singles bag,46
167689,cup,cup,203
167689,piece,piece,2.2
167691,tbsp,tbsp,13
167691,cup,cup,207
167692,tbsp,tbsp,16
167692,cup,cup,249
167693,tbsp,tbsp,16
167693,cup,cup,260
167694,cup,"cup, cooked",130
167694,oz,oz,28
167694,oz,"oz cooked, yield",21
167694,patty,"patty, cooked",25
167695,tbsp,tbsp,15
167695,cup,cup,240
167696,frankfurter,frankfurter,57
167696,cup,"cup, sliced",151
167697,cup,cup,245
167697,fl oz,fl oz,30.6
167698,link,links 1 NLEA serving,22.5
167698,link,links 1 NLEA serving,20
167699,tbsp,tbsp,17
167699,cup,cup,265
167700,tbsp,tbsp,16
167700,cup,cup,256
167701,serving,serving 1.76 oz bar,50
167701,bar,bar fun size,19
167701,serving,serving 5 miniatures,41
167702,tbsp,tbsp,13.6
167702,cup,cup,218
167703,oz,oz,28.25
167703,cup,cup,227
167704,tbsp,tbsp,15
167704,cup,cup,240
167705,cup,"cup, grated",100
167705,tbsp,tbsp,5
167706,tbsp,tablespoon,17
167707,tsp,tsp,2
167708,cup,cup,242
167708,fl oz,fl oz,30.2
167709,oz,"oz with bone, cooked (yield after bone removed)",28.333
167709,cubic,"cubic inch, boneless",17
167710,oz,"oz with bone, cooked (yield after bone removed)",28.333
167710,cubic,"cubic inch, boneless",17
167711,cup,cup,244
167711,fl oz,fl oz,30.5
167712,oz,oz,28.333
167712,slice,slice cooked,8
167713,oz,oz,28.333
167713,medium,"medium slice (approx 3"" x 2"" x 1/4"")",28
167713,thick,"thick slice (approx 3"" x 2"" x 3/8"")",42
167715,cup,cup (1 NLEA serving),47.2
167716,oz,oz,28.25
167716,cup,cup,226
167717,tsp,tsp,6
167719,cup,"cup, diced",130
167719,cup,cup pieces,168
167719,piece,piece,36
167721,oz,oz,28.4
167722,cup,cup,262
167723,fl oz,fl oz,29.1
167724,cup,cup,21
167725,cup,cup (1 NLEA serving),50
167727,cup,cup,252
167727,fl oz,fl oz,31.5
167730,cup,cup,244
167730,fl oz,fl oz,30.5
167734,oz,oz,28.35
167734,bar,bar,37
167735,cup,"cup, diced",132
167735,cup,"cup, shredded",113
167735,cubic,cubic inch,18
167735,slice,slice (1 oz),28
167736,tbsp,tbsp,15
167736,cup,cup,239
167737,tbsp,tablespoon,14
167737,tsp,teaspoon,4.5
167738,serving,serving,151
167738,cup,cup,262
167739,fl oz,fl oz,36
167739,serving,serving 2 fl oz,71
167739,can,can 10 fl oz,355
167740,serving,serving,9.9
167740,package,package,40
167741,serving,serving,113
167741,cup,cup,260
167742,oz,oz,28.333
167743,serving,serving,21
167744,oz,oz,28.333
167745,oz,oz,28.333
167746,cup,"cup, sections",212
167746,fruit,"fruit (2-1/8"" dia)",58
167746,fruit,"fruit (2-3/8"" dia)",84
167746,wedge,"wedge or slice (1/8 of one 2-1/8"" dia lemon)",7
167746,nlea,NLEA serving,58
167747,cup,cup,244
167747,fl oz,fl oz,30.5
167747,lemon,lemon yields,48
167747,wedge,wedge yields,5.9
167748,tbsp,tbsp,15
167748,tsp,tsp,5
167748,fl oz,fl oz,30.5
167748,cup,cup,244
167749,tbsp,tbsp,6
167749,tsp,tsp,2
167750,cup,cup,149
167750,fruit,fruit without refuse,103
167751,cup,"cup, pitted",248
167752,cup,"cup, pitted",248
167753,cup,cup,256
167753,fl oz,fl oz,32
167754,cup,"cup, sections",190
167754,fruit,fruit without refuse,609
167755,cup,cup,123
167755,pint,"pint as purchased, yields",312
167755,raspberry,raspberries,1.9
167756,cup,cup,256
167757,cup,"cup, thawed",250
167757,package,package (10 oz),284
167758,cup,"cup, diced",122
167758,stalk,stalk,51
167759,cup,"cup, pulp",241
167759,sapodilla,sapodilla,170
167760,cup,"cup 1"" pieces",175
167760,fruit,fruit without refuse,558
167761,cup,"cup, pulp",225
167761,fruit,"fruit (7"" x 5-1/4"" dia)",625
167762,cup,"cup, halves",152
167762,cup,"cup, pureed",232
167762,cup,"cup, sliced",166
167762,cup,"cup, whole",144
167762,extra-large,"extra large (1-5/8"" dia)",27
167762,large,"large (1-3/8"" dia)",18
167762,medium,"medium (1-1/4"" dia)",12
167762,pint,"pint as purchased, yields",357
167762,small,"small (1"" dia)",7
167762,nlea,NLEA serving,147
167763,cup,"cup, pulp",120
167763,fruit,"fruit (3"" x 1"")",2
167764,cup,cup,257
167765,cup,"cup, balls",154
167765,cup,"cup, diced",152
167765,melon,"melon (15"" long x 7-1/2"" dia)",4518
167765,wedge,wedge (approx 1/16 of melon),286
167765,watermelon,watermelon balls,12.2
167765,nlea,NLEA serving,280
167766,cherry,cherry (NLEA serving),5
167767,cup,"cup, chunks",181
167767,cup,"cup, crushed",195
167767,cup,"cup, sliced",162
167767,spear,spear,26
167768,cup,"cup, halves",219
167768,cup,"cup, whole",182
167769,cup,cup,168
167770,cup,cup,179
167771,cup,cup,248
167771,fl oz,fl oz,31
167772,cup,cup,244
167773,cup,cup,255
167774,cup,cup,247
167774,fruit,fruit yields,196
167775,cup,cup,239
167775,fl oz,fl oz,29.9
167776,cup,"cup, sliced",140
167776,small,small,152
167776,medium,medium,177
167776,large,large,227
167777,small,small,126
167777,medium,medium,157
167777,large,large,223
167777,cup,"cup, sliced",140
167778,cup,"cup, sliced",140
167778,small,small,159
167778,medium,medium,179
167778,large,large,219
167779,cup,"cup, sliced",140
167779,small,small,172
167779,medium,medium,202
167779,large,large,242
167780,tbsp,tbsp,18
167782,cup,cup,228
167783,cup,cup,228
167784,cup,cup,251
167785,cup,cup,251
167786,cup,cup,251
167787,cup,cup,249
167787,fl oz,fl oz,31.4
167788,fruit,fruit without pits,3.7
167789,cup,"cup without pits, thawed",112
167789,fruit,"fruit without pits, thawed",3.267
167790,cup,cup thawed,120
167791,cup,cup,233
167791,fruit,"fruit (4-2/3"" long x 2-3/4"" dia)",209
167792,fl oz,fl oz,30.75
167793,cup,"cup, sliced",109
167793,large,large,236
167793,medium,medium,192
167793,small,small,158
167794,cup,cup,249
167794,fl oz,fl oz,31.1
167795,fl oz,fl oz,30
167796,cup,cup,275
167797,cup,cup,252
167798,cup,cup,230
167799,cup,cup,233
167800,fl oz,fl oz,29.5
167800,fl oz,fl oz,29.5
167801,tbsp,tbsp,15
167801,tsp,tsp,5.2
167802,tbsp,tbsp,15
167802,tsp,tsp,5
167803,cup,cup,280
167804,cup,cup,280
167805,fl oz,fl oz,31
167807,cup,cup,269
167807,fl oz,fl oz,31.5
167810,oz,oz,28.35
167810,lb,lb,453.6
167811,oz,oz,28.25
167811,lb,lb,453.6
167812,oz,oz,28.25
167812,lb,lb,453.6
167813,oz,oz,28.35
167813,oz,oz,28.25
167814,oz,oz,28.25
167814,lb,lb,453.6
167815,cup,"cup, diced",135
167815,oz,oz,28.333
167816,oz,oz,28.25
167816,lb,lb,453.6
167816,roast,roast,3952
167817,oz,oz,28.333
167817,roast,roast,3027
167818,oz,oz,28.25
167818,chop,"chop, excluding refuse (yield from 1 raw chop, with refuse, weighing 151 g)",117
167819,oz,oz,28.333
167819,chop,"chop, excluding refuse (yield from 1 raw chop, with refuse, weighing 151 g)",89
167820,oz,oz,28.333
167820,chop,"chop, excluding refuse (yield from 1 raw chop, with refuse, weighing 151 g)",87
167821,oz,oz,28.333
167821,chop,"chop, excluding refuse (yield from 1 raw chop, with refuse, weighing 151 g)",89
167822,oz,oz,28.25
167822,chop,chop,263
167823,oz,oz,28.333
167823,chop,chop,206
167824,oz,oz,28.333
167824,chop,chop,219
167825,oz,oz,28.333
167825,roast,roast,830
167826,oz,oz,28.333
167826,chop,chop,187
167827,oz,oz,28.333
167827,chop,"chop without refuse (Yield from 1 cooked chop, with refuse, weighing 209g)",157
167828,oz,oz,28.333
167828,roast,roast,900
167829,oz,oz,28.25
167829,chop,"chop without refuse (Yield from 1 raw chop, with refuse, weighing 259g)",178
167830,oz,oz,28.333
167830,chop,chop,187
167831,chop,"chop without refuse (Yield from 1 cooked chop, with refuse, weighing 172g)",112
167831,oz,oz,28.333
167832,oz,oz,28.333
167832,roast,roast,783
167833,oz,oz,28.25
167833,chop,"chop, excluding refuse (yield from 1 raw chop, with refuse, weighing 151 g)",86
167834,oz,oz,28.333
167834,chop,chop,180
167835,oz,oz,28.333
167835,chop,chop,195
167836,oz,oz,28.333
167836,roast,"roast without refuse (Yield from 1 cooked roast, with refuse, weighing 1515g)",1046
167837,oz,oz,28.25
167837,lb,lb,453.6
167837,roast,"roast without refuse (Yield from 1 raw roast, with refuse, weighing 1818g)",1217
167838,oz,oz,28.333
167838,chop,chop,180
167839,oz,oz,28.25
167839,chop,chop,185
167840,chop,chop,135
167841,chop,chop,145
167841,oz,oz,28.333
167842,oz,oz,28.333
167842,roast,roast,848
167843,oz,oz,28.25
167843,lb,lb,453.6
167844,cup,"cup, diced",135
167844,oz,oz,28.333
167845,oz,oz,28.35
167845,lb,lb,453.6
167846,cup,"cup, diced",135
167846,oz,oz,28.333
167847,oz,oz,28.333
167847,roast,roast,2252
167848,oz,oz,28.333
167848,piece,"piece, cooked, excluding refuse (yield from 1 lb raw meat with refuse)",191
167849,oz,oz,28.25
167849,steak,"steak without refuse (Yield from 1 raw steak, with refuse, weighing 380g)",288
167849,lb,lb,453.6
167850,oz,oz,28.333
167850,steak,"steak without refuse (Yield from 1 cooked steak, with refuse, weighing 249g)",185
167851,oz,oz,28.333
167851,steak,"steak, excluding refuse (yield from 1 raw steak, with refuse, weighing 300 g)",169
167852,oz,oz,28.333
167852,piece,"piece, cooked, excluding refuse (yield from 1 lb raw meat with refuse)",238
167853,oz,oz,28.25
167854,oz,oz,28.333
167854,piece,"piece, cooked, excluding refuse (yield from 1 lb raw meat with refuse)",177
167855,oz,oz,28.333
167855,piece,"piece, cooked, excluding refuse (yield from 1 lb raw meat with refuse)",231
167856,oz,oz,28.333
167857,oz,oz,28.35
167857,ear,ear,113
167858,ear,ear (yield after cooking),111
167858,unit,"unit, cooked (yield from 1 lb raw meat)",422
167859,oz,oz,28.25
167860,cup,cup,140
167860,oz,oz,28.333
167861,oz,oz,28.35
167861,oz,oz,28.25
167862,oz,oz,28.35
167862,oz,oz,28.25
167863,oz,oz,28.333
167864,oz,oz,28.35
167864,lb,lb,453.6
167865,oz,oz,28.35
167865,oz,oz,28.25
167866,oz,oz,28.333
167867,oz,oz,28.35
167867,oz,oz,28.25
167868,oz,oz,28.333
167868,chop,chop,215
167869,oz,oz,28.333
167869,slice,slices (6 per 6-oz pkg.),28.5
167869,package,package (6 oz),170
167870,oz,oz,28.333
167870,lb,lb,453.6
167871,cup,cup,140
167871,oz,oz,28.333
167872,cup,cup,140
167872,oz,oz,28.333
167873,oz,oz,28.35
167873,patty,patty,65
167874,oz,oz,28.35
167874,slice,slice,57
167875,cup,cup,140
167875,oz,oz,28.35
167876,oz,oz,28.333
167876,cup,cup,140
167877,oz,oz,28.35
167877,oz,oz,28.333
167878,oz,oz,28.35
167878,oz,oz,28.333
167879,cup,cup,140
167879,oz,oz,28.333
167880,cup,cup,140
167880,oz,oz,28.333
167881,oz,oz,28.333
167881,piece,"piece, cooked, excluding refuse (yield from 1 lb raw meat with refuse)",275
167882,oz,oz,28.333
167882,chop,chop,172
167883,oz,oz,28.333
167883,chop,chop,169
167884,oz,oz,28.333
167884,chop,chop,215
167885,oz,oz,28.333
167885,cup,cup,140
167886,cup,cup,140
167886,oz,oz,28.333
167887,oz,oz,28.333
167887,chop,chop,142
167888,oz,oz,28.35
167888,lb,lb,453.6
167889,oz,oz,28.25
167889,chop,"chop, excluding refuse (yield from 1 raw chop, with refuse, weighing 113 g)",101
167890,oz,oz,28.333
167890,chop,"chop, excluding refuse (yield from 1 raw chop, with refuse, weighing 113 g)",81
167891,oz,oz,28.333
167891,chop,"chop, excluding refuse (yield from 1 raw chop, with refuse, weighing 113 g)",80
167892,oz,oz,28.333
167892,chop,"chop, excluding refuse (yield from 1 raw chop, with refuse, weighing 113 g)",75
167893,oz,oz,28.333
167893,chop,"chop, excluding refuse (yield from 1 raw chop, with refuse, weighing 113 g)",66
167894,oz,oz,28.333
167894,piece,"piece, cooked, excluding refuse (yield from 1 lb raw meat with refuse)",283
167895,oz,oz,28.25
167895,rib,"rib without refuse (Yield from 1 raw rib, with refuse, weighing 196g)",128
167896,rib,"rib without refuse (Yield from 1 cooked rib, with refuse, weighing 140g)",86
167896,oz,oz,28.333
167897,rack,rack,138
167898,oz,oz,28.333
167898,chop,"chop, excluding refuse (yield from 1 raw chop, with refuse, weighing 113 g)",82
167899,oz,oz,28.333
167899,chop,chop,159
167900,oz,oz,28.333
167900,roast,roast,638
167901,oz,oz,28.25
167901,chop,chop,210
167902,oz,oz,28.35
167902,oz,oz,28.25
167903,oz,oz,28.333
167904,oz,oz,28.333
167904,chop,"chop, excluding refuse (yield from 1 raw chop, with refuse, weighing 113 g)",76
167905,oz,oz,28.333
167905,roast,roast,402
167906,oz,oz,28.333
167906,piece,"piece, cooked, excluding refuse (yield from 1 lb raw meat with refuse)",261
167907,oz,oz,28.35
167907,lb,lb,453.6
167908,oz,oz,28.333
167908,piece,"piece, cooked, excluding refuse (yield from 1 lb raw meat with refuse)",236
167909,serving,serving,84
167910,oz,oz,28
167911,serving,serving,56
167912,oz,oz,28.333
167912,chop,chop boneless,150
167913,oz,oz,28.333
167913,chop,chop boneless (yield from 189g raw meat),150
167914,oz,oz,28.333
167914,slice,slice cooked,8.1
167915,serving,serving (3 oz),28.333
167915,roast,roast rump,2970
167916,oz,oz,28.333
167917,oz,oz (3 oz),28.333
167917,roast,roast shank,3054
167918,oz,oz (3 oz),28.333
167918,slice,slice,436
167919,oz,oz (3 oz),28.333
167919,roast,roast rump,2673
167920,serving,serving (3 oz),85
167920,roast,roast shank,3170
167921,biscuit,biscuit,34
167922,eclair,"eclair, frozen",59
167923,serving,serving,43
167924,serving,serving,16
167925,cracker,cracker 1 cracker = 6.5g,6.5
167925,sandwich,sandwich,6.5
167926,oz,oz,28.35
167926,pancake,pancake,38
167926,serving,serving (3 pancakes),144
167927,piece,piece,53
167927,oz,oz,28.35
167928,pastry,pastry,51
167929,muffin,muffin small,71
167929,oz,oz,28.35
167930,pie,pie crust,198
167931,pie,pie crust (average weight),202
167932,pie,pie crust (average weight),229
167933,serving,serving,29
167933,cracker,cracker,4.2
167933,triscuit,"Triscuits, regular size",4.833
167934,serving,serving,29
167934,cracker,cracker,1.8
167934,cracker,"crackers, Wheat Thins",1.812
167935,slice,slice (average weight of 1 slice),63
167936,piece,piece,42
167937,slice,slice,39
167937,loaf,loaf,311
167938,piece,piece (1 serving),42
167939,slice,slice presliced,43
167939,slice,slice,59
167940,bun,bun,65
167941,serving,serving,30
167942,serving,serving,14
167943,slice,slice,32
167944,slice,slice,48
167945,piece,piece,57
167946,bar,bar,35
167947,bar,bar,35
167948,oz,oz,28.35
167948,oz,oz,28.5
167949,oz,oz crunchy (about 21 pieces),28.35
167949,oz,oz puffs (about 13 pieces),28.35
167950,oz,oz,28.35
167950,oz,oz,28.5
167950,cup,cup,85
167951,bar,bar (1 oz),28
167952,oz,oz,28.35
167952,bar,bar,24
167953,cup,cup,334
167953,cup,cup,336
167954,bar,bar (1 oz),28
167955,bar,bar (1 oz),28
167956,tbsp,tablespoon,17
167957,serving,serving,20
167958,oz,oz,28.35
167958,oz,oz,28.5
167959,cup,cup,8
167959,oz,oz,28.35
167960,cup,cup,11
167960,oz,oz,28.35
167961,oz,oz,28.35
167961,oz,oz,28.4
167962,oz,oz,28.35
167962,bag,bag (7 oz),198
167963,oz,oz,28.35
167963,bag,bag (7 oz),198
167964,oz,oz,28.35
167964,piece,pieces,3
167965,oz,oz,28.35
167965,oz,oz,28.5
167966,cake,cake,9
167966,cake,cakes,9
167967,cake,cake,9
167967,cake,cakes,9
167968,cup,cup,140
167968,oz,oz,28.35
167968,oz,oz,28
167969,cup,cup,146
167969,oz,oz,28.35
167969,oz,oz,28
167970,oz,oz,28.35
167970,bag,bag (8 oz),227
167971,serving,serving 6 pieces,40
167971,piece,piece,6.6
167972,oz,oz,28.35
167972,piece,pieces,5.333
167973,oz,oz,28.35
167973,bar,bar (3 oz),87
167974,package,package (2.5 oz),71
167974,piece,piece,10.1
167975,bar,bar 1.25 oz,35
167975,bar,bar 1.6 oz,45
167975,block,blocks,7.167
167976,serving,serving,14.5
167976,cup,cup large chips,182
167976,cup,cup mini chips,173
167976,oz,oz (approx 60 pcs),28.35
167976,cup,cup chips (6 oz package),168
167977,oz,oz,28.35
167977,bar,bar (1.45 oz),41
167978,patty,"patty, large",43
167978,patty,"patty, small",11
167979,piece,pieces,3.154
167980,cup,cup chips,170
167980,oz,oz,28.35
167981,cup,cup (4 fl oz),172
167982,patty,patty 1.5 oz,43
167983,piece,pieces,1.481
167984,bar,bar 1.5 oz,42
167984,bar,bar 2.4 oz,68
167985,bar,bar 2 oz,56
167985,bar,bar snack size,16
167986,oz,oz,28.35
167987,piece,piece,17
167988,oz,oz,28.35
167989,cup,cup gumdrops,182
167989,gumdrop,gumdrops,3.6
167989,gummy,gummy bears,2.2
167989,gummy,gummy dinosaurs,6.3
167989,gummy,gummy fish,5
167989,gummy,gummy worms,7.4
167989,spice,spice stick,9.5
167989,spice,spice drop,24
167989,gumdrop,"gumdrop, small (1/2"" dia)",3.2
167989,gumdrop,"gumdrop, medium (3/4"" dia)",4.2
167989,gumdrop,"gumdrop, large (1"" dia)",11.6
167989,jelly,"jelly ring (1-1/4"" dia)",10
167990,oz,oz,28.35
167990,piece,piece,6
167990,piece,"piece, small",3
167991,small,small,1.1
167991,large,large (1 oz),2.8
167992,bar,bar (1.5 oz),42
167992,bar,"bar, miniature (.35 oz)",10
167992,bar,bar (1.625 oz),46
167992,bar,bar (2.8 oz),78
167992,bar,bar (3.375 oz),96
167993,bar,bar 1.45 oz,41
167993,bar,bar 2 oz,56
167993,block,blocks,12.333
167994,bar,bar (1.76 oz),50
167995,cup,cup of miniature,50
167995,miniature,miniatures,0.7
167995,regular,regular,7.2
167996,oz,oz,28.35
167997,bar,bar 2 oz,57
167997,serving,serving fun size bar,26
167998,cup,cup From 19211,284
167999,tablet,tablet,20
168000,serving,serving 2 TBSP,37
168001,cup,cup,149
168001,piece,pieces,4
168002,cooky,cookies,10
168003,cooky,cookies,7.667
168004,cracker,crackers,2.467
168005,goldfish,goldfish,0.52
168006,goldfish,goldfish,0.53
168007,cooky,cookies,14.667
168008,roll,roll,78
168010,roll,roll,36
168011,waffle,waffle,47
168011,box,box,255
168012,cracker,crackers,2.8
168013,oz,oz,28.35
168013,slice,slice regular,26
168013,slice,slice large,41
168014,oz,oz,28.35
168014,arrowroot,Arrowroot biscuit (include Arrowroot cookie),4.9
168014,cracker,cracker,2.5
168014,individual,individual box (2 oz),57
168015,oz,oz,28.333
168016,oz,oz,28.333
168088,tbsp,tbsp,20
168088,tsp,tsp,6.7
168089,cup,"cup, shredded",113
168089,cubic,cubic inch,18
168092,cup,cup pieces,138
168092,cubic,cubic inch,20
168093,tbsp,tbsp,13.4
168093,fl oz,fl oz,26
168094,tbsp,tbsp,14.6
168094,cup,cup,231
168095,oz,oz,28.35
168096,tbsp,tbsp,14
168096,cup,cup,216
168097,fl oz,fl oz,30
168097,cup,cup,242
168098,cup,"cup, diced",132
168098,cup,"cup, shredded",113
168098,cubic,cubic inch,17
168098,slice,slice (1 oz),28
168099,tbsp,tbsp,17
168099,cup,cup,264
168100,tbsp,tbsp,15
168100,cup,cup,234
168101,slice,slice,28
168101,cubic,cubic inch,14
168101,slice,"slice, medium",28
168101,slice,"slice, thick",43
168101,slice,"slice, thin",14
168102,cookie,cookie 2011 label,25.5
168103,cup,cup,186
168104,cup,cup,174
168105,cup,cup,174
168107,cubic,cubic inch,4.2
168108,serving,serving 1.31 oz bag,37
168108,serving,serving about 1/4 cup,42
168108,cup,cup,195
168108,piece,piece,3.4
168109,tbsp,tbsp,17
168109,cup,cup,269
168110,oz,"oz, boneless",28.333
168110,cubic,"cubic inch, boneless",17
168111,oz,oz,28.333
168111,lb,lb,453
168112,tbsp,tbsp,14.5
168112,cup,cup,232
168113,fl oz,fl oz,29.8
168113,bar,bar,74
168114,oz,oz,28.25
168114,cup,cup,226
168115,tbsp,tbsp,14
168115,cup,cup,224
168116,cup,cup,26
168116,bag,"bag, single serving",28
168116,chip,chips,1.8
168117,cup,cup,253
168117,fl oz,fl oz,31.6
168118,cup,cup pieces,138
168118,slice,"slice, medium",28
168118,slice,"slice, thick",43
168118,slice,"slice, thin",14
168119,cup,cup,144
168120,oz,"oz, boneless",28.333
168120,medium,"medium slice (approx 3"" x 2"" x 1/4"")",28
168120,thick,"thick slice (approx 3"" x 2"" x 3/8"")",42
168121,cup,"cup, diced",140
168121,cup,"cup, shredded",113
168121,cubic,cubic inch,18
168121,slice,slice,21
168122,tsp,tsp dry,1.7
168123,cup,cup (8 fl oz),240
168123,fl oz,fl oz,30
168124,slice,slice,28
168124,cubic,cubic inch,15
168124,cup,"cup, shredded",108
168124,cup,"cup, diced",132
168126,medium,"medium (2-1/2"" dia)",36
168126,roll,"roll (pan, dinner, or small roll) (2"" square, 2"" high)",28
168127,cup,"cup, crushed",88
168127,bag,"bag, single serving",28
168127,chip,chips,1.8
168128,cup,cup,253
168129,cup,cup,58
168130,bar,bar,54
168131,frankfurter,frankfurter,57
168131,cup,"cup, sliced",151
168132,serving,serving 1.75 fl oz pop,55
168136,cup,cup,148
168136,cubic,cubic inch,10.2
168137,cup,"cup, crushed",63
168137,chip,chips,1.6
168138,cup,cup (1 NLEA serving),40
168139,oz,oz,28.35
168141,slice,slice (1 oz),28
168141,cubic,cubic inch,15
168141,cup,"cup, shredded",108
168141,cup,"cup, diced",132
168142,serving,serving,0.1
168143,serving,serving,9.9
168143,package,"package 1.4 oz box, 4 servings",40
168145,tbsp,tbsp,19
168145,cup,cup,300
168146,serving,serving,8
168146,package,package 4 servings,32
168148,leg,leg,45
168149,piece,"piece (5-1/2"" x 1-1/2"" x 1/2"")",80
168149,cubic,"cubic inch, boneless",17
168149,cup,"cup, cooked",136
168150,cup,cup,135
168150,fruit,fruit,3
168153,cup,"cup, sliced",180
168153,fruit,"fruit (2"" dia)",69
168153,nlea,NLEA serving,148
168154,fruit,fruit without refuse,19
168155,fruit,"fruit (2"" dia)",67
168155,nlea,NLEA serving,67
168156,cup,cup,242
168156,fl oz,fl oz,30.8
168156,lime,lime yields,44
168157,cup,cup,246
168157,fl oz,fl oz,30.8
168158,cup,cup,160
168159,cup,cup,234
168159,prune,prunes with liquid,17.2
168160,cup,cup,132
168161,cup,cup,280
168162,cup,"cup, pitted",174
168162,prune,"prune, pitted",9.5
168163,fruit,fruit without refuse,92
168164,cup,"cup, packed",165
168164,cup,cup (not packed),145
168165,cup,"cup, packed",165
168165,cup,cup (not packed),145
168165,miniature,miniature box (.5 oz),14
168165,small,small box (1.5 oz),43
168165,raisin,raisins,0.52
168165,oz,oz (60 raisins),28.35
168166,cup,"cup, packed",165
168166,cup,cup (not packed),145
168167,cup,"cup, drained",150
168167,cup,cup,214
168167,fruit,fruit,9
168168,cup,"cup, diced",137
168169,cup,cup,240
168170,cup,"cup, without refuse",57
168172,cup,cup,254
168173,cup,"cup, thawed",221
168173,cup,"cup, unthawed",149
168173,berry,berry,10.6
168173,package,package (20 oz),567
168174,cup,"cup, thawed",255
168174,package,package (10 oz),284
168175,cup,"cup, pulp",250
168175,fruit,"fruit (2-7/8"" dia)",155
168176,cup,"cup, pureed",243
168176,fruit,fruit without peel,42
168176,cup,"cup 1/2"" chunks",205
168177,fruit,"fruit 2-1/4"" high x 2-1/2"" dia",122
168177,fruit,"fruit 3-3/8"" high x 3"" diameter",275
168178,cup,cup,214
168179,cup,cup,244
168180,cup,cup,319
168181,cup,cup,222
168181,half,half,73
168181,slice,slice,12.7
168182,cup,cup,201
168182,half,half,48
168183,cup,"cup, with pits, yields",183
168184,cup,cup,189
168185,cup,cup,220
168186,cup,cup,250
168186,fl oz,fl oz,31.2
168187,cup,cup,250
168187,fl oz,fl oz,31.3
168188,can,can (6 fl oz),211
168189,cup,cup,251
168189,fl oz,fl oz,30.75
168190,cup,"cup, drained",178
168191,date,"date, pitted",24
168192,cup,"cup, chopped or diced",243
168192,fruit,fruit,602
168193,cup,"cup, chunks",165
168193,slice,"slice (4-2/3"" dia x 3/4"" thick)",175
168193,fruit,fruit,1002
168193,nlea,NLEA serving,112
168194,cup,"cup, chunks",165
168194,slice,"slice (4-2/3"" dia x 3/4"" thick)",166
168194,fruit,fruit,905
168194,nlea,NLEA serving,112
168195,fruit,fruit,74
168196,cup,cup,251
168197,fl oz,fl oz,31.25
168198,fl oz,fl oz,31.25
168199,cup,cup,118
168199,slice,"slices (1/4"" thick)",5.3
168200,cup,cup,169
168201,cup,"cup, sliced",109
168201,large,large,260
168201,medium,medium,212
168201,small,small,158
168202,cup,"cup, sliced",109
168202,large,large,215
168202,medium,medium,169
168202,small,small,129
168203,cup,"cup, sliced",109
168203,large,large,206
168203,medium,medium,167
168203,small,small,144
168204,cup,"cup, sliced",109
168204,large,large,200
168204,medium,medium,172
168204,small,small,157
168205,cup,cup,250
168205,fl oz,fl oz,31.3
168206,fl oz,fl oz,30
168207,cup,cup,253
168207,fl oz,fl oz,31.6
168208,cup,cup,227
168209,cup,"cup, unthawed",140
168210,fl oz,fl oz,29.646
168211,fruit,fruit,81
168212,fl oz,fl oz,29.63
168212,fl oz,fl oz,30
168213,cup,cup,233
168214,cup,cup,228
168215,plantain,plantain,267
168216,cup,cup,137
168218,oz,oz,28.333
168219,oz,oz,28.35
168219,lb,lb,453.6
168220,oz,oz,28.25
168220,lb,lb,453.6
168221,oz,oz,28.333
168221,oz,oz,28.35
168222,oz,oz,28.25
168222,lb,lb,453.6
168223,cup,"cup, diced",135
168223,oz,oz,28.333
168224,oz,oz,28.25
168224,lb,lb,453.6
168225,cup,"cup, diced",135
168225,oz,oz,28.333
168226,oz,oz,28.25
168226,lb,lb,453.6
168226,roast,roast,3868
168227,oz,oz,28.333
168227,roast,roast,2900
168228,oz,oz,28.25
168228,lb,lb,453.6
168228,roast,roast,3868
168229,oz,oz,28.333
168229,roast,roast,2900
168230,oz,oz,28.25
168230,chop,"chop, excluding refuse (yield from 1 raw chop, with refuse, weighing 151 g)",106
168231,oz,oz,28.333
168231,chop,"chop, excluding refuse (yield from 1 raw chop, with refuse, weighing 151 g)",80
168232,oz,oz,28.333
168232,chop,"chop, excluding refuse (yield from 1 raw chop, with refuse, weighing 151 g)",79
168233,oz,oz,28.333
168233,chop,"chop, excluding refuse (yield from 1 raw chop, with refuse, weighing 151 g)",81
168234,oz,oz,28.25
168234,chop,chop,263
168235,oz,oz,28.333
168235,chop,chop,206
168236,oz,oz,28.333
168236,chop,chop,219
168237,oz,oz,28.333
168237,roast,roast,830
168238,oz,oz,28.25
168238,chop,"chop without refuse (Yield from 1 raw chop, with refuse, weighing 259g)",199
168239,oz,oz,28.333
168239,chop,chop,187
168240,chop,"chop without refuse (Yield from 1 cooked chop, with refuse, weighing 209g)",146
168240,oz,oz,28.333
168241,oz,oz,28.333
168241,roast,roast,900
168242,oz,oz,28.25
168242,chop,"chop without refuse (Yield from 1 raw chop, with refuse, weighing 201g)",133
168242,lb,lb,453.6
168243,oz,oz,28.333
168243,chop,chop,187
168244,oz,oz,28.333
168244,chop,"chop, excluding refuse (yield from 1 raw chop, with refuse, weighing 151 g)",67
168245,oz,oz,28.333
168245,roast,roast,783
168246,oz,oz,28.25
168246,lb,lb,453.6
168246,roast,"roast without refuse (Yield from 1 raw roast, with refuse, weighing 1817g)",1327
168247,oz,oz,28.333
168247,chop,chop,195
168248,oz,"oz (Yield from 1 cooked roast, with refuse, weighing 1515g)",28.333
168248,roast,roast without refuse,985
168249,oz,oz,28.25
168249,lb,lb,453.6
168249,roast,roast,505
168250,oz,oz,28.333
168250,piece,"piece, cooked, excluding refuse (yield from 1 lb raw meat with refuse)",333
168250,roast,roast,402
168251,oz,oz,28.25
168251,chop,chop,185
168251,lb,lb,453.6
168252,chop,chop,135
168253,chop,chop,145
168254,oz,oz,28.333
168255,oz,oz,28.25
168255,roast,roast,2745
168256,oz,oz,28.333
168256,roast,roast,2252
168257,cup,"cup, diced",135
168257,oz,oz,28.333
168258,oz,oz,28.25
168258,roast,roast,2745
168259,oz,oz,28.333
168259,piece,"piece, cooked, excluding refuse (yield from 1 lb raw meat with refuse)",262
168260,oz,oz,28.25
168260,steak,"steak without refuse (Yield from 1 raw steak, with refuse, weighing 379g)",258
168261,oz,oz,28.333
168261,steak,steak,249
168262,oz,oz,28.333
168262,steak,"steak, excluding refuse (yield from 1 raw steak, with refuse, weighing 300 g)",147
168263,oz,oz,28.25
168263,chop,chop,170
168264,oz,oz,28.35
168264,oz,oz,28.25
168265,oz,oz,28.333
168266,oz,oz,28.25
168267,oz,oz,28.35
168267,heart,heart,226
168268,cup,cup,145
168268,heart,heart,129
168269,oz,oz,28.35
168269,oz,oz,28.25
168270,oz,oz,28.25
168270,kidney,kidney,233
168271,oz,oz,28.333
168272,oz,oz,28.35
168272,lb,lb,453.6
168273,oz,oz,28.35
168273,oz,oz,28.25
168274,oz,oz,28.333
168275,oz,oz,28.35
168275,oz,oz,28.25
168276,oz,oz,28.333
168276,piece,"piece, cooked, excluding refuse (yield from 1 lb raw meat with refuse)",231
168277,oz,oz,28.25
168277,slice,slice raw,28
168277,package,package,442
168278,oz,oz,28.333
168278,slice,slices,22.667
168278,package,package (12 oz),340
168279,oz,oz,28.333
168279,cup,cup,140
168280,cup,cup,140
168280,oz,oz,28.333
168281,cup,cup,140
168281,oz,oz,28.333
168282,oz,oz,28.35
168282,oz,oz,28.25
168283,oz,oz,28.35
168283,oz,oz,28.25
168284,cup,cup,140
168284,oz,oz,28.333
168285,oz,oz,28.333
168285,chop,chop,137
168286,oz,oz,28.25
168286,chop,chop,170
168287,oz,oz,28.25
168287,oz,oz,28.375
168288,oz,oz,28.35
168288,oz,oz,28.25
168289,oz,oz,28.333
168289,piece,"piece, cooked (yield from 1 lb unheated product)",376
168290,oz,oz,28.333
168291,oz,oz,28.35
168291,oz,oz,28.25
168292,oz,oz,28.333
168292,chop,chop,172
168293,oz,oz,28.333
168293,chop,chop,169
168294,chop,chop,142
168294,oz,oz,28.333
168295,oz,oz,28.333
168295,cup,cup,140
168295,slice,"slice (6-1/4"" x 4"" x 1/16"") (1 oz)",28
168296,cup,cup,140
168296,oz,oz,28.333
168297,oz,oz,28.333
168297,piece,"piece, cooked, excluding refuse (yield from 1 lb raw meat with refuse)",247
168298,oz,oz,28.333
168298,chop,chop,137
168299,oz,oz,28.25
168300,oz,oz,28.333
168301,oz,oz,28.333
168301,piece,"piece, cooked, excluding refuse (yield from 1 lb raw meat with refuse)",317
168302,oz,oz,28.25
168302,chop,"chop, excluding refuse (yield from 1 raw chop, with refuse, weighing 113 g)",88
168303,oz,oz,28.333
168303,chop,"chop, excluding refuse (yield from 1 raw chop, with refuse, weighing 113 g)",72
168304,oz,oz,28.333
168304,chop,"chop, excluding refuse (yield from 1 raw chop, with refuse, weighing 113 g)",71
168305,oz,oz,28.25
168305,rib,rib,197
168306,rib,"rib without refuse (yield from 1 cooked rib, with refuse, weighing 141g)",80
168306,oz,oz,28.333
168307,rack,rack,138
168308,oz,oz,28.25
168308,chop,chop,210
168309,oz,oz,28.333
168309,chop,chop,161
168310,oz,oz,28.333
168310,chop,chop,159
168311,oz,oz,28.333
168311,roast,roast,638
168312,oz,oz,28.25
168312,roast,"roast (Yield from 1 raw roast, with refuse, weighing 504g)",505
168313,oz,oz,28.333
168313,chop,"chop, excluding refuse (yield from 1 raw chop, with refuse, weighing 113 g)",73
168314,oz,oz,28.25
168314,roast,roast,2195
168315,oz,oz,28.25
168315,roast,roast,2195
168316,oz,oz,28.35
168316,lb,lb,453.6
168317,oz,oz,28
168318,oz,oz,28
168318,serving,serving,112
168318,oz,oz,28
168319,oz,oz,28.35
168319,serving,serving,112
168319,oz,oz,28
168320,oz,oz,28
168320,serving,serving,112
168320,oz,oz,28
168321,slice,slice cooked,9.1
168322,oz,oz,28.333
168322,slice,slice,11.5
168323,oz,oz,28.333
168324,oz,oz,28.333
168325,oz,oz (3 oz),28.333
168325,slice,slice,446
168326,oz,oz (3 oz),28.333
168326,slice,slice,138
168327,oz,oz,28.333
168327,serving,serving (3 oz),85
168327,roast,roast,1995
168328,oz,oz,28.333
168329,oz,oz (3 oz),28.333
168329,slice,slice,189
168330,oz,oz (3 oz),28.333
168330,slice,slice,445
168331,oz,oz,28.333
168331,slice,slice,145
168331,roast,roast,920
168331,serving,serving (3 oz),85
168332,oz,oz (3 oz),28.333
168332,roast,roast rump,2533
168333,oz,oz (3 oz),28.333
168333,slice,slice,277
168334,oz,oz (3 oz),28.333
168334,roast,roast,1497
168335,oz,oz,28.333
168335,lb,lb,453.6
168336,oz,oz,28.333
168337,oz,oz,28.333
168338,oz,oz,28.333
168339,oz,oz,28.333
168339,slice,slice,430
168340,oz,oz spiral slice,28.333
168340,lb,lb spiral slice,453.6
168341,oz,oz spiral slice,28.333
168341,lb,lb spiral slice,453.6
168342,oz,oz,28.333
168343,oz,oz shank,28.333
168343,lb,lb shank,453.6
168344,oz,oz rump,28.333
168344,lb,lb rump,453.6
168345,oz,oz whole,28.333
168345,lb,lb whole,453.6
168346,oz,oz,28.333
168346,lb,lb,453.6
168347,oz,oz,28.333
168347,lb,lb,453.6
168348,oz,oz,28.333
168348,lb,lb,453.6
168349,oz,oz (3 oz),28.333
168349,roast,roast,1867
168350,oz,oz (3 oz),28.333
168350,roast,roast rump,2533
168351,oz,oz (3 oz),28.333
168351,roast,roast shank,3204
168352,oz,oz (3 oz),28.333
168352,slice,slice,446
168353,oz,oz (3 oz),28.333
168353,slice,slice,277
168354,slice,slice,145
168354,roast,roast,920
168354,oz,oz (3 oz),28.333
168355,oz,oz (3 oz),28.333
168355,roast,roast,1497
168356,oz,oz (3 oz),28.333
168356,roast,roast rump,2874
168357,oz,oz (3 oz),28.333
168357,roast,roast shank,2800
168358,oz,oz,28.333
168358,lb,lb,453.6
168359,oz,oz (3 oz),28.333
168359,slice,slice,366
168360,oz,oz (3 oz),28.333
168360,slice,slice,425
168361,oz,oz,28.25
168362,oz,oz,28.333
168363,oz,oz,28.25
168364,oz,oz,28.333
168364,chop,chop,107
168365,oz,oz,28.25
168365,steak,steak,393
168366,oz,oz,28.333
168366,steak,steak,264
168367,oz,oz,28.333
168368,oz,oz,28.333
168368,piece,piece,194
168369,piece,piece,105
168370,oz,oz,28.333
168370,piece,piece,609
168371,oz,oz,28.333
168371,piece,piece,765
168372,oz,oz,28.25
168373,oz,oz grilled patties,28.333
168374,oz,oz grilled patties,28.333
168375,oz,oz grilled patties,28.333
168376,oz,oz,28.25
168376,rib,ribs,1071
168377,oz,oz,28.333
168377,rib,ribs,878
168378,oz,oz,28.333
168378,rack,rack,122
168379,oz,oz,28.333
168379,rack,rack,138
168380,oz,oz,28.333
168380,chop,chop,131
168381,oz,oz,28.25
168381,chop,chop,176
168382,slice,slice,26
168382,package,package,446
168383,slice,slice,13.8
168384,cup,cup,33
168384,tbsp,tbsp,3
168385,cup,cup,28
168385,leaf,leaf,14
168386,artichoke,"artichoke, medium",120
168386,cup,cup hearts,168
168387,package,package,254.545
168387,package,package (9 oz),255
168388,cup,cup,168
168388,package,"package (9 oz), yields",240
168388,package,package (9 oz) yields,242.424
168389,cup,cup,134
168389,spear,"spear, small (5"" long or less)",12
168389,spear,"spear, medium (5-1/4"" to 7"" long)",16
168389,spear,"spear, large (7-1/4"" to 8-1/2"")",20
168389,spear,"spear, extra large (8-3/4"" to 10"" long)",24
168389,spear,"spear tip (2"" long or less)",3.5
168390,cup,cup,180
168390,spear,"spears (1/2"" base)",15
168391,leaf,leaf,4
168391,cup,cup,48
168392,cup,cup,58
168393,cup,"cup (1/2"" pieces)",93
168393,balsam,balsam-pear,124
168394,cup,"cup (1/2"" pieces)",124
168394,cup,"cup (1/2"" pieces)",124
168396,cup,cup,156
168397,cup,"cup drained, rinsed",150
168397,can,"can drained, rinsed",266
168398,cup,cup,136
168398,package,package,284
168399,cup,cup,165
168399,package,package (10 oz) yields,284
168400,cup,cup kernels,165
168400,ear,"ear, yields",125
168401,cup,cup kernels,165
168401,ear,"ear, yields",63
168402,cup,cup,165
168403,cup,cup,160
168403,package,package (10 oz),284
168404,cup,cup,170
168405,cup,cup,94
168405,pod,pod,12
168406,cup,"cup, chopped",53
168407,cup,cup,50
168407,sprig,sprig,1
168408,cup,cup,135
168408,cup,cup,136
168409,cup,cup slices,104
168409,cucumber,"cucumber (8-1/4"")",301
168410,cup,cup,118
168410,package,package,432
168411,cup,cup,155
168412,cup,"cup, chopped",50
168412,head,head,513
168413,cup,cup,150
168414,cup,"cup (1"" pieces)",95
168414,gourd,gourd,178
168415,cup,"cup (1"" pieces)",178
168415,cup,"cup (1"" slices)",178
168416,cup,"cup, chopped",21
168417,cup,"cup, chopped",42
168418,cup,cup,24
168419,cup,cup,28
168420,cup,cup,87
168421,cup,cup,21
168422,cup,cup,54
168422,piece,piece,5.4
168423,cup,cup,66
168423,piece,piece,12.9
168424,cup,cup,135
168424,slice,slice,16
168425,cup,cup slices,165
168426,leek,leek,124
168426,cup,"cup, chopped or diced",104
168427,cup,cup,77
168429,cup,"cup, shredded or chopped",55
168429,head,"head (5"" dia)",163
168429,leaf,"leaf, large",15
168429,leaf,"leaf, medium",7.5
168429,leaf,leaf,5
168430,cup,cup,120
168430,slice,"slices (2-1/2"" dia)",8.9
168431,cup,cup shredded,28
168431,leaf,leaf inner,2.6
168431,leaf,leaf outer,17
168431,head,head,309
168431,nlea,NLEA serving,85
168432,cup,"cup, cubes",136
168432,yam,yam,420
168433,cup,"cup, cubes",145
168434,cup,cup whole,87
168434,cup,cup sliced,72
168434,piece,piece whole,20
168435,cup,cup whole,89
168435,cup,cup sliced,97
168435,piece,piece whole,19
168436,mushroom,mushroom,3.6
168436,mushroom,mushrooms,3.75
168437,cup,cup pieces,145
168437,mushroom,mushrooms,18
168438,cup,"cup, chopped",150
168439,cup,"cup, chopped",180
168440,cup,"cup, chopped",56
168441,cup,"cup, chopped",180
168442,strip,strip,8.9
168442,package,package (9 oz),255
168444,strip,strip,15.3
168445,strip,strip,13.3
168446,cup,cup,160
168447,cup,cup,71
168448,cup,"cup (1"" cubes)",116
168449,cup,"cup, mashed",245
168450,cup,cup,245
168451,cup,cup slices,116
168451,radish,"radish (7"" long)",338
168452,cup,"cup, sliced",147
168453,cup,cup,116
168454,cup,"cup, cubes",140
168454,large,large,772
168454,medium,medium,386
168454,small,small,192
168455,cup,"cup, cubes",170
168455,cup,"cup, mashed",240
168456,tbsp,tbsp (1/8 cup),5
168457,tbsp,tbsp (1/8 cup),5
168458,sheet,sheets,2.6
168458,tbsp,tbsp (1/8 cup),5
168459,flower,flower,3
168459,cup,cup flowers,20
168460,cup,cup,94
168462,cup,cup,30
168462,bunch,bunch,340
168462,leaf,leaf,10
168462,package,package (10 oz),284
168463,cup,cup,180
168464,cup,cup sliced,127
168465,cup,"cup, sliced",180
168465,cup,cup slices,180
168466,cup,"cup, diced",210
168466,cup,"cup, mashed",240
168466,cup,cup slices,216
168466,slice,slice,8
168466,can,can (303 x 406),241
168467,cup,cup slices,130
168468,cup,cup slices,192
168469,package,package (10 oz),287.879
168469,package,package (10 oz),284
168469,package,package (3 lb),1361
168470,cup,cup,223
168471,cup,cup,227
168472,cup,"cup, cubes",140
168472,squash,squash (4 inch dia),431
168473,package,package (12 oz),342.424
168473,package,package (12 oz),340
168473,package,package (4 lb),1814
168474,cup,"cup, mashed",240
168475,cup,"cup, cubes",116
168476,cup,"cup, cubes",205
168477,cup,cup,192
168478,cup,cup,266
168479,cup,cup,255
168480,cup,cup,156
168480,package,package (10 oz),284
168481,cup,cup,170
168482,cup,"cup, cubes",133
168482,sweetpotato,"sweetpotato, 5"" long",130
168483,cup,cup,200
168483,large,large,180
168483,medium,"medium (2"" dia, 5"" long, raw)",114
168483,small,small,60
168484,cup,"cup, mashed",328
168484,medium,medium,151
168485,cup,"cup, mashed",255
168485,cup,cup pieces,200
168486,cup,"cup, sliced",132
168487,cup,cup,28
168487,leaf,"leaf (11"" x 6-1/2"")",10
168488,cup,cup,145
168489,cup,cup slices,86
168489,shoot,shoot,83
168490,cup,"cup, sliced",120
168490,root,root,33
168491,cup,"cup, chopped",51
168491,leaf,leaf,18
168492,cup,cup,132
168493,corm,"corm, medium",12
168494,cup,cup,180
168494,package,package (10 oz) yields,293
168494,spear,spears,15
168495,cup,cup,58
168496,cup,"cup (1/2"" pieces)",124
168497,cup,"cup (1/2"" slices)",120
168497,shoot,shoot,144
168498,cup,cup,170
168498,package,package (10 oz) yields,311
168499,cup,cup,124
168501,package,package (10 oz) yields,284.848
168501,package,package (10 oz) yields,284
168502,cup,cup,240
168502,can,can (303 x 406),439
168503,cup,cup,240
168503,can,can (303 x 406),439
168504,cup,cup,240
168504,can,can (303 x 406),439
168505,cup,cup,153
168505,bean,beans,6.2
168505,can,can (303 x 406),262
168506,cup,cup slices,170
168506,beet,"beets (2"" dia, sphere)",50
168507,cup,cup,246
168508,cup,"cup (1"" pieces)",144
168510,cup,"cup, chopped",156
168510,stalk,"stalk, large (11""-12"" long)",280
168510,stalk,"stalk, medium (7-1/2"" - 8"" long)",180
168510,stalk,"stalk, small (5"" long)",140
168510,spear,"spear (about 5"" long)",37
168511,cup,cup,184
168512,cup,cup,184
168512,package,package (10 oz) yields,250
168513,sprout,sprout,21
168513,cup,cup,156
168514,cup,"cup, shredded",150
168514,head,head,1262
168515,leaf,leaf,22
168515,cup,"cup, shredded",150
168516,cup,"cup, shredded",145
168517,cup,"cup, shredded",170
168518,cup,"cup, sliced",146
168518,cup,"cup, mashed",228
168518,slice,slice,2.8
168518,can,can (303 x 406),284
168519,cup,cup slices,146
168520,cup,"cup (1"" pieces)",124
168520,floweret,flowerets,18
168521,cup,"cup (1"" pieces)",180
168522,cup,"cup (1"" pieces)",100
168523,cup,"cup, chopped",190
168524,cup,"cup, chopped",170
168525,ear,"ear small (5-1/2"" to 6-1/2"" long)",89
168525,ear,"ear medium (6-3/4"" to 7-1/2"" long)",103
168525,ear,"ear large (7-3/4"" to 9"" long)",118
168525,cup,cup,149
168525,baby,baby ear,8
168525,ear,"ear, yields",77
168526,cup,cup,165
168527,cup,cup,170
168528,cup,cup,95
168529,cup,"cup, chopped",53
168530,cup,"cup (1"" pieces)",178
168530,cup,"cup (1"" slices)",178
168531,cup,"cup, chopped",42
168532,cup,cup slices,118
168533,cup,cup,87
168534,cup,"cup, chopped",180
168535,leek,leek,124
168535,cup,"cup, chopped",104
168536,cup,cup,120
168536,slice,"slices (2-1/2"" dia)",8.9
168537,cup,cup pieces,156
168537,tbsp,tbsp,9.8
168537,mushroom,mushroom,12
168538,ear,"ear, small (5-1/2"" to 6-1/2"" long)",73
168538,ear,"ear, medium (6-3/4"" to 7-1/2"" long)",90
168538,ear,"ear, large (7-3/4"" to 9"" long)",143
168538,cup,cup kernels,154
168539,ear,"ear, small (5-1/2"" to 6-1/2"" long)",89
168539,ear,"ear, medium (6-3/4"" to 7-1/2"" long)",103
168539,ear,"ear, large (7-3/4"" to 9"" long)",116
168539,cup,cup cut,157
168539,ear,"ear, yields",77
168540,ear,"ear, small (5-1/2"" to 6-1/2"" long)",89
168540,ear,"ear, medium (6-3/4"" to 7-1/2"" long)",103
168540,ear,"ear, large (7-3/4"" to 9"" long)",118
168540,cup,cup cut,157
168540,ear,"ear, yields",77
168541,cup,cup,256
168541,can,can (303 x 406),482
168542,cup,cup,210
168542,can,can (303 x 406),340
168543,cup,cup,210
168543,can,can (303 x 406),340
168544,cup,cup,165
168544,package,package (10 oz),284
168545,cup,cup,165
168545,package,package (10 oz) yields,284
168546,cup,"cup, halves",140
168546,cup,"cup, halves",140
168547,package,package (10 oz),287.879
168547,package,package (10 oz),284
168548,cup,"cup, chopped or strips",135
168548,tbsp,"tablespoon, chopped",11.6
168549,cup,"cup, chopped or strips",135
168549,tbsp,"tablespoon, chopped",11.6
168550,cup,cup chopped,106
168552,cup,"cup, cubes",145
168553,frond,"frond (6-1/2"" long)",31
168553,cup,"cup, chopped or diced",142
168554,cup,cup,210
168555,cup,cup,210
168556,tbsp,tbsp,17
168556,packet,packet,9
168556,cup,cup,240
168557,cup,cup whole,87
168557,cup,cup sliced,72
168557,piece,piece whole,20
168558,spear,"spear, small",35
168558,slice,slice,7
168558,large,"large (4"" long)",135
168558,cup,"cup, chopped or diced",143
168558,cup,cup (about 23 slices),155
168559,tbsp,tbsp,12
168559,cup,cup,192
168559,slice,slice,1
168559,pimiento,"pimiento, whole",66
168560,tbsp,tbsp,15
168560,cup,cup,244
168561,tbsp,tbsp,15
168561,packet,packet (2/3 tbsp),10
168561,cup,cup,245
168562,cup,"cup, chopped or diced",143
168562,cup,cup (about 23 slices),155
168562,large,"large (4"" long)",135
168562,medium,"medium (3-3/4"" long)",65
168562,slice,slice,6
168562,small,small,37
168562,spear,spear,30
168563,spear,"spear, small",35
168563,slice,slice,7
168563,large,"large (4"" long)",135
168563,cup,"cup, chopped or diced",143
168563,cup,"cup, (about 23 slices)",155
168564,cup,"cup, shredded",40
168564,leaf,leaf,8
168565,large,large,16
168565,medium,medium,11
168566,medium,medium,34
168566,cup,"cup, chopped or diced",132
168567,cup,cup,54
168567,piece,piece,2
168568,large,large,15
168568,medium,medium,10
168568,nlea,NLEA serving,85
168569,cup,cup,146
168569,piece,piece,33
168570,cup,cup,37
168570,pepper,pepper,0.5
168571,cup,"cup, sliced",86
168572,cup,cup,109
168573,cup,cup,67
168573,tbsp,tbsp,4.8
168574,cup,cup,126
168574,pod,pod,6.1
168575,cup,cup,14
168575,leaf,leaf,3
168576,cup,"cup, sliced",90
168576,pepper,pepper,14
168577,cup,cup,139
168578,pepper,pepper,27
168579,pepper,pepper,7
168580,large,large,148
168580,small,small,15
168580,cup,cup sliced,86
168581,cup,cup,28
168581,piece,piece,4.5
168582,cup,cup,182
168582,piece,piece,5.5
168583,cup,"cup, sliced",130
168583,root,root,169
168585,oz,oz,28.35
168586,cup,"cup, shredded",93
168586,package,package (7 oz),199
168587,cup,cup,74
168587,oz,oz,28.35
168588,tbsp,tbsp,16
168588,cup,cup,250
168589,oz,oz,28.35
168590,oz,oz,28.35
168591,oz,oz,28.35
168592,cup,cup whole kernels,144
168592,oz,oz,28.35
168593,cup,cup,135
168593,oz,oz,28.35
168594,cup,cup,134
168594,oz,oz,28.35
168595,tbsp,tbsp,16
168595,oz,oz,28.35
168596,cup,cup whole kernels,138
168596,oz,oz (22 whole kernels),28.35
168597,tbsp,tbsp,16
168597,oz,oz,28.35
168598,cup,"cup, whole or halves",132
168598,oz,oz (10-12 kernels),28.35
168599,cup,cup,137
168599,oz,oz,28.35
168600,cup,cup,134
168600,oz,oz,28.35
168600,nut,"nuts, assorted",1.4
168601,cup,cup,64
168601,oz,oz (85 seeds),28.35
168602,cup,cup whole kernels,157
168602,oz,oz (22 whole kernels),28.35
168603,tbsp,tbsp,16
168603,cup,cup,250
168604,tbsp,tbsp,15
168605,oz,oz,28.35
168605,oz,oz,28.25
168606,oz,oz,28.35
168606,oz,oz,28.333
168607,oz,oz,28.25
168607,lb,lb,453.6
168608,oz,oz,28.25
168608,serving,serving,85
168609,oz,oz,28.25
168609,steak,steak,202
168610,oz,oz,28.333
168610,piece,"piece, cooked, excluding refuse (yield from 1 lb raw meat with refuse)",246
168611,oz,oz,28.333
168611,steak,steak,387
168612,oz,oz,28.35
168612,lb,lb,453.6
168613,oz,oz,28.333
168613,piece,"piece, cooked, excluding refuse (yield from 1 lb raw meat with refuse)",225
168614,oz,oz,28.25
168614,lb,lb,453.6
168615,piece,"piece, cooked, excluding refuse (yield from 1 lb raw meat with refuse)",121
168615,oz,oz,28.333
168616,oz,oz,28.333
168616,piece,"piece, cooked, excluding refuse (yield from 1 lb raw meat with refuse)",285
168617,oz,oz,28.333
168617,piece,"piece, cooked, excluding refuse (yield from 1 lb raw meat with refuse)",282
168618,oz,oz,28.333
168618,steak,steak,417
168619,oz,oz,28.25
168619,steak,steak,461
168620,oz,oz,28.333
168620,steak,steak,360
168621,oz,oz,28.25
168622,oz,oz,28.35
168622,oz,oz,28.25
168623,oz,oz,28.333
168623,piece,"piece, cooked, excluding refuse (yield from 1 lb raw meat with refuse)",351
168624,oz,oz,28.333
168624,piece,"piece, cooked, excluding refuse",391
168625,oz,oz,28.35
168625,oz,oz,28.25
168626,oz,oz,28.333
168626,slice,slice,68
168627,oz,oz,28.333
168627,slice,slice,81
168628,oz,oz,28.35
168628,oz,oz,28.25
168629,oz,oz,28.333
168629,piece,"piece, cooked, excluding refuse (yield from 1 lb raw meat with refuse)",303
168630,oz,oz,28.35
168630,oz,oz,28.375
168631,oz,oz,28.333
168631,steak,steak (yield from 186 g raw meat),150
168632,oz,oz,28.333
168632,steak,"steak, excluding refuse (yield from 1 raw steak, with refuse, weighing 223 g)",150
168633,oz,oz,28.333
168633,steak,steak (yield from 505 g raw meat),375
168634,oz,oz,28.333
168634,piece,"piece, cooked, excluding refuse (yield from 1 lb raw meat with refuse)",292
168635,oz,oz,28.333
168635,steak,steak (yield from 532 g raw meat),393
168636,oz,oz,28.333
168636,steak,steak (yield from 505 g raw meat),375
168637,oz,oz,28.333
168637,steak,steak,421
168638,oz,oz,28.333
168638,lb,lb,453.6
168639,oz,oz,28.333
168639,serving,serving,85
168639,piece,"piece, cooked, excluding refuse",266
168640,oz,oz,28.25
168640,steak,steak,526
168641,oz,oz,28.333
168641,steak,steak,426
168642,oz,oz,28.25
168642,steak,steak,460
168643,oz,oz,28.333
168643,steak,steak,363
168644,oz,oz,28.333
168644,serving,serving,85
168644,piece,"piece, cooked, excluding refuse",271
168645,oz,oz,28.25
168645,steak,steak,458
168646,oz,oz,28.25
168646,roast,roast,1392
168647,oz,oz,28.25
168647,roast,roast,1187
168648,oz,oz,28.333
168648,steak,steak,231
168649,oz,oz,28.333
168649,steak,steak,277
168650,oz,oz,28.333
168650,patty,patty,77
168651,oz,oz,28.333
168651,patty,patty,70
168652,oz,oz,28.25
168652,oz,oz,28.35
168653,oz,oz,28.25
168653,steak,steak,458
168654,oz,oz,28.333
168654,steak,steak,186
168655,oz,oz,28.25
168655,steak,steak,1446
168656,oz,oz,28.25
168656,piece,piece,1855
168657,oz,oz,28.25
168657,piece,piece,1780
168658,oz,oz,28.25
168658,piece,piece,1967
168659,oz,oz,28.333
168659,steak,steak,177
168660,oz,oz,28.25
168660,roast,roast,723
168661,oz,oz,28.25
168661,roast,roast,698
168662,oz,oz,28.25
168662,roast,roast,761
168663,oz,oz,28.333
168664,oz,oz,28.25
168664,lb,lb,453.6
168665,oz,oz,28.333
168665,piece,"piece, cooked, excluding refuse (yield from 1 lb raw meat with refuse)",329
168666,oz,oz,28.333
168666,steak,steak,452
168667,oz,oz,28.333
168667,piece,"piece, cooked, excluding refuse (yield from 1 lb raw meat with refuse)",258
168668,oz,oz,28.25
168668,roast,roast,1801
168668,lb,lb,453.6
168669,oz,oz,28.333
168669,piece,"piece, cooked, excluding refuse (yield from 1 lb raw meat with refuse)",258
168670,oz,oz,28.25
168670,roast,roast,1783
168670,lb,lb,453.6
168671,oz,oz,28.333
168671,piece,"piece, cooked, excluding refuse (yield from 1 lb raw meat with refuse)",247
168672,oz,oz,28.25
168672,lb,lb,453.6
168673,oz,oz,28.333
168673,piece,"piece, cooked, excluding refuse (yield from 1 lb raw meat with refuse)",247
168674,oz,oz,28.333
168674,roast,roast,609
168675,oz,oz,28.35
168675,lb,lb,453.6
168676,oz,oz,28.333
168676,piece,"piece, cooked, excluding refuse (yield from 1 lb raw meat with refuse)",267
168677,oz,oz,28.333
168677,piece,"piece, cooked, excluding refuse (yield from 1 lb raw meat with refuse)",289
168678,oz,oz,28.35
168678,lb,lb,453.6
168679,oz,oz,28.333
168679,piece,"piece, cooked, excluding refuse (yield from 1 lb raw meat with refuse)",278
168680,oz,oz,28.35
168680,lb,lb,453.6
168681,oz,oz,28.333
168681,piece,"piece, cooked, excluding refuse (yield from 1 lb raw meat with refuse)",267
168682,oz,oz,28.333
168682,piece,"piece, cooked, excluding refuse (yield from 1 lb raw meat with refuse)",292
168683,oz,oz,28.333
168683,piece,"piece, cooked, excluding refuse (yield from 1 lb raw meat with refuse)",267
168684,oz,oz,28.333
168684,piece,"piece, cooked, excluding refuse (yield from 1 lb raw meat with refuse)",292
168685,oz,oz,28.25
168685,lb,lb,453.6
168686,oz,oz,28.333
168686,piece,"piece, cooked, excluding refuse (yield from 1 lb raw meat with refuse)",278
168687,oz,oz,28.333
168687,piece,"piece, cooked, excluding refuse (yield from 1 lb raw meat with refuse)",281
168688,oz,oz,28.333
168688,steak,steak (yield from 320 g raw meat),256
168689,oz,oz,28.333
168689,piece,"piece, cooked, excluding refuse (yield from 1 lb raw meat with refuse)",278
168690,oz,oz,28.25
168690,steak,steak,335
168691,oz,oz,28.333
168691,steak,steak (yield from 1 raw steak weighing 321g),245
168692,oz,oz,28.333
168692,steak,steak,199
168693,oz,oz,28.25
168693,steak,steak,239
168694,oz,oz,28.25
168694,lb,lb,453.6
168695,oz,oz,28.333
168695,piece,"piece, cooked, excluding refuse (yield from 1 lb raw meat with refuse)",313
168696,oz,oz,28.333
168696,piece,"piece, cooked, excluding refuse (yield from 1 lb raw meat with refuse)",338
168696,roast,roast (yield from 1 raw roast weighing 776g),632
168697,oz,oz,28.25
168697,lb,lb,453.6
168698,oz,oz,28.333
168698,steak,steak (yield from 341 g raw meat),227
168699,oz,oz,28.333
168699,piece,"piece, cooked, excluding refuse (yield from 1 lb raw meat with refuse)",338
168699,roast,roast (yield from raw roast weighing 766g),627
168700,oz,oz,28.25
168700,steak,steak,312
168701,oz,oz,28.25
168701,lb,lb,453.6
168702,oz,oz,28.333
168702,piece,"piece, cooked, excluding refuse (yield from 1 lb raw meat with refuse)",333
168703,oz,oz,28.25
168703,lb,lb,453.6
168704,oz,oz,28.333
168704,roast,roast (yield from 530 g raw meat),417
168705,oz,oz,28.25
168705,lb,lb,453.6
168706,oz,oz,28.333
168706,piece,"piece, cooked, excluding refuse (yield from 1 lb raw meat with refuse)",327
168707,oz,oz,28.25
168707,steak,steak,231
168708,oz,oz,28.333
168708,piece,"piece cooked, excluding refuse (yield from 1 lb raw meat with refuse)",283
168709,oz,oz,28.333
168709,piece,"piece, cooked, excluding refuse (yield from 1 lb raw meat with refuse)",289
168710,oz,oz,28.333
168710,steak,steak (yield from raw steak weighing 492 g),347
168710,piece,"piece, cooked, excluding refuse (yield from 1 lb raw meat with refuse)",326
168711,oz,oz,28.333
168711,piece,"piece, cooked, excluding refuse (yield from 1 lb raw meat with refuse)",283
168712,oz,oz,28.25
168712,lb,lb,453.6
168713,oz,oz,28.333
168713,piece,"piece, cooked, excluding refuse (yield from 1 lb raw meat with refuse)",286
168714,oz,oz,28.25
168714,piece,piece,1855
168715,oz,oz,28.25
168715,steak,steak,539
168716,oz,oz,28.333
168716,steak,steak,417
168717,oz,oz,28.25
168717,steak,steak,461
168718,oz,oz,28.333
168718,steak,steak (yield from 270 g raw meat),221
168719,oz,oz,28.25
168720,oz,oz,28.333
168721,oz,oz,28.25
168721,steak,"steak, excluding refuse (yield from 1 raw steak, with refuse, weighing 242 g)",227
168722,steak,steak (yield from 181 g raw meat),140
168722,oz,oz,28.333
168723,oz,oz,28.333
168723,piece,"piece, cooked, excluding refuse (yield from 1 lb raw meat with refuse)",329
168724,oz,oz,28.25
168724,steak,steak (yield from 1 raw steak weighing149g),149
168724,lb,lb,453.6
168725,steak,steak (yield from 1 raw steak weighing 151g),119
168725,oz,oz,28.333
168725,steak,"steak, excluding refuse (yield from 1 raw steak, with refuse, weighing 154 g)",104
168726,oz,oz,28.25
168726,steak,steak,608
168727,oz,oz,28.333
168727,piece,"piece, cooked, excluding refuse (yield from 1 lb raw meat with refuse)",306
168728,oz,oz,28.25
168728,lb,lb,453.6
168729,oz,oz,28.333
168729,piece,"piece, cooked, excluding refuse (yield from 1 lb raw meat with refuse)",306
168730,oz,oz,28.333
168731,oz,oz ( 1 serving ),28.333
168732,oz,oz,28.333
168733,oz,oz,28.333
168733,steak,steak (yield from 475 g raw meat),383
168734,oz,oz,28.25
168734,roast,roast,261
168735,oz,oz,28.333
168735,roast,roast (yield from 714 g raw meat),591
168736,oz,oz,28.25
168736,roast,roast,271
168737,oz,oz,28.333
168737,roast,roast (yield from 666 g raw meat),547
168738,oz,oz,28.333
168739,oz,oz,28.333
168740,oz,oz,28.333
168740,steak,steak (yield from 396 g raw meat),284
168741,oz,oz,28.333
168741,steak,steak (yield from 368 g meat),269
168742,oz,oz,28.25
168742,roast,roast,1327
168743,oz,oz,28.25
168743,piece,piece,1780
168744,oz,oz,28.333
168745,oz,oz,28.333
168746,fl oz,fl oz,29.7
168746,can,can,356
168747,fl oz,fl oz,29.8
168747,fl oz,fl oz,29.75
168748,fl oz,fl oz,29.5
168748,fl oz,fl oz,29.583
168749,fl oz,fl oz,29.5
168749,can,can or bottle (12 fl oz),354
168750,fl oz,fl oz,32.6
168750,can,"can (6.8 fl oz, 200 ml)",222
168751,fl oz,fl oz,30
168751,cup,cup,240
168752,fl oz,fl oz,31.4
168752,cocktail,cocktail (4.5 fl oz),141
168753,fl oz,fl oz,31.1
168753,can,"can (6.8 fl oz, 200 ml)",211
168754,bar,bar (1.45 oz),41
168754,bar,bar (1.55 oz),44
168755,bar,bar (1.4 oz),40
168755,bar,bar (1.45 oz),45
168755,bar,bar (1.65 oz),47
168755,bar,"bar, miniature",10
168755,bar,bar (1.55 oz),44
168756,serving,serving 2.05 oz bar,58
168756,bar,bar fun size,17
168756,piece,piece miniature 5 pieces = serving,8.2
168756,bar,bar king size,103
168757,bar,bar 1.4 oz,39
168758,tbsp,tbsp,21
168758,serving,serving,40
168758,cup,cup,340
168759,bar,bar snack size,19
168759,package,package 1.9 oz,53
168760,bar,bar (1.75 oz),49
168760,bar,bar (2.6 oz),73
168761,bar,bar (1.5 oz),43
168761,bar,"bar, miniature",21
168761,serving,serving 1.5 oz bar,43
168762,bar,bar 1.55 oz,44
168762,bar,bar 0.5 oz,14.2
168762,serving,serving 4 fun size bars,41
168762,tbsp,tbsp,12
168763,package,package 0.6 oz 1 cup,17
168763,package,package 1.6 oz 2 cups,45
168763,miniature,miniature,7
168764,cup,cup,188
168764,piece,pieces,0.8
168764,package,package 1.63 oz,46
168764,package,package (1.6 oz),46
168765,package,package 1 package,48
168765,piece,pieces,6
168766,serving,serving 5 mints,42
168766,piece,piece,8.4
168767,serving,serving 2.13 oz bar,60
168767,serving,serving 2 fun size bars,28
168768,package,package (2 oz),57
168768,package,"package (2.06 oz, 2 bars)",58
168768,package,"package, king size (3.35 oz, 4 bars)",95
168768,package,package (11 oz),312
168769,package,"package (1.89 oz, 2 bars)",54
168769,package,"package (2.06 oz, 2 bars)",58
168769,package,package (1.77 oz),50
168769,package,package (9.43 oz),267
168770,bar,bar 1.7 oz,48
168771,stick,stick,3
168771,chiclet,Chiclets,1.6
168771,block,block,8
168772,package,package (3 oz),85
168772,portion,"portion, amount to make 1/2 cup",21
168773,cup,cup,282
168774,tbsp,tbsp,5
168775,package,package (3 oz),85
168775,portion,"portion, amount to make 1/2 cup",21
168776,piece,pieces,2.6
168777,recipe,recipe yield,808
168777,cup,cup,404
168778,oz,oz,28.35
168778,container,"container refrigerated, 4 oz",108
168778,container,"container shelf stable, 3.5 oz",98
168779,package,package (3.5 oz),99
168779,portion,"portion, amount to make 1/2 cup",25
168780,cup,cup,256
168781,cup,cup,294
168781,package,package yield (2 cups),587
168782,serving,serving 4 oz pudding cup,113
168782,oz,oz,28.35
168782,can,can (5 oz),142
168782,cup,cup,172
168782,cup,cup,184
168783,package,package,106
168783,portion,"portion, amount to make 1/2 cup",27
168784,package,package (3.5 oz),99
168784,portion,"portion, amount to make 1/2 cup",25
168785,cup,cup,284
168785,package,package yield (2 cups),569
168786,serving,serving,8
168786,package,package,32
168787,cup,cup,282
168788,cup,cup,256
168791,piece,piece,39
168791,recipe,recipe yield,907
168792,tbsp,tbsp,10.8
168792,package,package (1.5 oz),43
168794,package,package (0.35 oz),9.9
168795,tbsp,tbsp creamy,20.5
168797,serving,serving 3.5 oz shelf stable,99
168798,container,container refrigerated 4 oz,112
168799,serving,serving 4 oz,113
168800,tbsp,tablespoon,16.5
168801,piece,pieces,2.6
168802,package,package,411
168802,package,package,425
168803,package,package,207
168803,package,package,212.5
168804,serving,serving 1.30 oz bar,37
168804,serving,serving 5 pieces,40
168805,serving,serving 1.3 oz bar,37
168805,serving,serving 7 pieces,42
168806,serving,serving 5 pieces,44
168807,serving,serving 5 pieces,44
168808,roll,rolls,14
168809,individual,individual (3.5 fl oz),58
168809,cup,cup (4 fl oz),132
168810,individual,individual (3.5 fl oz),58
168810,cup,cup (4 fl oz),132
168811,pouch,pouch,26
168812,fl oz,fl oz,29
168812,cup,cup,232
168813,serving,serving 1.75 fl oz pop,52
168814,serving,serving 1.6 oz bag,47
168815,cup,cup,144
168816,tbsp,tbsp,17
168816,serving,serving,17
168816,cup,cup,282
168817,oz,oz,28.35
168818,serving,serving 1.76 oz bar,50
168819,tbsp,tbsp,20
168819,package,package (0.5 oz),14
168819,serving,serving,20
168819,cup,cup,320
168820,cup,cup,337
168820,serving,serving 1 tbsp,20
168821,package,package (1.75 oz),50
168822,can,can,616.667
168822,serving,serving,85
168822,can,can (21 oz),595
168823,serving,serving fun size (8 chews),40
168823,serving,serving 2.07 oz pack,59
168823,piece,piece,5
168824,can,can,616.667
168824,can,can (21 oz),595
168825,cup,cup,254
168826,package,package (3.5 oz),99
168826,portion,"portion, amount to make 1/2 cup",25
168827,cup,cup,294
168827,package,package yield (2 cups),587
168828,package,package (3.12 oz),88
168828,portion,"portion, amount to make 1/2 cup",25
168829,cup,cup,280
168829,package,package yield (2 cups),559
168830,cup,cup,294
168830,package,package yield (2 cups),587
168831,package,package (3 oz),85
168831,portion,"portion, amount to make 1/2 cup",21
168832,cup,cup,254
168833,tsp,tsp unpacked,3
168833,cup,cup packed,220
168833,cup,cup unpacked,145
168833,tsp,tsp packed,4.6
168833,tsp,tsp brownulated,3.2
168834,tbsp,tbsp,17.5
168835,cup,cup,304
168835,tbsp,tbsp,19
168836,cup,cup,328
168836,tbsp,tbsp,20
168837,cup,cup,341
168837,tbsp,tbsp,22
168838,tbsp,tbsp,20
168838,serving,serving 1/4 cup,83
168838,cup,cup,315
168839,cup,cup,316
168839,tbsp,tbsp,20
168840,serving,serving 2.1 oz bag,62
168840,serving,serving fun size bag,20
168841,tbsp,tbsp,20.5
168842,serving,serving 1.80 oz bag,51
168843,serving,serving 2.17 oz pack,62
168843,cup,cup,205
168843,piece,pieces,1.07
168843,package,package fun size,20
168844,tbsp,tablespoon,16.5
168845,tbsp,tablespoon,16.5
168846,piece,piece,11
168847,cup,cup (4 fl oz),198
168848,cup,cup (4 fl oz),144
168849,oz,oz,28.35
168849,oz,oz,28.333
168849,oz,oz,28
168850,oz,oz,28.35
168850,stick,stick,20
168851,oz,oz,28.35
168851,oz,oz,28.4
168852,tbsp,tablespoon,16.5
168853,oz,oz,28
168853,chip,chips,1.625
168853,oz,oz,28.35
168853,can,can (7 oz),198
168854,oz,oz,28.35
168854,cup,cup,36
168855,cake,cake,9
168855,cake,cakes,9
168856,oz,oz,28.35
168856,oz,oz,28.5
168857,cake,cake,9
168857,cake,cakes,9
168858,oz,oz,28.35
168858,bag,bag (6 oz),170
168859,oz,oz,28.35
168860,oz,oz,28.35
168862,bar,bar,37
168862,bar,bar,37
168862,bar,bar,38
168863,oz,oz,28.35
168864,oz,oz,28.35
168865,oz,oz,28.35
168865,chip,chips,2.3
168866,package,package (3.5 oz),99
168866,portion,"portion, amount to make 1/2 cup",25
168867,cup,cup,157
168868,cup,cup,122
168869,cup,cup,170
168870,cup,cup,138
168871,cup,cup,174
168872,cup,cup,94
168873,cup,cup,219
168874,cup,cup,170
168875,cup,cup,195
168876,cup,cup,192
168877,cup,cup,185
168878,cup,cup,158
168879,cup,cup,195
168880,cup,cup,186
168881,cup,cup,200
168882,cup,cup,186
168883,cup,cup,185
168884,cup,cup,169
168885,cup,cup,128
168886,cup,cup,102
168887,cup,cup,102
168888,cup,cup,130
168889,cup,cup,192
168890,cup,cup,192
168891,cup,cup,168
168892,cup,cup,115
168893,cup,cup,120
168894,cup,cup,125
168895,cup,cup,125
168896,cup,cup,137
168897,cup,cup,164
168898,cup,cup,158
168899,cup,cup,105
168899,oz,oz,28.5
168900,cup,cup,140
168901,oz,oz,28.5
168902,oz,oz,28.5
168903,cup,cup spiral shaped,84
168903,oz,oz,28.5
168904,cup,cup spiral shaped,134
168905,cup,cup dry,56
168905,oz,oz,28.667
168906,oz,oz,28.5
168907,cup,cup,114
168908,oz,oz,28.5
168909,cup,cup,176
168910,cup,cup spaghetti not packed,117
168910,cup,cup spaghetti packed,151
168910,cup,cup elbows,117
168910,cup,cup penne,97
168910,cup,cup shells,105
168910,cup,cup lasagne,116
168910,cup,cup rotini,107
168910,cup,cup farfalle,107
168911,oz,oz,28.5
168912,cup,cup,140
168913,cup,"cup unsifted, dipped",137
168914,cup,cup,176
168915,cup,cup spaghetti,91
168915,cup,cup elbows,122
168915,cup,cup penne,95
168915,cup,cup farfalle,81
168915,cup,cup rotini,96
168915,cup,cup shells,64
168915,cup,cup lasagne,90
168916,cup,cup spaghetti not packed,116
168916,cup,cup spaghetti packed,151
168916,cup,cup elbows not packed,117
168916,cup,cup farfalle,107
168916,cup,cup penne,97
168916,cup,cup shells,105
168916,cup,cup lasagne,116
168916,cup,cup rotini,107
168917,cup,cup,185
168918,cup,cup,252
168919,cup,cup,160
168920,cup,cup,166
168921,tbsp,tbsp,6.9
168922,cup,cup,157
168923,cup,cup,122
168924,cup,cup,170
168925,cup,cup,138
168926,cup,cup,160
168927,cup,cup spaghetti,91
168927,oz,oz,28.5
168927,cup,cup elbows,122
168927,cup,cup penne,95
168927,cup,cup farfalle,81
168927,cup,cup rotini,96
168927,cup,cup shells,64
168927,cup,cup lasagna,90
168928,cup,cup spaghetti not packed,124
168928,cup,cup spaghetti packed,151
168928,cup,cup elbows not packed,120
168928,cup,cup elbows packed,132
168928,cup,cup penne,107
168928,cup,cup rotini,107
168928,cup,cup farfalle,107
168928,cup,cup shells,105
168928,cup,cup lasagne,116
168929,cup,cup,157
168930,cup,cup,186
168931,cup,cup,200
168932,cup,cup,205
168933,cup,cup,167
168934,cup,cup,140
168935,cup,cup,158
168936,cup,cup,125
168937,oz,oz,28.5
168943,cup,cup,121
168945,oz,oz,28.333
168946,oz,oz,28.333
168947,oz,oz,28.333
168948,oz,oz,28.333
169039,cup,cup (1 NLEA serving),40
169040,biscuit,biscuits (1 NLEA serving),17.5
169040,cup,cup,57
169041,cup,cup (1 NLEA serving),73.333
169044,cup,cup,249
169044,fl oz,fl oz,31.1
169044,drink,drink box (8.45 fl oz),263
169045,oz,oz,28.35
169046,cup,cup,34
169046,chip,chips,1.2
169050,cup,"cup, shredded",113
169050,cubic,cubic inch,18
169050,slice,slice,28
169051,cup,"cup, shredded",113
169052,tbsp,tablespoon,14
169053,tbsp,tablespoon,14
169055,tbsp,tbsp,14.7
169055,cup,cup,235
169055,serving,serving (2 tbsp),30
169056,tbsp,tbsp,19
169056,cup,cup,289
169057,tbsp,tbsp,15
169057,cup,cup,245
169058,cup,cup,224
169058,tbsp,tbsp,14
169059,piece,piece,14
169060,piece,piece,14
169061,cup,cup,182
169061,piece,piece,5
169062,serving,serving,85
169062,cup,cup,264
169063,bar,bar,43
169064,large,large,143
169064,medium,medium,115
169064,small,small,62
169065,cup,cup,253
169066,slice,"slice, thin",14
169067,cup,cup,144
169068,fillet,fillet,85
169069,tbsp,tbsp,15
169070,tsp,tsp,4.9
169070,fl oz,fl oz,29
169071,fl oz,fl oz,29.5
169071,serving,serving 5 fl oz,148
169072,serving,serving 1 packet,1
169072,serving,serving 1 packet SUGAR TWIN,0.8
169073,tbsp,tbsp,7.4
169073,envelope,envelope,37
169074,cup,cup,245
169075,cup,cup (1 NLEA serving),82.09
169076,cup,cup,122
169077,cup,cup (1 NLEA serving),55
169078,oz,oz,28.25
169078,cup,cup,226
169079,tbsp,tbsp,15
169079,cup,cup,240
169079,tbsp,"tbsp, whipped",10
169080,cup,"cup, diced",140
169080,cup,"cup, shredded",113
169080,cubic,cubic inch,18
169080,slice,slice (3/4 oz),21
169081,oz,oz,28.35
169081,cup,cup,240
169082,cup,cup,22
169083,cup,cup,225
169084,cup,cup,180
169085,cup,cup,182
169086,cup,cup,190
169086,fruit,fruit without refuse,9.6
169087,fruit,fruit,2.5
169088,cup,"cup, unthawed",147
169089,fruit,fruit without refuse,3.2
169090,cup,"cup, drained",196
169090,cup,cup,216
169092,cup,"cup, balls",177
169092,cup,"cup, cubes",160
169092,cup,"cup, diced",156
169092,melon,"melon, large (about 6-1/2"" dia)",814
169092,wedge,"wedge, large (1/8 of large melon)",102
169092,melon,"melon, medium (about 5"" dia)",552
169092,wedge,"wedge, medium (1/8 of medium melon)",69
169092,melon,"melon, small (about 4-1/4"" dia)",441
169092,wedge,"wedge, small (1/8 of small melon)",55
169092,cantaloupe,cantaloupe balls,13.8
169092,nlea,NLEA serving,134
169093,cup,"cup, cubes",170
169093,melon,melon,1640
169093,fruit,fruit,1640
169094,tbsp,tbsp,8.4
169094,large,large,4.4
169094,small,small,3.2
169095,super,super colossal,15
169095,jumbo,jumbo,8.3
169096,olive,olive,2.7
169097,cup,"cup, sections",180
169097,large,"large (3-1/16"" dia)",184
169097,small,"small (2-3/8"" dia)",96
169097,fruit,"fruit (2-5/8"" dia)",131
169098,cup,cup,248
169098,fl oz,fl oz,31
169098,fruit,fruit yields,86
169099,cup,cup,249
169099,fl oz,fl oz,31.1
169099,drink,drink box (8.45 fl oz),263
169100,cup,cup,249
169100,fl oz,fl oz,31.1
169101,cup,cup,249
169101,fl oz,fl oz,31.1
169102,cup,cup,249
169102,fl oz,fl oz,31.1
169103,tbsp,tbsp,6
169103,tsp,tsp,2
169104,cup,cup,247
169104,fl oz,fl oz,30.9
169105,cup,"cup, sections",195
169105,small,"small (2-1/4"" dia)",76
169105,medium,"medium (2-1/2"" dia)",88
169105,large,"large (2-3/4"" dia)",120
169105,nlea,NLEA serving,109
169106,cup,cup,249
169107,cup,cup,250
169107,fl oz,fl oz,31.2
169108,cup,cup,236
169108,fruit,fruit without refuse,18
169109,cup,cup,247
169109,fl oz,fl oz,30.9
169110,cup,cup,247
169110,fl oz,fl oz,30.9
169111,cup,"cup, halves or slices",251
169111,half,"half, with liquid",98
169112,cup,cup,262
169112,half,"half, with liquid",98
169113,cup,"cup, halves or slices",262
169114,cup,"cup, whole",242
169115,cup,cup,270
169116,cup,"cup, thawed",250
169116,slice,slices,15.5
169116,package,package (10 oz),284
169117,cup,cup,258
169118,cup,"cup, slices",140
169118,cup,"cup, cubes",161
169118,small,small,148
169118,medium,medium,178
169118,large,large,230
169118,nlea,NLEA serving,166
169119,cup,"cup, halves",244
169119,half,"half, with liquid",76
169120,cup,"cup, halves",266
169120,half,"half, with liquid",79
169121,cup,"cup, halves",180
169121,half,half,18
169121,halve,halves,17.5
169122,cup,"cup, halves",255
169123,cup,"cup, halves",280
169124,cup,"cup, chunks",165
169124,fruit,fruit,905
169124,slice,"slice (4-2/3"" dia x 3/4"" thick)",166
169124,slice,"slice (3-1/2"" dia x 3/4"" thick)",84
169124,slice,"slice, thin (3-1/2"" dia x 1/2"" thick)",56
169125,cup,"cup, crushed, sliced, or chunks",246
169125,slice,"slice or ring (3"" dia) with liquid",47
169126,cup,"cup, crushed, sliced, or chunks",249
169126,slice,"slice or ring (3"" dia) with liquid",47
169127,cup,"cup, crushed, sliced, or chunks",252
169127,slice,"slice or ring (3"" dia) with liquid",48
169128,cup,cup,250
169128,fl oz,fl oz,31.2
169129,cup,cup,173
169129,fruit,fruit without refuse,7
169130,plantain,plantain,270
169130,cup,"cup, sliced",148
169131,cup,cup,139
169131,slice,slice,10.5
169132,cup,"cup, pitted",258
169132,plum,plum with liquid,46
169133,cup,"cup, pitted",261
169134,cup,cup arils (seed/juice sacs),174
169134,pomegranate,"pomegranate (4"" dia)",282
169135,cup,cup,170
169136,cup,cup,248
169136,can,can (303 x 406),454
169137,cup,cup,124
169138,cup,cup,124
169139,cup,cup,104
169141,cup,cup,125
169142,cup,cup,240
169142,can,can total can contents,423
169143,cup,cup,135
169143,bean,beans,6.2
169143,can,can (303 x 406),262
169144,cup,cup,228
169144,can,can (303 x 406),439
169145,cup,cup,136
169145,beet,"beet (2"" dia)",82
169146,cup,cup slices,170
169146,beet,"beets (2"" dia, sphere)",50
169147,cup,cup,246
169148,oz,oz,28.333
169148,roast,roast whole,1867
169149,oz,oz,28.333
169150,oz,oz (3 oz),28.333
169150,roast,roast shank,3204
169151,oz,oz,28.333
169152,oz,oz,28.333
169152,lb,lb,453.6
169153,oz,oz,28.333
169154,oz,oz,28.333
169155,oz,oz,28.333
169156,oz,oz,28.333
169157,oz,oz,39
169158,oz,oz (3 oz),28.333
169158,slice,slice,366
169159,oz,oz whole,28.333
169159,lb,lb whole,453.6
169160,oz,oz whole,28.333
169160,lb,lb whole,453.6
169161,oz,oz,28.333
169161,lb,lb,453.6
169162,oz,oz shank,28.333
169162,lb,lb shank,453.6
169163,oz,oz rump,28.333
169163,lb,lb rump,453.6
169164,oz,oz (3 oz),28.333
169164,roast,roast rump,2970
169165,oz,oz (3 oz),28.333
169165,roast,roast shank,3054
169166,oz,oz (3 oz),28.333
169166,slice,slice,436
169167,oz,oz (3 oz),28.333
169167,slice,slice,189
169168,oz,oz (3 oz),28.333
169168,slice,slice,136
169169,oz,oz (3 oz),28.333
169169,roast,roast,1995
169170,oz,oz (3 oz),28.333
169170,roast,roast rump,2673
169171,oz,oz (3 oz),28.333
169171,roast,roast shank,3170
169172,oz,oz (3 oz),28.333
169172,slice,slice,445
169173,oz,oz (3 oz),28.333
169173,roast,roast rump,2874
169174,oz,oz,28.333
169174,lb,lb,453.6
169175,oz,oz (3 oz),28.333
169175,roast,roast shank,2800
169176,oz,oz,28.333
169176,lb,lb,453.6
169177,oz,oz (3 oz),28.333
169177,slice,slice,425
169178,oz,oz,28.333
169179,oz,oz,28.25
169179,lb,lb,453
169180,oz,oz,28.333
169181,oz,oz,28.25
169181,chop,chop,146
169182,chop,chop,146
169183,oz,oz,28.333
169183,chop,chop,107
169184,oz,oz,28.25
169184,roast,roast,537
169185,oz,oz,28.333
169185,roast,roast,508
169186,oz,oz,28.25
169186,piece,piece,231
169187,oz,oz,28.333
169187,piece,piece,430
169188,oz,oz,28.333
169188,piece,piece,373
169189,piece,piece,92
169190,oz,oz,28.25
169191,oz,oz,28.25
169192,oz,oz grilled patties,28.333
169193,oz,oz grilled patties,28.333
169194,oz,oz,28.25
169194,chop,chop,176
169195,oz,oz,28.333
169195,roast,roast,848
169196,oz,oz,28.333
169196,chop,chop,131
169197,oz,oz,28.333
169197,rack,rack,122
169198,oz,oz,28.333
169198,roast,roast,848
169199,oz,oz,28.333
169199,rack,rack,122
169200,oz,oz,28.333
169200,rack,rack,122
169201,oz,oz,28.333
169201,rack,rack,138
169202,cup,cup,132
169203,large,large,25
169203,medium,medium,12
169204,medium,medium,12
169205,artichoke,"artichoke, medium",128
169205,artichoke,"artichoke, large",162
169206,cup,cup,244
169206,can,can (300 x 407),411
169207,cup,cup,242
169207,spear,"spear (about 5"" long)",18
169207,can,can (300 x 407),248
169208,spear,spears,14.5
169208,package,package (10 oz),284
169209,cup,cup,180
169209,package,package (10 oz) yields,293
169209,spear,spears,15
169210,cup,"cup (1/2"" slices)",151
169210,cup,"cup (1/2"" pieces)",152
169211,cup,"cup (1/2"" slices)",120
169211,shoot,shoot,144
169212,cup,"cup (1/8"" slices)",131
169212,can,can (303 x 406),262
169213,cup,cup,184
169214,cup,cup,164
169214,can,can (12 oz) yields,211
169214,can,can (303 x 406),298
169215,cup,cup,256
169215,can,can (303 x 406),482
169216,cup,cup,210
169216,can,"can, 15 oz (303 x 406)",425
169216,can,can (303 x 406),340
169217,cup,cup,141
169218,cup,cup,227
169219,cup,cup,56
169220,cup,cup,145
169221,cup,cup,95
169222,cup,cup slices,91
169222,pod,pod,12
169223,cup,cup slices,104
169223,pod,pod,14
169224,cup,"cup, chopped",36
169224,leaf,leaf,3
169225,cup,"cup, pared, chopped",133
169225,cup,"cup, sliced",119
169225,large,"large (8-1/4"" long)",280
169225,medium,medium,201
169225,slice,slice,7
169225,small,"small (6-3/8"" long)",158
169225,stick,"stick (4"" long)",9
169226,cup,"cup, chopped",55
169227,cup,"cup, chopped",105
169228,cup,"cup, cubes",82
169228,eggplant,"eggplant, peeled (yield from 1-1/4 lb)",458
169228,eggplant,"eggplant, unpeeled (approx 1-1/4 lb)",548
169229,cup,"cup (1"" cubes)",99
169230,cup,cup,136
169230,tsp,tsp,2.8
169230,clove,clove,3
169230,clove,cloves,3
169231,tsp,tsp,2
169231,cup,"cup slices (1"" dia)",96
169231,slice,"slices (1"" dia)",2.2
169232,cup,"cup (1"" pieces)",116
169232,gourd,gourd,771
169233,cup,"cup (1"" cubes)",146
169234,cup,cup,80
169235,cup,cup,87
169236,cup,cup slices,150
169237,cup,cup slices,99
169237,piece,piece,6
169238,cup,cup,118
169239,cup,cup,203.03
169239,package,package (10 oz),284
169240,cup,cup,118
169241,strip,strip,6.3
169241,cup,cup,54
169242,piece,piece whole,19
169243,cup,cup sliced,121
169245,cup,"cup, chopped",180
169246,cup,cup,89
169246,leek,leek,89
169246,slice,slice,6
169247,cup,cup shredded,47
169247,leaf,leaf inner,6
169247,leaf,leaf outer,28
169247,head,head,626
169247,nlea,NLEA serving,85
169248,cup,cup shredded,72
169248,cup,"cup, chopped (1/2"" pieces, loosely packed)",57
169248,head,"head, large",755
169248,head,"head, medium (6"" dia)",539
169248,head,"head, small",324
169248,leaf,"leaf, large",15
169248,leaf,"leaf, medium",8
169248,leaf,"leaf, small",5
169248,nlea,NLEA Serving,89
169249,cup,cup shredded,36
169249,head,head,360
169249,leaf,leaf inner,4.8
169249,leaf,leaf outer,24
169250,slice,"slices (2-1/2"" dia)",8.1
169250,root,"root (9-1/2"" long)",115
169251,cup,"cup, pieces or slices",70
169251,cup,"cup, whole",96
169251,large,large,23
169251,medium,medium,18
169251,slice,slice,6
169251,small,small,10
169251,cup,cup pieces,70
169252,cup,cup pieces,156
169252,tbsp,tbsp,9.8
169252,mushroom,mushroom,12
169253,cup,cup sliced,108
169254,cup,cup,156
169254,can,can,132
169254,large,large,16
169254,medium,medium,12
169254,small,small,7
169254,slice,slices,4
169254,cap,caps,5.875
169254,cup,cup pieces,156
169255,cup,cup diced,86
169255,piece,piece whole,84
169256,cup,"cup, chopped",56
169257,cup,"cup, chopped",140
169258,cup,"cup, chopped",146
169258,package,package (10 oz),284
169259,cup,"cup, chopped",150
169259,package,package (10 oz) yields,212
169260,cup,cup,100
169260,pod,"pods (3"" long)",11.875
169261,cup,cup slices,160
169261,pod,"pods (3"" long)",10.625
169262,package,package (10 oz),287.879
169262,package,package (10 oz),284
169262,package,package (3 lb),1361
169263,cup,cup slices,184
169263,package,package (10 oz) yields,255
169264,fry,fries,7.6
169264,package,"package (9 oz), yields",198
169265,strip,strips,6.5
169265,package,package (9 oz),255
169266,strip,strips,5
169266,package,"package (9 oz), yields",198
169267,strip,strips,6.5
169267,package,package (9 oz),255
169268,strip,strips,5
169268,package,"package (9 oz), yields",198
169269,cup,cup,250
169270,cup,cup,33
169270,flower,flower,2
169271,cup,cup,134
169272,cup,cup,39
169273,cup,cup,270
169274,cup,cup,43
169274,plant,plant,3
169275,cup,cup,115
169275,squash,squash,431
169276,cup,cup slices,116
169276,large,"large (1"" to 1-1/4"" dia)",9
169276,medium,"medium (3/4"" to 1"" dia)",4.5
169276,slice,slice,1
169276,small,small,2
169276,cup,cup slices,116
169277,cup,cup slices,133
169278,cup,"cup, sliced",135
169279,cup,cup,142
169279,cup,"cup, undrained",236
169280,tbsp,tbsp (1/8 cup),5
169281,cup,cup,104
169282,cup,cup,256
169283,cup,cup,180
169284,cup,cup,70
169284,sprout,sprouts,1
169285,cup,cup,234
169286,cup,cup,214
169287,cup,cup,156
169287,package,package (10 oz),284
169288,cup,cup,190
169288,package,package (10 oz) yields,220
169289,cup,cup slices,130
169290,cup,"cup, mashed",240
169290,cup,"cup, sliced",180
169291,cup,"cup, chopped",124
169291,cup,"cup, sliced",113
169291,large,large,323
169291,medium,medium,196
169291,slice,slice,9.9
169291,small,small,118
169292,cup,"cup, sliced",180
169292,cup,"cup, mashed",240
169293,cup,"cup, cubes",205
169294,cup,"cup, mashed",245
169295,cup,"cup, cubes",140
169296,cup,"cup, cubes",205
169297,cup,"cup, mashed",236
169298,cup,"cup, cubes",101
169299,cup,cup,155
169301,cup,"cup, chopped",56
169301,shoot,shoot,13
169302,cup,"cup, chopped",98
169303,cup,"cup, chopped",35
169303,leaf,"leaf (12-1/4"" long)",16
169304,cup,cup,64
169305,cup,cup,255
169305,can,can (404 x 307),496
169306,cup,"cup, cubes",176
169307,cup,"cup, cubes",176
169308,cup,"cup, sliced",104
169309,cup,cup slices,140
169310,cup,cup slices,125
169311,artichoke,"artichoke, medium",120
169311,cup,cup hearts,168
169312,cup,cup,168
169312,package,"package (9 oz), yields",240
169312,package,package (9 oz) yields,242.424
169313,cup,cup,180
169313,spear,"spears (1/2"" base)",15
169314,cup,cup,244
169314,can,can (300 x 407),411
169316,cup,cup,170
169317,cup,cup,248
169317,can,can (303 x 406),454
169318,cup,cup,180
169318,package,package (10 oz) yields,311
169320,cup,"cup 1/2"" pieces",100
169320,bean,"beans (4"" long)",5.5
169321,cup,cup,125
169322,cup,cup,125
169323,cup,cup,125
169324,cup,cup,121
169324,package,package (10 oz),284
169325,cup,cup,135
169326,cup,cup,135
169327,cup,cup,135
169330,cup,cup flowerets,71
169330,floweret,floweret,11
169331,stalk,stalk,114
169332,cup,cup,155
169333,cup,"cup (1"" pieces)",125
169333,root,root,166
169335,cup,"cup, shredded",70
169335,head,head,908
169336,cup,"cup, shredded",70
169336,head,head,908
169337,cup,"cup, shredded",119
169337,leaf,leaf,14
169339,tbsp,tbsp,9.7
169339,cup,cup slices,156
169339,carrot,carrot,46
169340,cup,cup slices,246
169340,can,can (303 x 406),454
169341,cup,cup pieces,155
169342,cup,"cup, diced",150
169342,stalk,stalks,37.5
169343,cup,"cup, chopped",175
169344,cup,"cup (1"" pieces)",160
169345,cup,cup,256
169345,can,can (303 x 406),482
169346,cup,cup,256
169346,can,can (303 x 406),482
169347,cup,cup,210
169347,can,can (303 x 406),340
169348,cup,cup,165
169348,package,package (10 oz) yields,284
169349,cup,cup kernels,165
169349,ear,"ear, yields",63
169350,cup,cup,135
169351,cup,"cup, chopped",105
169352,cup,"cup (1"" cubes)",99
169353,cup,"cup (1"" cubes)",146
169354,cup,cup,87
169355,cup,cup,118
169356,cup,cup,118
169357,cup,cup slices,165
169359,cup,cup slices,104
169359,pod,pod,14
169360,cup,cup,256
169360,can,can (303 x 406),482
169361,cup,cup,164
169361,can,can (303 x 406),298
169362,cup,cup,256
169362,can,can (303 x 406),482
169363,cup,cup,256
169363,can,can (303 x 406),482
169364,cup,cup,165
169364,package,package (10 oz) yields,284
169365,cup,cup kernels,165
169365,ear,"ear, yields",125
169366,cup,cup kernels,165
169366,ear,"ear, yields",63
169367,cup,cup kernels,165
169367,ear,"ear, yields",63
169368,cup,cup,104
169369,cup,cup,94
169372,cup,cup,210
169373,tbsp,tbsp,0.4
169373,cup,cup,6.4
169374,cup,cup,153
169374,bean,beans,6.2
169374,can,can (303 x 406),262
169375,cup,cup,153
169375,bean,beans,6.2
169375,can,can (303 x 406),262
169376,cup,cup pieces or slices,70
169376,cup,cup whole,96
169376,large,large,23
169376,slice,slice,6
169376,medium,medium,18
169376,small,small,10
169377,cup,cup sliced,121
169378,cup,"cup, chopped",160
169378,cup,cup sliced or chips,153
169378,large,"large Gherkin (3"" long)",35
169378,gherkin,"Gherkin (2-3/4"" long)",25
169378,midget,"midget Gherkin (2-1/8"" long)",6
169378,chip,chip,7.5
169378,small,"small Gherkin (2-1/2"" long)",15
169378,spear,spear Gherkin,20
169379,cup,cup,155
169379,large,"large (4"" long)",135
169379,medium,"medium (3-3/4"" long)",65
169379,slice,slice,7
169379,small,small,37
169379,spear,spear,30
169380,slice,slice,6
169380,medium,medium,35
169380,small,small,15
169380,large,large,35
169380,cup,"cup, sliced",170
169380,cup,"cup, chopped or diced",160
169381,tbsp,tbsp,17
169381,packet,packet,9
169381,cup,cup,240
169382,large,large,5
169382,medium,medium,3
169382,cup,cup whole,64
169382,cup,cup sliced,65
169383,pepper,"pepper, large (3-3/4"" long, 3"" dia)",186
169383,strip,strips,5.2
169384,cup,cup,110
169384,piece,piece,3
169385,cup,"cup, sliced",87
169385,bulb,bulb,234
169386,tbsp,tbsp,15
169386,cup,cup,244
169387,leaf,leaf,2
169387,cup,cup,20
169388,cup,cup,149
169388,pad,pad,29
169389,cup,cup,64
169389,floweret,floweret,25
169389,head,"head, large (6-7"" dia)",511
169389,head,"head, medium (5-6"" dia)",431
169389,head,"head, small (4"" dia)",325
169390,head,head,450
169391,cup,"cup (1"" pieces)",124
169392,cup,cup,88
169393,leaf,leaf,4
169394,cup,cup,124
169394,small,"small (4"" long)",33
169394,medium,"medium (4-1/2"" long)",46
169394,large,"large (5"" long)",75
169395,cup,"cup, chopped",105
169395,pepper,pepper,6.1
169396,pepper,pepper,17
169397,cup,cup,245
169398,tbsp,tbsp,0.8
169398,sprig,sprig,2
169399,cup,"cup, chopped",23
169399,plant,plant,22
169400,cup,cup,44
169400,bunch,bunch,17
169401,cup,"cup, sliced",135
169401,root,root,305
169403,cup,cup diced,70
169403,piece,piece whole,1.1
169406,tbsp,tbsp,14
169406,oz,oz,28.35
169407,cup,cup,108
169407,oz,oz,28.35
169408,cup,cup,155
169408,oz,oz,28.35
169409,cup,cup,240
169409,tbsp,tbsp,15
169410,tbsp,tbsp,15
169410,oz,oz,28.35
169411,oz,oz,28.35
169412,cup,cup,150
169412,tbsp,tbsp,8
169412,tsp,tsp,2.7
169413,oz,oz,28.35
169414,tbsp,"tbsp, whole",10.3
169414,cup,"cup, whole",168
169414,tbsp,"tbsp, ground",7
169414,tsp,"tsp, whole",3.4
169414,tsp,"tsp, ground",2.5
169415,cup,cup,118
169415,oz,oz,28.35
169416,cup,cup,128
169416,oz,oz,28.35
169417,cup,cup,128
169417,oz,oz,28.35
169417,package,package (1.875 oz) yields,27
169418,cup,cup,128
169418,oz,oz,28.35
169419,cup,cup whole kernels,157
169419,oz,oz (22 whole kernels),28.35
169420,oz,oz (28 almonds),28
169421,cup,"cup, halves and whole",137
169421,oz,oz,28.35
169422,cup,"cup, whole",129
169422,cup,"cup, halves and pieces",129
169422,oz,oz (18 kernels),28.35
169423,cup,cup,144
169423,oz,oz,28.35
169424,oz,oz,28.35
169425,cup,cup,110
169425,oz,oz (15 halves),28.35
169426,cup,cup,123
169426,oz,oz (49 kernels),28.35
169426,kernel,kernel,0.7
169427,oz,oz,28.35
169428,oz,oz,28.35
169429,oz,oz,28.25
169429,steak,steak,214
169430,oz,oz,28.35
169430,lb,lb,453.6
169431,oz,oz,28.35
169431,lb,lb,453.6
169432,oz,oz,28.333
169432,steak,steak,350
169433,oz,oz,28.35
169433,oz,oz,28.25
169433,steak,steak,202
169434,oz,oz,28.333
169434,piece,"piece, cooked, excluding refuse (yield from 1 lb raw meat with refuse)",262
169435,oz,oz,28.333
169435,steak,steak (yield from 483 g raw meat),387
169436,oz,oz,28.333
169436,steak,steak (yield from 297 g raw meat),236
169437,oz,oz,28.35
169437,lb,lb,453.6
169438,oz,oz,28.333
169438,steak,steak (yield from 297g raw meat),236
169439,oz,oz,28.25
169439,lb,lb,453.6
169440,oz,oz,28.333
169440,steak,steak (Yield from 448 g raw meat),293
169441,oz,oz,28.35
169441,lb,lb,453.6
169442,oz,oz,28.333
169442,piece,"piece, cooked, excluding refuse (yield from 1 lb raw meat with refuse)",170
169443,oz,oz,28.25
169443,steak,steak,539
169444,oz,oz,28.333
169444,roast,roast,647
169445,oz,oz,28.25
169445,steak,steak,679
169445,roast,roast,960
169446,oz,oz,28.25
169446,steak,steak,648
169446,roast,roast,949
169447,oz,oz,28.333
169447,unit,"unit, cooked (yield from 1 lb raw meat)",313
169448,oz,oz,28.333
169449,oz,oz,28.35
169449,oz,oz,28.25
169450,oz,oz,28.333
169451,oz,oz,28.25
169452,oz,oz,28.35
169452,oz,oz,28.25
169453,oz,oz,28.333
169453,piece,"piece, cooked, excluding refuse (yield from 1 lb raw meat with refuse)",222
169454,oz,oz,28.35
169454,oz,oz,28.25
169455,oz,oz,28.333
169455,steak,steak (yield from 203 g raw meat),164
169456,oz,oz,28.333
169456,steak,steak (yield from 186 g raw meat),150
169457,oz,oz,28.333
169457,steak,steak (yield from 518 g raw meat),384
169458,oz,oz,28.333
169458,steak,steak (yield from 532 g raw meat),393
169459,oz,oz,28.333
169459,lb,lb,453.6
169460,oz,oz,28.333
169460,lb,lb,453.6
169461,oz,oz ( 1serving ),28.333
169461,lb,lb,453.6
169462,oz,oz,28.25
169462,steak,steak,534
169463,oz,oz,28.333
169463,serving,serving,85
169463,piece,"piece, cooked, excluding refuse",256
169464,oz,oz,28.333
169464,lb,lb,453.6
169465,oz,oz,28.333
169465,lb,lb,453.6
169466,oz,oz,28.333
169466,lb,lb,453.6
169467,oz,oz,28.333
169467,steak,steak,368
169468,oz,oz,28.333
169468,serving,serving,85
169468,piece,"piece, cooked, excluding refuse",264
169469,oz,oz,28.333
169469,steak,steak,247
169470,oz,oz,28.25
169470,roast,roast,1289
169471,oz,oz,28.333
169471,steak,steak,284
169472,oz,oz,28.333
169472,steak,steak,269
169473,oz,oz,28.333
169473,portion,portion (yield from 1/2 lb raw meat ),139
169474,oz,oz,28.333
169474,loaf,loaf ( yield from 1 lb raw meat ),284
169475,oz,oz,28.333
169475,steak,steak,177
169476,oz,oz,28.333
169476,steak,steak,199
169477,oz,oz,28.25
169477,steak,steak,1438
169478,oz,oz,28.25
169478,steak,steak,1432
169479,oz,oz,28.333
169479,steak,steak,186
169480,oz,oz,28.25
169480,steak,steak,1027
169480,roast,roast,1316
169481,oz,oz,28.25
169482,oz,oz,28.25
169482,steak,steak,1106
169482,roast,roast,1320
169483,oz,oz,28.25
169484,oz,oz,28.333
169485,oz,oz,28.25
169486,oz,oz,28.333
169487,oz,oz,28.25
169488,oz,oz,28.333
169488,steak,steak (yield from raw steak weighing 550 g),380
169489,oz,oz,28.25
169489,lb,lb,453.6
169490,oz,oz,28.333
169490,piece,"piece, cooked, excluding refuse (yield from 1 lb raw meat with refuse)",332
169491,oz,oz,28.25
169491,lb,lb,453.6
169492,oz,oz,28.333
169492,piece,"piece, cooked, excluding refuse (yield from 1 lb raw meat with refuse)",257
169493,oz,oz,28.25
169493,lb,lb,453.6
169494,oz,oz,28.333
169494,piece,"piece, cooked, excluding refuse (yield from 1 lb raw meat with refuse)",247
169495,oz,oz,28.25
169495,lb,lb,453.6
169496,oz,oz,28.333
169496,roast,roast,586
169497,oz,oz,28.333
169497,roast,roast,645
169498,oz,oz,28.35
169498,lb,lb,453.6
169499,oz,oz,28.333
169499,piece,"piece, cooked, excluding refuse (yield from 1 lb raw meat with refuse)",267
169500,oz,oz,28.333
169500,piece,"piece, cooked, excluding refuse (yield from 1 lb raw meat with refuse)",289
169501,oz,oz,28.333
169501,piece,"piece, cooked, excluding refuse (yield from 1 lb raw meat with refuse)",264
169502,oz,oz,28.333
169502,piece,"piece, cooked, excluding refuse (yield from 1 lb raw meat with refuse)",289
169503,oz,oz,28.25
169503,lb,lb,453.6
169504,oz,oz,28.333
169504,piece,"piece, cooked, excluding refuse (yield from 1 lb raw meat with refuse)",274
169505,oz,oz,28.35
169505,lb,lb,453.6
169506,oz,oz,28.333
169506,piece,"piece, cooked, excluding refuse (yield from 1 lb raw meat with refuse)",267
169507,oz,oz,28.333
169507,piece,"piece, cooked, excluding refuse (yield from 1 lb raw meat with refuse)",296
169508,oz,oz,28.35
169508,lb,lb,453.6
169509,oz,oz,28.25
169509,lb,lb,453.6
169510,oz,oz,28.333
169510,piece,"piece, cooked, excluding refuse (yield from 1 lb raw meat with refuse)",268
169511,oz,oz,28.333
169511,piece,"piece, cooked, excluding refuse (yield from 1 lb raw meat with refuse)",282
169512,oz,oz,28.25
169512,lb,lb,453.6
169513,oz,oz,28.333
169513,piece,"piece, cooked, excluding refuse (yield from 1 lb raw meat with refuse)",285
169514,oz,oz,28.25
169514,lb,lb,453.6
169515,oz,oz,28.333
169515,piece,"piece, cooked, excluding refuse (yield from 1 lb raw meat with refuse)",268
169516,oz,oz,28.333
169516,piece,"piece, cooked, excluding refuse (yield from 1 lb raw meat with refuse)",276
169517,oz,oz,28.25
169517,lb,lb,453.6
169518,oz,oz,28.333
169518,piece,"piece, cooked, excluding refuse (yield from 1 lb raw meat with refuse)",313
169519,oz,oz,28.25
169519,lb,lb,453.6
169520,oz,oz,28.333
169520,piece,"piece, cooked, excluding refuse (yield from 1 lb raw meat with refuse)",281
169521,oz,oz,28.333
169521,steak,steak (yield from raw steak weighing 340g),226
169522,oz,oz,28.333
169522,piece,"piece, cooked, excluding refuse (yield from 1 lb raw meat with refuse)",338
169522,roast,roast (yield from 1 raw roast weighing 786g),636
169523,oz,oz,28.25
169523,lb,lb,453.6
169524,oz,oz,28.333
169524,piece,"piece, cooked, excluding refuse (yield from 1 lb raw meat with refuse)",333
169525,oz,oz,28.25
169525,lb,lb,453.6
169526,oz,oz,28.333
169526,piece,"piece, cooked, excluding refuse (yield from 1 lb raw meat with refuse)",326
169527,oz,oz,28.25
169527,lb,lb,453.6
169528,oz,oz,28.333
169528,piece,"piece, cooked, excluding refuse (yield from 1 lb raw meat with refuse)",325
169529,oz,oz,28.25
169529,lb,lb,453.6
169530,oz,oz,28.333
169530,piece,"piece, cooked, excluding refuse (yield from 1 lb raw meat with refuse)",286
169531,oz,oz,28.333
169531,piece,"piece, cooked, excluding refuse (yield from 1 lb raw meat with refuse)",326
169532,oz,oz,28.25
169532,lb,lb,453.6
169533,oz,oz,28.333
169533,steak,steak (yield from raw steak weighing 491g),359
169533,piece,"piece, cooked, excluding refuse (yield from 1 lb raw meat with refuse)",329
169534,oz,oz,28.25
169534,lb,lb,453.6
169535,oz,oz,28.333
169535,piece,"piece, cooked, excluding refuse (yield from 1 lb raw meat with refuse)",332
169536,oz,oz,28.25
169536,steak,steak,252
169537,oz,oz,28.333
169537,steak,steak,360
169538,oz,oz,28.25
169539,oz,oz,28.333
169539,steak,steak,213
169540,oz,oz,28.25
169540,steak,steak,301
169541,oz,oz,28.333
169541,steak,"steak, excluding refuse (yield from 1 raw steak, with refuse, weighing 242 g)",167
169542,oz,oz,28.25
169542,steak,steak,164
169543,oz,oz,28.333
169543,steak,"steak, excluding refuse (yield from 1 raw steak, with refuse, weighing 154 g)",104
169544,oz,oz,28.333
169544,piece,"piece, cooked, excluding refuse (yield from 1 lb raw meat with refuse)",330
169545,oz,oz,28.25
169545,steak,steak,177
169546,oz,oz,28.333
169546,piece,"piece, cooked, excluding refuse (yield from 1 lb raw meat with refuse)",329
169547,oz,oz,28.35
169547,lb,lb,453.6
169548,oz,oz,28.333
169548,steak,"steak, excluding refuse (yield from 1 raw steak, with refuse, weighing 154 g)",106
169549,oz,oz,28.333
169549,piece,"piece, cooked, excluding refuse (yield from 1 lb raw meat with refuse)",326
169550,oz,oz,28.333
169550,piece,"piece, cooked, excluding refuse (yield from 1 lb raw meat with refuse)",307
169551,oz,oz,28.25
169551,steak,steak,594
169552,oz,oz,28.333
169552,steak,steak (yield from 1 raw steak weighing 624g),485
169553,oz,oz,28.333
169554,oz,oz,28.333
169554,steak,steak (yield from 467 g raw meat),379
169555,oz,oz,28.333
169555,steak,steak (yield from 388 g raw meat),247
169556,oz,oz,28.333
169556,steak,steak (yield from 294 g raw meat),231
169557,oz,oz,28.333
169557,steak,steak (yield from 295 g raw meat),233
169558,oz,oz,28.333
169558,roast,roast (yield from 690g raw meat),569
169559,oz,oz,28.25
169559,roast,roast,252
169560,oz,oz,28.333
169560,steak,steak (yield from 381 g raw meat),277
169561,oz,oz (1 serving),28.333
169562,oz,oz,28.25
169563,oz,oz,28.25
169563,steak,steak,188
169564,oz,oz,28.25
169564,steak,steak,173
169565,oz,oz,28.25
169565,roast,roast,1289
169566,oz,oz,28.25
169566,roast,roast,1263
169567,oz,oz,28.333
169567,piece,piece,272
169568,oz,oz,28.333
169568,piece,piece,315
169569,oz,oz,28.333
169569,piece,piece,289
169570,oz,oz,28.25
169570,piece,piece,514
169571,oz,oz,28.333
169571,serving,serving,85
169571,roast,roast,569
169572,fl oz,fl oz,29.5
169572,fl oz,fl oz,29.5
169573,fl oz,fl oz,30.5
169573,can,"can (6.8 fl oz, 200 ml)",207
169574,fl oz,fl oz,30.2
169574,cocktail,cocktail (2 fl oz),60
169575,fl oz,fl oz,29.5
169575,fl oz,fl oz,29.5
169576,cup,cup,180
169576,piece,pieces,1
169577,serving,serving 1/4 cup,73
169577,tbsp,tbsp,15
169577,oz,oz,28.35
169577,cup,cup,240
169578,cup,cup,314
169578,tbsp,tbsp,20
169579,bar,bar 2.8 oz,78
169580,piece,piece,12
169580,recipe,"recipe yield, recipe makes 49     1 "" x 1""     pieces",612
169581,serving,"serving 0.5 oz, about 1 tbsp",14
169581,package,"package (net weight, 12 oz)",340
169582,serving,serving 1 singles bag,54
169582,package,package fun size,18
169582,piece,pieces,2
169582,cup,cup,170
169583,package,package (1.69 oz),48
169583,box,box (1.48 oz),42
169583,cup,cup,208
169583,serving,serving,21
169583,piece,pieces,0.7
169584,serving,"serving 0.5 oz, about 1 tbsp",14
169585,oz,oz,28.35
169585,bar,bar (1.4 oz),40
169585,bar,bar (1.6 oz),45
169585,bar,bar (1.75 fl oz),50
169586,oz,oz,28.35
169587,serving,serving 1.58 oz bag,45
169587,serving,serving fun size,48
169587,serving,serving 0.25 cup,45
169588,oz,oz,28.35
169588,piece,piece,1.8
169588,piece,pieces,1.75
169589,bar,bar (2 oz),57
169589,bar,"bar, fun size",15
169589,bar,"bar, king size (4 oz)",113
169590,serving,serving fun size (8 chews),40
169590,serving,serving 2.07 oz pack,59
169590,piece,piece,5
169591,serving,serving 1.0 oz tube,30
169591,serving,serving 0.50 oz box,15
169591,serving,serving 1 1.94 oz tube,55
169592,bar,bar 1.45 oz,41
169592,bar,bar 2.6 oz,73
169592,block,blocks,14
169592,bar,bar,17
169593,cup,cup,86
169593,tbsp,tbsp,5.4
169594,cup,cup,86
169594,tbsp,tbsp,5.4
169595,cup,cup,282
169595,recipe,recipe yield,563
169596,cup,cup,270
169596,serving,serving,21
169596,package,"package 3 oz, yields 2 cups",540
169597,serving,serving,6.4
169598,cup,cup,234
169598,package,package yield (2 cups),469
169599,envelope,envelope (1 tbsp),7
169599,package,package (1 oz),28
169600,cup,cup,294
169600,package,package yield (2 cups),587
169601,cup,cup,282
169601,recipe,recipe yield,844
169602,package,package (3 oz),85
169602,portion,"portion, amount to make 1/2 cup",21
169603,package,package (3.5 oz),99
169603,portion,"portion, amount to make 1/2 cup",25
169604,cup,cup,284
169604,package,package yield (2 cups),570
169605,cup,cup,256
169606,package,package (3.5 oz),92
169606,portion,"portion, amount to make 1/2 cup",23
169607,cup,cup,256
169608,oz,oz,28.35
169608,container,container refrigerated 4 oz,110
169608,container,container shelf stable 3.5 oz,97
169609,package,package (3.12 oz),88
169609,portion,"portion, amount to make 1/2 cup",22
169610,cup,cup,280
169610,package,package yield (2 cups),559
169611,cup,cup,256
169612,cup,cup,256
169613,bar,bar,51
169614,oz,oz,28.35
169614,container,container refrigerated 4 oz,110
169614,container,container,97
169615,cup,cup,280
169615,package,package yield (2 cups),559
169616,tbsp,tbsp,9
169616,package,package (2 oz),57
169618,package,package,475
169618,tbsp,tbsp,17.5
169618,package,package (16 oz),462
169619,tbsp,tbsp creamy,16.5
169619,tbsp,tbsp whipped,12
169620,package,package,475
169620,tbsp,tbsp creamy,16.5
169620,package,package (16 oz),462
169622,piece,pieces,2.294
169623,piece,pieces,2.438
169624,bar,bar 1.92 oz,54
169624,bar,bars,17
169625,package,package,388
169626,package,package yields,315
169626,package,package,325
169627,piece,pieces,2.222
169628,serving,serving 1.5 oz,42
169629,bar,bar 1.94 oz,55
169629,bar,bar king size 2.8 oz,79
169630,oz,oz bar,28
169631,serving,serving 1/2 cup,68
169632,bar,bar (2.5 fl oz),77
169632,bar,bar (3 fl oz),92
169633,serving,serving 1/2 cup,72
169634,serving,serving 28 pieces,40
169635,roll,roll,21
169636,serving,serving,21
169636,packet,packet,14.2
169637,oz,oz,28.35
169638,cup,cup (4 fl oz),198
169639,serving,serving 1.42 oz bar,40
169640,cup,cup,339
169640,tbsp,tbsp,21
169640,packet,packet (0.5 oz),14
169641,tbsp,tbsp,20
169641,packet,packet (0.5 oz),14
169642,serving,serving 1 tbsp,21
169642,packet,packet (0.5 oz),14
169643,serving,serving 13 pieces,39
169644,serving,serving 13 pieces,39
169645,serving,serving 15 pieces,41
169646,serving,serving fun size (8 chews),40
169647,serving,serving 2.07 oz pack,59
169648,package,package (3.5 oz),99
169648,portion,"portion, amount to make 1/2 cup",25
169649,cup,cup,254
169650,package,package (3.12 oz),88
169650,portion,"portion, amount to make 1/2 cup",22
169651,serving,serving 0.78 oz bar,22
169652,serving,serving 0.78 oz bar,22
169653,serving,serving 0.7 oz bar,20
169654,package,package (3.5 oz),99
169654,portion,"portion, amount to make 1/2 cup",25
169655,serving,serving packet,2.8
169655,tsp,tsp,4.2
169655,cup,cup,200
169655,serving,serving 1 cube,2.3
169656,cup,cup unsifted,120
169656,cup,cup sifted,100
169656,tbsp,tbsp unsifted,8
169656,tsp,tsp,2.5
169657,tsp,tsp,3.5
169657,serving,serving 1 packet,1
169658,tsp,tsp,3
169658,oz,oz,28.35
169658,piece,"piece (1-3/4"" x 1-1/4"" x 1/2"")",28
169659,cup,cup,310
169659,tbsp,tbsp,19
169660,cup,cup,332
169660,tbsp,tbsp,21
169661,tbsp,tbsp,20
169661,serving,serving 1/4 cup,83
169661,cup,cup,315
169662,cup,cup,330
169662,tbsp,tbsp,21
169663,serving,serving 1.66 oz bar,47
169663,bar,bar fun size,15
169663,serving,serving 1.56 oz bar,44
169664,oz,oz,28.35
169664,jar,jar,198
169665,cup,cup,340
169665,tbsp,tbsp,21
169666,cup,cup,328
169666,tbsp,tbsp,20.5
169667,serving,serving 2.1 oz bag,62
169667,serving,serving fun size bag,20
169668,recipe,recipe yield,327
169669,piece,piece,20
169669,recipe,recipe yield (60 pieces),1229
169670,piece,piece,15
169671,piece,piece,12
169672,oz,oz,28.35
169672,oz,oz,28.5
169673,bar,bar (1 oz),28
169674,bar,bar (1.5 oz),43
169674,bar,bar (1 oz),28
169675,bar,bar (1 oz),28
169676,bar,bar (1 oz),28
169677,oz,oz,28
169677,chip,chips,1.273
169677,oz,oz,28.35
169677,bag,bag (8 oz),227
169678,oz,oz,28.35
169678,can,can (6.25 oz),191
169679,cake,cake,9
169679,cake,cakes,9
169680,cake,cake,9
169680,cake,cakes,9
169681,oz,oz,28.35
169681,bar,bar,24
169682,oz,oz,28.35
169682,bag,bag (6 oz),170
169683,oz,oz,28.35
169683,bag,bag (6 oz),170
169684,oz,oz,28.35
169685,oz,oz,28.35
169686,oz,oz,28.35
169686,bag,bag (8 oz),227
169687,serving,serving,22
169688,bar,bar,37
169689,bar,bar,28
169690,cup,cup chips (6 oz package),170
169690,cup,cup large chips,182
169690,cup,cup mini chips,173
169690,oz,oz (approx 60 pcs),28.35
169691,package,package (3 oz),85
169691,portion,"portion, amount to make 1/2 cup",21
169692,tbsp,tbsp,9
169692,package,package (0.35 oz),10
169692,portion,"portion, amount to make 1/2 cup",2.5
169693,tbsp,tbsp,9
169693,package,package (0.35 oz),10
169693,portion,"portion, amount to make 1/2 cup",2.5
169694,cup,cup,114
169695,cup,cup,126
169696,cup,cup,114
169697,cup,cup,122
169698,cup,cup,128
169699,cup,cup,173
169700,cup,"cup, cooked",157
169700,cup,"cup, dry, yields",528
169700,oz,"oz, dry, yields",86
169701,cup,cup,165
169702,cup,cup,200
169703,cup,cup,185
169704,cup,cup,202
169705,cup,cup,156
169706,cup,cup,190
169707,cup,cup,185
169708,cup,cup,158
169709,cup,cup,95
169710,cup,cup,165
169711,cup,cup,174
169712,cup,"cup, loosely packed",132
169713,cup,cup,118
169714,cup,cup,158
169715,cup,cup,167
169716,cup,cup,192
169717,cup,cup,152
169718,cup,cup,192
169719,cup,cup,192
169720,cup,cup,168
169721,cup,cup,192
169722,cup,cup,58
169723,cup,"cup unsifted, dipped",137
169724,cup,cup,111
169725,cup,cup,108
169726,cup,cup,160
169727,oz,oz,28.444
169728,oz,oz,64
169729,oz,oz,28.444
169730,oz,oz,28.5
169731,cup,cup,38
169731,oz,oz,28.5
169732,cup,cup,160
169733,cup,cup,38
169733,oz,oz,28.5
169734,cup,cup,160
169735,cup,cup,45
169736,cup,cup spaghetti,91
169736,oz,oz,28.5
169736,cup,cup elbows,122
169736,cup,cup penne,95
169736,cup,cup farfalle,81
169736,cup,cup rotini,96
169736,cup,cup shells,64
169736,cup,cup lasagna,90
169737,cup,cup spaghetti not packed,124
169737,cup,cup spaghetti packed,151
169737,cup,cup elbows not packed,120
169737,cup,cup elbows packed,132
169737,cup,cup penne,107
169737,cup,cup farfalle,107
169737,cup,cup rotini,107
169737,cup,cup shells,105
169737,cup,cup lasagne,116
169738,cup,cup spaghetti,91
169738,cup,cup elbows,122
169738,cup,cup penne,95
169738,cup,cup farfalle,81
169738,cup,cup rotini,96
169738,cup,cup shells,64
169738,cup,cup lasagne,90
169739,cup,cup,148
169740,cup,cup,162
169741,cup,cup,104
169742,oz,oz,28.5
169743,cup,cup,186
169744,cup,cup,172
169745,cup,cup,174
169746,cup,cup,194
169747,cup,cup,193
169748,cup,cup,117
169749,cup,cup,114
169750,cup,cup,122
169751,cup,cup spaghetti not packed,124
169751,cup,cup packed,151
169751,cup,cup elbows not packed,120
169751,cup,cup elbows packed,132
169751,cup,cup penne,107
169751,cup,cup farfalle,107
169751,cup,cup rotini,107
169751,cup,cup shells,105
169751,cup,cup lasagne,116
169752,cup,cup,160
169753,cup,cup,158
169754,cup,cup,125
169755,cup,cup,38
169756,cup,cup,185
169757,cup,cup,158
169758,cup,cup,185
169759,cup,cup,158
169760,cup,cup,195
169761,cup,cup,125
169762,cup,cup,160
169763,oz,oz,28.333
169764,oz,oz,28.333
169765,tbsp,tablespoon,12.5
169766,cup,cup drained,136
169767,cup,cup,269
169768,cup,cup,229
169768,container,container,700
169859,cup,cup (1 NLEA serving),42.667
169860,tbsp,tablespoon,14
169861,cup,cup,8
169861,oz,oz,28.35
169862,cup,cup (1 NLEA serving),69.333
169863,oz,oz,28.35
169866,cup,"cup, sliced",143
169867,tbsp,tbsp,14
169867,cup,cup,224
169867,tsp,teaspoon,4.5
169868,cup,cup,247
169868,fl oz,fl oz,30.9
169869,tbsp,tbsp,16
169870,cup,cup (1 NLEA serving),59
169875,tbsp,tbsp,16
169875,cup,cup,250
169876,tbsp,tbsp,15
169876,cup,cup,245
169877,tbsp,tbsp,15
169877,cup,cup,240
169878,cup,cup,240
169878,tbsp,tbsp,15
169879,cup,cup,300
169879,tbsp,tbsp,19
169880,piece,piece,3
169881,serving,serving,36
169882,piece,piece,2
169884,cup,cup,140
169885,cup,cup,240
169886,cup,cup,168
169887,cup,"cup, sliced",140
169887,frankfurter,frankfurter,70
169888,slice,slice,56
169889,cup,cup,150
169890,cup,cup,150
169891,cup,cup,128
169892,cup,cup,136
169893,tbsp,tbsp,7
169894,cup,cup,80
169895,tbsp,tablespoon,15
169895,serving,serving (2 tbsp),30
169896,cup,cup,196
169896,tsp,tsp,4.2
169896,individual,individual packet,3
169897,tbsp,tbsp,5.6
169897,envelope,envelope,20
169898,container,container (6 oz),170
169898,container,container (4.4 oz),125
169898,cup,cup (8 fl oz),245
169898,container,container (8 oz),227
169899,cup,cup,80
169900,serving,serving,74
169901,slice,slice,21
169901,cubic,cubic inch,18
169901,cup,cup,224
169902,oz,oz,28.35
169902,lb,lb,453
169903,cup,"cup, chopped or diced",140
169904,oz,oz,28.35
169905,cup,"cup, chopped or diced",140
169906,oz,"oz, boneless",28.333
169906,cubic,"cubic inch, boneless",17
169907,fruit,fruit,1.7
169908,cup,"cup, cubed",149
169908,large,large,20
169908,medium,medium,16
169908,small,small,13.6
169909,fruit,fruit without refuse,846
169910,cup,cup pieces,165
169910,fruit,fruit without refuse,336
169911,cup,"cup, diced (approx 20 pieces per cup)",170
169911,cup,"cup, balls",177
169911,melon,"melon (5-1/4"" dia)",1000
169911,melon,"melon (6"" - 7"" dia)",1280
169911,wedge,"wedge (1/8 of 5-1/4"" dia melon)",125
169911,wedge,"wedge (1/8 of 6"" to 7"" dia melon)",160
169911,honeydew,honeydew balls,13.8
169911,nlea,NLEA serving,134
169912,cup,"cup, unthawed",173
169913,cup,cup,140
169913,fruit,fruit,1.5
169914,cup,cup slices,143
169914,small,"small (2-1/3"" dia)",129
169914,medium,"medium (2-1/2"" dia)",142
169914,large,"large (2-3/4"" dia)",156
169914,nlea,NLEA serving,140
169915,cup,cup,140
169915,fruit,fruit,1.1
169916,cup,"cup sections, without membranes",180
169916,fruit,"fruit (2-5/8"" dia)",121
169917,cup,"cup sections, without membranes",165
169917,fruit,"fruit (2-7/8"" dia)",140
169917,nlea,NLEA serving,154
169918,cup,"cup sections, without membranes",185
169918,fruit,"fruit (2-5/8"" dia)",141
169918,fruit,"fruit (2-11/16"" dia)",151
169919,cup,cup,170
169919,fruit,fruit without seeds,159
169920,cup,cup,249
169920,fl oz,fl oz,31.1
169921,cup,cup,249
169921,fl oz,fl oz,31.1
169922,cup,cup,262
169922,fl oz,fl oz,33
169923,cup,cup,262
169923,fl oz,fl oz,33
169924,cup,cup,252
169925,cup,cup,247
169925,fl oz,fl oz,30.9
169926,cup,"cup 1"" pieces",145
169926,cup,"cup, mashed",230
169926,fruit,"fruit, small",157
169926,fruit,"fruit, large",781
169927,piece,piece,39
169928,cup,cup slices,154
169928,small,"small (2-1/2"" dia)",130
169928,medium,"medium (2-2/3"" dia)",150
169928,large,"large (2-3/4"" dia)",175
169928,extra-large,"extra large (3"" dia)",224
169928,nlea,NLEA serving,147
169929,cup,"cup, halves or slices",244
169929,half,"half, with liquid",98
169930,cup,cup,250
169930,cup,"cup, halves or slices",248
169930,half,"half, with liquid",98
169931,cup,"cup, halves or slices",247
169932,cup,cup,116
169933,cup,cup,242
169934,cup,"cup, halves",160
169934,half,half,13
169935,cup,cup,258
169936,cup,"cup, halves",248
169936,half,"half, with liquid",76
169937,cup,"cup, halves",247
169937,half,"half, with liquid",76
169938,cup,"cup, halves",251
169938,half,"half, with liquid",76
169939,cup,cup,266
169939,half,"half, with liquid",76
169940,cup,cup,250
169940,fl oz,fl oz,31.2
169941,fruit,"fruit (2-1/2"" dia)",168
169942,fruit,fruit without refuse,34
169943,fruit,fruit without refuse,25
169944,cup,"cup, crushed, sliced, or chunks",254
169944,slice,"slice or ring (3"" dia) with liquid",49
169945,cup,"cup, crushed, sliced, or chunks",260
169946,cup,"cup, chunks",245
169947,cup,cup,250
169947,fl oz,fl oz,31.3
169948,can,can (6 fl oz),216
169949,cup,"cup, sliced",165
169949,fruit,"fruit (2-1/8"" dia)",66
169949,nlea,NLEA serving,151
169950,cup,"cup, pitted",249
169950,plum,plum with liquid,46
169951,cup,"cup, pitted",252
169951,plum,plum with liquid,46
169952,cup,"cup, pitted",252
169952,plum,plum with liquid,46
169953,cup,cup,160
169953,package,package (10 oz),284
169954,cup,cup,170
169954,package,package (10 oz) yields,311
169955,cup,cup,164
169955,package,package (10 oz),284
169956,cup,cup,180
169956,package,package (10 oz) yields,311
169957,cup,cup,104
169957,package,package (12 oz),340
169958,package,package (10 oz),284.848
169958,package,package (10 oz),284
169959,package,package (10 oz) yields,284.848
169959,package,package (10 oz) yields,284
169960,cup,cup,245
169961,cup,"cup 1/2"" pieces",100
169961,bean,"beans (4"" long)",5.5
169962,cup,cup,121
169962,package,package (10 oz),284
169963,cup,cup,135
169964,cup,cup,111
169965,cup,"cup 1/2"" pieces",116
169966,cup,"cup, diced",157
169966,cup,"cup, shredded",195
169966,cup,cup slices,170
169966,cup,"cup, whole",163
169966,slice,slice,8
169966,beet,beet,24
169966,can,can (303 x 406),294
169967,cup,"cup, chopped",156
169967,stalk,"stalk, large (11""-12"" long)",280
169967,stalk,"stalk, medium (7-1/2"" - 8"" long)",180
169967,stalk,"stalk, small (5"" long)",140
169967,spear,"spear (about 5"" long)",37
169968,cup,cup,156
169968,package,package (10 oz),284
169969,cup,cup,184
169970,package,package (10 oz),287.879
169970,package,package (10 oz),284
169970,package,package (2 lb),907
169971,sprout,sprout,21
169971,cup,cup,156
169972,package,package (10 oz),287.879
169972,package,package (10 oz),284
169972,package,package (2 lb),907
169973,cup,cup,155
169974,cup,"cup (1"" pieces)",118
169974,root,root,156
169975,cup,"cup, chopped",89
169975,cup,"cup, shredded",70
169975,head,"head, large (about 7"" dia)",1248
169975,leaf,"leaf, large",33
169975,head,"head, medium (about 5-3/4"" dia)",908
169975,leaf,"leaf, medium",23
169975,head,"head, small (about 4-1/2"" dia)",714
169975,leaf,leaf,15
169976,cup,"cup, shredded",150
169976,head,head,1262
169977,cup,"cup, chopped",89
169977,cup,"cup, shredded",70
169977,head,"head, large (about 5-1/2"" dia)",1134
169977,leaf,leaf,23
169977,head,"head, medium (about 5"" dia)",839
169977,head,"head, small (4"" dia)",567
169978,leaf,leaf,22
169978,cup,"cup, shredded",150
169979,cup,"cup, shredded",76
169980,cup,"cup, shredded",119
169980,leaf,leaf,14
169981,cup,"cup, shredded",178
169983,cup,cup slices,128
169983,package,package (10 oz),284
169984,cup,"cup, sliced",146
169985,cup,cup,206
169985,root,root,408
169986,cup,"cup chopped (1/2"" pieces)",107
169986,floweret,floweret,13
169986,head,"head large (6-7"" dia.)",840
169986,head,"head medium (5-6"" dia.)",588
169986,head,"head small (4"" dia.)",265
169987,cup,cup pieces,155
169988,cup,cup chopped,101
169988,nlea,NLEA serving,110
169988,tbsp,tbsp,7.5
169988,stalk,"stalk, large (11""-12"" long)",64
169988,stalk,"stalk, medium (7-1/2"" - 8"" long)",40
169988,stalk,"stalk, small (5"" long)",17
169988,strip,"strip (4"" long)",4
169989,cup,"cup, diced",150
169989,stalk,stalks,37.5
169990,leaf,leaf,8
169991,cup,cup,36
169991,leaf,leaf,48
169992,cup,"cup, chopped",29
169993,root,root,60
169993,cup,"cup (1"" pieces)",90
169994,tbsp,tbsp chopped,3
169994,tsp,tsp chopped,1
169995,cup,"cup (1"" pieces)",25
169995,stem,"stem (8-3/4"" long)",14
169996,cup,"cup, chopped",170
169997,cup,cup,16
169997,sprig,sprigs,2.222
169998,cup,cup,145
169998,ear,"ear, large (7-3/4"" to 9"" long) yields",143
169998,ear,"ear, medium (6-3/4"" to 7-1/2"" long) yields",102
169998,ear,"ear, small (5-1/2"" to 6-1/2"" long)",73
169999,ear,"ear small (5-1/2"" to 6-1/2"" long)",89
169999,ear,"ear medium (6-3/4"" to 7-1/2"" long)",103
169999,ear,"ear large (7-3/4"" to 9"" long)",118
169999,cup,cup cut,149
169999,baby,baby ear,8
170000,cup,"cup, chopped",160
170000,cup,"cup, sliced",115
170000,tbsp,tbsp chopped,10
170000,large,large,150
170000,slice,"slice, large (1/4"" thick)",38
170000,medium,"medium (2-1/2"" dia)",110
170000,slice,"slice, medium (1/8"" thick)",14
170000,small,small,70
170000,slice,"slice, thin",9
170000,ring,rings,6
170001,cup,cup,210
170001,tbsp,tbsp chopped,15
170001,large,large,128
170001,slice,"slice, large (1/4"" thick)",32
170001,medium,medium,94
170001,slice,"slice, medium (1/8"" thick)",12
170001,small,small,60
170001,slice,"slice, thin",8
170002,tbsp,tbsp,5
170002,cup,cup,56
170003,onion,onion,63
170003,cup,"cup, chopped or diced",224
170004,cup,cup chopped,87
170005,cup,"cup, chopped",100
170005,tbsp,tbsp chopped,6
170005,large,large,25
170005,medium,"medium (4-1/8"" long)",15
170005,small,"small (3"" long)",5
170006,tbsp,tbsp,6
170006,stalk,stalk,12
170006,cup,cup chopped,71
170008,nlea,NLEA serving,148
170008,onion,onion,331
170009,cup,cup slices,156
170009,parsnip,"parsnip (9"" long)",160
170010,cup,"cup, chopped",98
170010,cup,"cup, whole",63
170010,pea,pea pods,3.4
170011,cup,cup,160
170012,cup,cup,144
170012,package,package (10 oz),284
170013,cup,cup,175
170013,can,can (303 x 406),313
170014,cup,cup,227
170014,cup,cup,228
170015,can,can,257
170015,cup,cup,163
170016,cup,cup,134
170016,package,package,284
170017,cup,cup,160
170017,package,package (10 oz) yields,253
170018,package,package (10 oz) yields,278
170018,cup,cup,160
170019,cup,cup,120
170020,cup,cup,138
170020,package,package (10 oz),284
170021,cup,cup,180
170022,package,package (10 oz),287.879
170022,package,package (10 oz),284
170024,cup,cup chopped,115
170025,cup,cup,154
170025,seed,seeds,0.4
170026,cup,"cup, diced",150
170026,potato,"Potato large (3"" to 4-1/4"" dia)",369
170026,potato,"Potato medium (2-1/4"" to 3-1/4"" dia)",213
170026,potato,"Potato small (1-3/4"" to 2-1/2"" dia)",170
170027,cup,"cup, diced",150
170027,potato,"potato large (3"" to 4-1/4"" dia)",369
170027,potato,"Potato medium (2-1/4"" to 3-1/4"" dia)",213
170027,potato,"Potato small (1-3/4"" to 2-1/4"" dia)",170
170028,cup,"cup, diced",150
170028,large,"large (3"" to 4-1/4"" dia.)",369
170028,medium,"medium (2+-1/4"" to 3-1/4"" dia.)",213
170028,small,"small (1-3/4"" to 2-1/4"" dia.)",92
170029,cup,"cup, diced",150
170029,potato,"potato large (3"" to 4-1/4"" dia)",369
170029,potato,"potato medium (2-1/4"" to 3-1/4"" dia)",213
170029,potato,"potato small (1-3/4"" to 2-1/4"" dia)",170
170030,potato,"potato large (3"" to 4-1/4"" dia.",299
170030,potato,"potato medium (2-1/4"" to 3-1/4"" dia.)",173
170030,potato,"potato small (1-3/4"" to 2-1/2"" dia.)",138
170031,oz,oz,28.333
170032,skin,skin,38
170033,cup,cup,122
170033,potato,"potato (2-1/3"" x 4-3/4"")",156
170034,skin,skin,58
170035,skin,skin,58
170036,cup,cup,156
170037,cup,cup,210
170038,cup,cup,245
170039,cup,cup,200
170040,cup,cup,210
170041,cup,cup,200
170042,cup,cup,210
170043,cup,cup,210
170043,package,package (12 oz),340
170044,cup,cup prepared,150
170044,patty,"patty, oval (approx 3"" x 1-1/2"" x 1/2"")",29
170044,package,"package yield, 12 oz",205
170045,package,package (6 oz),170
170047,cup,cup,120
170047,piece,pieces,9.1
170048,puff,puffs,7.9
170048,crispy,Crispy Crowns,6
170048,puff,puff,7
170048,cup,cup,128
170050,cup,cup,240
170050,medium,medium,123
170051,cup,cup,240
170051,tbsp,tbsp,15
170051,can,can,190
170051,large,large,164
170051,medium,medium,111
170051,small,small,82
170052,cup,cup,255
170053,cup,cup,241
170054,cup,cup,245
170055,cup,cup,245
170056,cup,cup,245
170057,cup,cup,244
170057,can,"can, 15 oz (303 x 406)",425
170058,cup,"cup, cubes",156
170058,cup,"cup, mashed",230
170059,package,"package, mashed (10 oz)",284.848
170059,package,"package, mashed (10 oz)",284
170060,cup,cup,156
170061,cup,"cup, chopped",55
170062,cup,cup,163
170063,cup,cup,253
170063,fl oz,fl oz,30.333
170064,cup,cup,245
170065,cup,cup,163
170066,cup,cup slices,124
170066,waterchestnut,waterchestnuts,9
170067,cup,cup slices,140
170067,waterchestnut,waterchestnuts,7
170068,cup,"cup, chopped",34
170068,sprig,sprig,2.5
170068,sprig,sprigs,2.5
170069,cup,"cup, cubes",132
170069,waxgourd,waxgourd,5700
170071,cup,"cup, cubes",150
170072,cup,"cup, cubes",136
170072,cup,"cup, cubes",136
170073,cup,cup slices,120
170073,cup,cup,130
170073,large,large,1200
170073,medium,medium,659
170073,slice,slice,6
170073,small,small,365
170075,tbsp,tbsp,0.2
170075,cup,cup,3.2
170076,cup,"cup, chopped",133
170078,cup,cup,100
170079,cup,cup,125
170080,cup,"cup, chopped",136
170080,cup,"cup, sliced",104
170080,pepper,pepper,22
170081,cup,cup slices,100
170081,radish,"radish (7"" long)",17
170082,tbsp,tbsp,0.9
170082,cup,cup,14.4
170083,cup,cup,228
170083,can,can (404 x 307),638
170084,cup,cup,196
170085,cup,cup,244
170085,can,"can, 15 oz (303 x 406)",425
170088,piece,"piece (2-1/2"" x 2"" dia)",105
170089,cup,cup,101
170089,recipe,recipe yield,604
170092,small,"small 2-3/4 in. dia., 5/8 in. thick.",22
170092,medium,"medium 3-1/4 in. x 3-5/8 in., 5/8 in. thick.",37
170093,nlea,NLEA serving,148
170093,potato,potato large,299
170093,potato,potato medium,173
170093,potato,potato small,138
170094,potato,"potato (2-3/4"" dia by 4-3/4"" long)",202
170095,cup,cup,38
170096,cup,"cup, chopped",139
170096,tomato,tomato,212
170097,cup,cup pieces,145
170097,mushroom,mushrooms,18
170098,cup,cup slices,160
170098,pod,"pods (3"" long)",10.625
170099,cup,cup slices,184
170099,package,package (10 oz) yields,255
170100,cup,cup,210
170100,tbsp,tbsp chopped,15
170100,large,large,128
170100,slice,"slice large (1/4"" thick)",32
170100,medium,medium,94
170100,slice,"slice medium (1/8"" thick)",12
170100,small,small,60
170100,slice,slice thin,8
170101,tbsp,tbsp chopped,15
170101,cup,"cup, chopped or diced",210
170102,cup,cup,160
170103,cup,cup,248
170103,can,can (303 x 406),482
170104,cup,cup,170
170104,can,can (303 x 406),313
170105,cup,cup,160
170105,package,package (10 oz) yields,253
170106,pepper,pepper,45
170106,cup,"cup, chopped or diced",150
170107,pepper,pepper,73
170107,cup,"cup, chopped or diced",136
170108,cup,"cup, chopped",149
170108,cup,"cup, sliced",92
170108,tbsp,tablespoon,9.3
170108,large,"large (2-1/4 per pound, approx 3-3/4"" long, 3"" dia.)",164
170108,medium,"medium (approx 2-3/4"" long, 2-1/2 dia.)",119
170108,small,small,74
170108,ring,"ring (3"" dia., 1/4"" thick)",10
170109,tbsp,tbsp,11.6
170109,pepper,pepper,73
170109,cup,"cup, chopped",184
170110,cup,"cup, strips",135
170110,tbsp,tbsp,11.6
170110,cup,"cup, chopped",136
170111,cup,cup,122
170111,potato,"potato large (3"" to 4-1/4"" dia)",299
170111,potato,"potato medium (2-1/4"" to 3-1/4"" dia)",173
170111,potato,"potato small (1-3/4"" to 2-1/2"" dia)",138
170111,nlea,NLEA serving,148
170112,cup,cup,122
170112,potato,"potato (2-1/3"" x 4-3/4"")",156
170113,skin,skin,58
170114,cup,cup,156
170114,potato,"potato (2-1/2"" dia, sphere)",136
170115,skin,skin,58
170117,strip,strips,5
170117,package,package (9 oz) yields,198
170118,strip,strip,7.4
170119,cup,cup,134
170120,cup,cup,71
170121,cup,cup,115
170122,cup,cup slices,147
170123,cup,cup,234
170124,cup,cup,190
170124,package,package (10 oz) yields,220
170125,cup,cup slices,180
170126,cup,cup slices,180
170127,cup,"cup, cubes",205
170128,cup,"cup, cubes",205
170129,cup,"cup, mashed",245
170130,cup,"cup, cubes",205
170131,cup,cup,170
170132,cup,"cup, chopped",98
170133,cup,cup,64
170134,medium,"medium (2"" dia, 5"" long, raw)",114
170134,cup,"cup, mashed",200
170135,cup,cup slices,140
170136,cup,cup slices,137
170137,cup,cup,240
170137,cup,cup,240
170137,nlea,NLEA serving,121
170138,cup,cup,240
170138,tbsp,tbsp,15
170138,can,can,190
170138,large,large,164
170138,medium,medium,111
170138,small,small,82
170138,cup,cup,240
170139,cup,"cup, chopped",144
170140,cup,cup,164
170140,package,package (10 oz) yields,220
170141,cup,cup,163
170141,cup,cup,172
170142,cup,cup,182
170142,package,package (10 oz) yields,275
170143,cup,cup diced,86
170143,piece,piece whole,84
170144,oz,oz,28.35
170145,oz,oz,28.35
170146,oz,oz,28.35
170147,oz,oz,28.35
170148,tbsp,tbsp,10
170149,cup,cup,32
170149,oz,oz (42 medium seeds),28.35
170150,cup,cup,144
170150,tbsp,tbsp,9
170151,oz,oz,28.35
170152,cup,cup,128
170152,oz,oz,28.35
170153,oz,oz,28.35
170154,cup,cup,134
170154,oz,oz,28.35
170155,tbsp,tbsp,16
170155,oz,oz,28.35
170156,cup,cup,64
170156,tbsp,tbsp,4
170157,oz,oz,28.35
170158,cup,cup whole kernels,138
170158,oz,oz (22 whole kernels),28.35
170159,cup,cup whole kernels,157
170159,oz,oz (22 whole kernels),28.35
170160,oz,oz,28.35
170160,cup,"cup, firmly packed",227
170161,oz,oz,28.35
170162,oz,oz,28.35
170163,tbsp,tbsp,16
170163,oz,oz,28.35
170164,oz,oz,28.35
170165,oz,oz,28.35
170166,oz,oz,28.35
170167,oz,oz,28.35
170168,oz,oz,28.35
170169,cup,"cup, shredded",80
170169,medium,medium,397
170169,piece,"piece (2"" x 2"" x 1/2"")",45
170170,oz,oz,28.35
170171,tbsp,tbsp,19
170171,cup,cup,296
170172,cup,cup,240
170172,tbsp,tbsp,15
170173,cup,cup,226
170173,tbsp,tbsp,15
170174,cup,cup,240
170174,tbsp,tbsp,15
170174,coconut,coconut yields,206
170175,oz,oz,28.35
170176,cup,cup (78 kernels),155
170176,oz,oz (14 kernels),28.35
170177,cup,cup,120
170177,oz,oz,28.35
170177,nut,nut,3
170178,cup,"cup, whole or halves",134
170178,oz,oz (10-12 kernels),28.35
170179,cup,"cup, whole or halves",132
170179,oz,oz (10-12 kernels),28.35
170180,oz,oz,28.35
170181,cup,cup,132
170182,cup,"cup, chopped",109
170182,cup,"cup, halves",99
170182,oz,oz (19 halves),28.35
170183,oz,oz,28.35
170184,cup,cup,123
170184,oz,oz (49 kernels),28.35
170184,kernel,kernel,0.7
170185,cup,cup,123
170185,oz,oz (49 kernels),28.35
170185,kernel,kernel,0.7
170186,cup,"cup, chopped",125
170186,tbsp,tbsp,7.8
170186,oz,oz,28.35
170187,cup,"cup, chopped",117
170187,cup,"cup, ground",80
170187,cup,"cup, in shell, edible yield (7 nuts)",28
170187,cup,cup shelled (50 halves),100
170187,cup,cup pieces or chips,120
170187,oz,oz (14 halves),28.35
170188,cup,cup,64
170188,oz,oz (85 seeds),28.35
170189,tbsp,tbsp,15
170189,oz,oz,28.35
170190,cup,cup,143
170190,oz,oz,28.35
170190,kernel,kernels,8.4
170191,tbsp,tbsp,16
170192,oz,oz,28.35
170193,oz,oz,28.35
170193,oz,oz,28.25
170194,oz,oz,28.35
170194,oz,oz,28.25
170195,oz,oz,28.333
170195,piece,"piece, cooked, excluding refuse (yield from 1 lb raw meat with refuse)",381
170196,oz,oz,28.35
170196,oz,oz,28.25
170197,slice,slices,22.667
170197,package,"package (net weight, 12 oz)",340
170198,slice,slices,11.333
170198,package,"package, cooked (yield from 12 oz raw product)",170
170199,oz,oz,28.35
170199,lb,lb,453.6
170200,oz,oz,28.333
170200,piece,"piece, cooked, excluding refuse (yield from 1 lb raw meat with refuse)",320
170201,oz,oz,28.333
170201,steak,steak,356
170202,slice,"slice (1 oz) (4"" x 4"" x 3/32"" thick)",28
170203,oz,oz,28.333
170203,steak,steak,349
170204,package,"package, 2.5 oz",71
170204,slice,slice (1 oz),28
170205,oz,oz,28.25
170205,steak,steak,473
170206,oz,oz,28.333
170207,oz,oz,28.333
170208,oz,oz,28.333
170209,oz,oz,28.333
170210,oz,oz,28.333
170210,steak,steak (yield from 418g raw meat),270
170211,oz,oz,28.333
170211,piece,"piece, cooked, excluding refuse (yield from 1 lb raw meat with refuse)",314
170212,oz,oz,28.333
170212,piece,"piece, cooked, excluding refuse (yield from 1 lb raw meat with refuse)",232
170213,oz,oz,28.333
170213,roast,roast (yield from 1601 g raw meat),1166
170214,oz,oz,28.333
170214,roast,roast,629
170215,oz,oz,28.333
170215,piece,"piece, cooked, excluding refuse (yield from 1 lb raw meat with refuse)",191
170216,oz,oz,28.333
170216,roast,roast,658
170217,oz,oz,28.333
170217,roast,roast,629
170218,oz,oz,28.333
170218,piece,"piece, cooked, excluding refuse (yield from 1 lb raw meat with refuse)",217
170219,oz,oz,28.333
170219,steak,steak (yield from 233 g raw meat),233
170220,oz,oz,28.333
170220,piece,"piece, cooked, excluding refuse (yield from 1 lb raw meat with refuse)",272
170221,oz,oz,28.333
170221,piece,"piece, cooked, excluding refuse (yield from 1 lb raw meat with refuse)",265
170222,oz,oz,28.333
170222,roast,roast (yield from 600 g raw meat),489
170223,oz,oz,28.333
170223,steak,steak (yield from 299 g raw meat),191
170224,oz,oz,28.333
170224,roast,roast (yield from 627 g raw meat),515
170225,oz,oz,28.333
170225,steak,steak (yield from 281 g raw meat),179
170226,oz,oz,28.333
170226,steak,steak (yield from 281 g raw meat),179
170227,oz,oz,28.333
170227,roast,roast (yield from 572 g raw meat),464
170228,oz,oz,28.333
170228,roast,roast (yield from 436 g raw meat),346
170228,piece,"piece, cooked, excluding refuse (yield from 1 lb raw meat with refuse)",333
170229,oz,oz,28.333
170229,roast,roast (yield from 445 g raw meat),355
170230,oz,oz,28.333
170230,piece,"piece, cooked, excluding refuse (yield from 1 lb raw meat with refuse)",330
170231,oz,oz,28.333
170231,roast,roast (yield from 1405 g raw meat),1138
170232,oz,oz,28.333
170232,roast,roast (yield from 1388 g raw meat),1141
170233,oz,oz,28.333
170233,piece,"piece, cooked, excluding refuse (yield from 1 lb raw meat with refuse)",320
170234,oz,oz,28.333
170234,piece,"piece, cooked, excluding refuse (yield from 1 lb raw meat with refuse)",267
170235,oz,oz,28.333
170235,piece,"piece, cooked, excluding refuse (yield from 1 lb raw meat with refuse)",261
170236,oz,oz,28.333
170236,piece,"piece, cooked, excluding refuse (yield from 1 lb raw meat with refuse)",261
170237,oz,oz,28.333
170237,steak,steak,117
170238,oz,oz,28.333
170238,steak,steak (yield from 161 g raw meat),126
170239,oz,oz,28.333
170239,steak,steak,119
170240,oz,oz,28.333
170240,steak,steak (yield from 203 g raw meat),164
170241,package,package (3.12 oz),88
170241,portion,"portion, amount to make 1/2 cup",22
170242,package,package (3 oz),85
170242,portion,"portion, amount to make 1/2 cup",21
170243,package,package (3.5 oz),92
170243,portion,"portion, amount to make 1/2 cup",23
170244,oz,oz,28.35
170244,bag,bag (8 oz),227
170245,oz,oz,28.35
170246,cup,cup,8
170246,oz,oz,28.35
170247,cup,cup,11
170247,oz,oz,28.35
170248,oz,oz,28.35
170248,bag,bag (8 oz),227
170249,oz,oz,28.35
170249,twist,twists,6
170250,cake,cake,9
170250,cake,cakes,9
170251,cake,cake,9
170251,cake,cakes,9
170252,cake,cake,9
170252,cake,cakes,9
170253,oz,oz,28.35
170254,oz,oz,28.35
170255,serving,serving 1.2 fl oz pop,33
170256,oz,oz,28.35
170257,serving,serving 1 packet,1
170258,serving,serving,84
170259,serving,serving 1.75 fl oz pop,55
170260,serving,serving 3.5 fl oz bar,74
170261,serving,serving 1/2 cup,68
170262,serving,serving 1/2 cup,68
170263,serving,serving 1/2 cup,68
170264,serving,serving 1/2 cup,69
170265,serving,serving 1/2 cup,72
170266,serving,serving 1 pop,44
170267,serving,serving 2 pops,80
170268,serving,serving 1/2 cup,68
170269,serving,serving 1/2 cup,68
170270,individual,individual (3.5 fl oz),58
170271,oz,oz,28.35
170271,bar,bar,162
170272,oz,oz,28.35
170272,bar,bar,112
170273,oz,oz,28.35
170273,bar,bar,101
170274,oz,oz,28.35
170274,bar,bar,127
170275,serving,serving 1.5 oz,42
170276,milliliter,milliliter,1.333
170277,tsp,tsp,6.9
170277,cup,cup,220
170278,piece,piece,60
170279,serving,serving,44
170280,tbsp,tablespoon,19
170281,serving,serving,14
170282,bar,bar,47
170283,cup,cup,184
170284,cup,cup,200
170285,cup,cup,157
170286,cup,cup,170
170287,cup,cup,182
170287,tbsp,tbsp,8.4
170288,cup,cup,166
170289,cup,cup,76
170290,cup,cup,117
170375,cup,cup,38
170375,leaf,leaf,32
170375,cup,"cup (1"" pieces)",38
170376,cup,"cup (1"" pieces)",144
170376,cup,"cup (1"" pieces)",144
170377,cup,cup,109
170377,broadbean,broadbean,8
170379,cup,cup chopped,91
170379,bunch,bunch,608
170379,spear,"spear (about 5"" long)",31
170379,stalk,stalk,151
170379,cup,"cup, chopped or diced",88
170379,nlea,NLEA serving,148
170380,cup,cup,184
170380,package,package (10 oz) yields,250
170381,cup,cup chopped,40
170381,stalk,stalk,19
170382,nlea,NLEA serving,85
170382,bunch,bunch cooked,437
170383,cup,cup,88
170383,sprout,sprout,19
170384,cup,"cup (1"" pieces)",125
170384,root,root,166
170385,cup,cup,94
170385,petiole,petiole,5
170387,cup,"cup, chopped",124
170387,stalk,stalks,15
170388,cup,"cup, shredded",70
170389,cup,"cup, shredded",145
170390,cup,"cup, shredded",70
170390,head,head,840
170390,leaf,leaf,14
170391,cup,"cup, shredded",170
170392,cup,cup,150
170393,cup,cup chopped,128
170393,cup,cup grated,110
170393,cup,cup strips or slices,122
170393,large,"large (7-1/4"" to 8-/1/2"" long)",72
170393,medium,medium,61
170393,small,"small (5-1/2"" long)",50
170393,slice,slice,3
170393,strip,"strip large (3"" long)",7
170393,strip,strip medium,4
170394,tbsp,tbsp,9.7
170394,cup,cup slices,156
170394,carrot,carrot,46
170395,cup,cup slices,246
170395,can,can (303 x 406),454
170396,cup,"cup, sliced",146
170396,cup,"cup, mashed",228
170396,slice,slice,2.8
170396,can,can (303 x 406),284
170397,cup,"cup (1"" pieces)",124
170397,floweret,flowerets,18
170398,cup,"cup (1"" pieces)",132
170398,package,package (10 oz),284
170399,cup,"cup (1"" pieces)",180
170400,cup,cup,156
170401,cup,"cup, chopped",175
170402,cup,"cup (1"" pieces)",132
170402,chayote,"chayote (5-3/4"")",203
170403,cup,"cup (1"" pieces)",160
170404,head,head,53
170404,cup,cup,90
170405,cup,"cup (1"" pieces)",100
170406,cup,"cup, chopped",36
170407,cup,"cup, chopped",190
170408,package,package (10 oz),287.879
170408,package,package (10 oz),284
170408,package,package (3 lb),1361
170409,cup,cup,256
170409,can,can (303 x 406),482
170410,package,package (10 oz),287.879
170410,package,package (10 oz),284
170411,tbsp,tbsp chopped,15
170411,cup,"cup, chopped or diced",210
170412,package,package (10 oz),287.879
170412,package,package (10 oz),284
170413,cup,cup,210
170414,ring,rings,14.167
170414,package,package (16 oz),454
170414,package,package (9 oz),255
170415,cup,cup,48
170415,ring,"rings, large (3-4"" dia)",7.1
170415,ring,"rings, medium (2-3"" dia)",6
170415,ring,"rings, small (1-2"" dia)",4.8
170416,cup,cup chopped,60
170416,tbsp,tbsp,3.8
170416,sprig,sprigs,1
170417,cup,cup slices,133
170418,cup,cup,160
170418,package,package (10 oz) yields,253
170419,cup,cup,145
170420,cup,cup,160
170421,cup,cup,248
170421,can,can (303 x 406),482
170422,cup,cup,120
170424,cup,cup,255
170425,cup,cup,140
170425,package,package (10 oz),284
170426,pepper,pepper,73
170426,cup,"cup, chopped or diced",136
170427,cup,"cup, chopped",149
170427,cup,"cup, sliced",92
170427,tbsp,tbsp,9.3
170427,large,"large (2-1/4 per lb, approx 3-3/4"" long, 3"" dia)",164
170427,medium,"medium (approx 2-3/4"" long, 2-1/2"" dia)",119
170427,ring,"ring (3"" dia, 1/4"" thick)",10
170427,small,small,74
170427,strip,strips,2.7
170428,cup,"cup, chopped or strips",135
170428,tbsp,"tablespoon, chopped",11.6
170429,cup,"cup, halves",140
170430,cup,cup,153
170431,cup,cup,240
170432,cup,cup,160
170433,cup,cup,165
170433,tbsp,tbsp,10
170434,potato,"potato large (3"" to 4-1/4"" dia)",299
170434,potato,"potato medium (2-1/4"" to 3-1/4"" dia)",173
170434,potato,"potato small (1-3/4"" to 2-1/2"" dia)",138
170435,potato,"potato large (3"" to 4-1/4"" dia.",299
170435,potato,"potato medium (2-1/4"" to 3-1/4"" dia.)",173
170435,potato,"potato small (1-3/4"" to 2-1/2"" dia.)",138
170436,strip,strip,8.2
170436,oz,oz,28.333
170437,strip,strip,6.9
170438,cup,cup,156
170438,potato,"potato (2-1/2"" dia, sphere)",136
170439,skin,skin,34
170440,cup,cup,156
170440,large,"large (3"" to 4-1/4"" dia.)",300
170440,medium,"medium (2-1/4"" to 3-1/4"" dia.)",167
170440,small,"small (1-3/4"" to 2-1/2"" dia.)",125
170441,cup,cup,156
170441,potato,"potato (2-1/3"" x 4-3/4"")",156
170442,cup,cup,245
170443,cup,"cup, whole",300
170443,can,can (303 x 406),454
170444,cup,cup,180
170444,potato,potato,35
170445,cup,cup,60
170446,cup,cup,210
170447,package,package (5.5 oz),162.5
170447,package,package (5.5 oz),156
170448,package,package (5.5 oz) yields,856.25
170448,package,"package yield, 5.5 oz",822
170449,package,package (5.5 oz),162.5
170449,package,package (5.5 oz),156
170450,cup,cup (unprepared),245
170450,package,package (5.5 oz) yields,856.25
170450,package,"package yield, 5.5 oz",822
170451,strip,strip,3
170452,strip,strip,2.1
170455,cup,cup slices,137
170456,cup,cup,180
170456,large,large,182
170456,medium,medium,123
170456,slice,slice or wedge,20
170456,small,small,91
170457,cup,cup cherry tomatoes,149
170457,cup,"cup, chopped or sliced",180
170457,italian,Italian tomato,62
170457,cherry,cherry,17
170457,large,"large whole (3"" dia)",182
170457,medium,"medium whole (2-3/5"" dia)",123
170457,slice,"slice, medium (1/4"" thick)",20
170457,plum,plum tomato,62
170457,small,"small whole (2-2/5"" dia)",91
170457,slice,"slice, thick/large (1/2"" thick)",27
170457,wedge,wedge (1/4 of medium tomato),31
170457,slice,"slice, thin/small",15
170457,nlea,NLEA serving,148
170458,cup,cup,243
170458,fl oz,fl oz,30.333
170459,cup,cup,264
170459,cup,cup,262
170459,tbsp,tbsp,16
170459,can,can (6 oz),170
170460,cup,cup,250
170460,can,can (29 oz) (401 x 411),822
170462,cup,cup,250
170462,can,"can, 15 oz (303 x 406)",411
170463,cup,cup,244
170463,can,"can, 15 oz (303 x 406)",425
170464,cup,"cup, chopped",142
170464,frond,"frond (6-1/2"" long)",31
170465,cup,"cup, cubes",130
170465,large,large,183
170465,medium,medium,122
170465,slice,slice,15
170465,small,small,61
170465,cup,"cup, cubes",130
170466,cup,"cup, chopped",144
170467,cup,cup,234
170467,can,"can, 15 oz (303 x 406)",425
170468,cup,"cup, chopped or diced",164
170468,package,package (10 oz),284
170469,cup,cup,164
170469,package,package (10 oz) yields,220
170470,package,package (10 oz),287.879
170470,package,package (10 oz),284
170470,package,package (3 lb),1361
170471,package,package (10 oz),287.879
170471,package,package (10 oz),284
170471,pack,pack (2-1/2 lb),1134
170472,cup,cup,182
170472,package,package (10 oz) yields,275
170473,cup,cup,254
170473,fl oz,fl oz,30.333
170475,cup,"cup, cubes",175
170476,cup,cup slices,44
170476,pod,pod,16
170477,cup,cup,62
170479,cup,cup slices,246
170480,cup,cup slices,227
170481,cup,"cup (1"" pieces)",89
170483,cup,cup slices,100
170483,pod,"pod (15-1/3"" long)",11
170484,cup,cup slices,118
170485,tbsp,tbsp,0.2
170485,cup,cup,3.2
170486,tbsp,tbsp,0.4
170486,cup,cup,5.6
170487,cup,"cup, sliced",113
170487,large,large,323
170487,medium,medium,196
170487,slice,slice,9.9
170487,small,small,118
170488,cup,"cup, sliced",180
170489,cup,"cup, cubes",116
170490,cup,"cup, cubes",205
170491,cup,cup,236
170491,fl oz,fl oz,29.5
170492,cup,cup,250
170492,cup,cup (#6 scoop),253.03
170493,cup,cup,210
170494,cup,cup,136
170494,recipe,recipe yield,813
170495,cup,cup,112
170495,tbsp,tablespoon,7
170496,tbsp,tbsp (1/8 cup),5
170497,pepper,pepper,45
170497,cup,"cup, chopped or diced",150
170498,cup,cup,194
170498,recipe,recipe yield,1162
170499,tbsp,tbsp chopped,10
170500,cup,cup,74
170501,cup,cup,242
170502,cup,"cup, chopped",158
170502,tomato,tomato,111
170503,cup,"cup, chopped",140
170504,cup,"cup, chopped or diced",150
170504,package,package (10 oz) yields,212
170505,cup,"cup, chopped",180
170506,cup,"cup, chopped",180
170507,cup,cup,210
170508,cup,cup slices,156
170508,parsnip,"parsnip (9"" long)",160
170509,cup,cup,160
170510,cup,cup,160
170510,package,package (10 oz) yields,253
170512,cup,cup,255
170513,cup,cup,160
170513,package,package (10 oz) yields,278
170514,cup,cup,180
170515,tbsp,tbsp,12
170515,pepper,pepper,73
170515,cup,"cup, chopped",184
170516,cup,"cup, chopped or strips",135
170516,tbsp,"tablespoon, chopped",11.6
170517,cup,cup,153
170518,cup,cup,165
170519,skin,skin,34
170520,cup,cup,156
170520,large,"large (3"" to 4-1/4"" dia.)",300
170520,medium,"medium (2-1/4"" to 2-1/4"" dia.)",167
170520,small,"small (1-3/4"" to 2-1/2"" dia.)",125
170521,potato,"potato (2-1/3"" x 4-3/4"")",202
170522,cup,cup,156
170522,potato,"potato (2-1/3"" x 4-3/4"")",156
170523,strip,strips,6.5
170523,package,package (9 oz),255
170524,cup,cup,245
170525,cup,cup,245
170526,cup,"cup, mashed",245
170527,cup,cup,245
170528,cup,"cup, mashed",240
170529,cup,cup slices,135
170530,cup,cup,180
170531,cup,cup,180
170532,cup,cup slices,192
170533,cup,cup slices,180
170533,cup,"cup, mashed",240
170534,cup,cup slices,180
170534,cup,"cup, mashed",240
170535,cup,cup,223
170536,cup,"cup, mashed",240
170537,cup,"cup, cubes",205
170538,cup,"cup, mashed",236
170539,cup,cup,155
170540,cup,cup,192
170541,cup,"cup, mashed",328
170541,medium,medium,151
170542,cup,"cup, cubes",176
170543,cup,cup slices,132
170544,cup,cup,145
170545,cup,cup,243
170545,fl oz,fl oz,30.4
170545,fl oz,fl oz,30.333
170546,cup,cup,250
170546,can,can (29 oz) (401 x 411),822
170547,cup,"cup, cubes",156
170547,cup,"cup, mashed",230
170548,cup,cup,156
170549,cup,"cup, cubes",175
170550,cup,cup,62
170550,cup,cup,62
170551,cup,"cup, cubes",136
170551,cup,"cup, cubes",136
170552,oz,oz (8-14 seeds),28.35
170553,cup,cup,160
170553,oz,oz,28.35
170554,oz,oz,28.35
170555,cup,cup,94
170555,tbsp,tbsp,5
170556,cup,cup,129
170556,oz,oz,28.35
170557,cup,cup,118
170557,oz,oz,28.35
170558,oz,oz,28.35
170559,oz,oz,28.35
170560,oz,oz,28.35
170561,oz,oz,28.35
170562,cup,"cup, with hulls, edible yield",46
170562,cup,cup,140
170563,cup,cup,128
170563,oz,oz,28.35
170564,cup,cup,135
170564,oz,oz,28.35
170565,oz,oz,28.35
170566,oz,oz,28.35
170567,cup,"cup, whole",143
170567,cup,"cup, sliced",92
170567,cup,"cup, slivered",108
170567,cup,"cup, ground",95
170567,oz,oz (23 whole kernels),28.35
170567,almond,almond,1.2
170568,cup,cup whole kernels,145
170568,tbsp,tbsp,9.1
170568,oz,oz,28.35
170569,cup,"cup, whole",133
170569,kernel,kernel,5
170569,oz,oz (6 kernels),28.35
170570,cup,cup,120
170570,oz,oz,28.35
170570,nutmeat,nutmeat,3
170571,cup,"cup, halves and whole",137
170571,tbsp,tbsp,8.6
170571,oz,oz,28.35
170572,cup,"cup, whole",129
170572,cup,"cup, halves and pieces",129
170572,oz,oz (18 kernels),28.35
170573,oz,oz,28.35
170574,cup,cup,145
170574,oz,oz,28.35
170575,oz,oz,28.35
170576,oz,oz,28.35
170577,cup,cup,85
170577,oz,oz,28.35
170578,cup,cup,77
170578,oz,oz,28.5
170579,oz,oz,28.35
170580,tbsp,tbsp,15
170580,cup,cup,240
170581,cup,"cup, chopped",115
170581,cup,"cup, ground",75
170581,cup,"cup, whole",135
170581,oz,oz (21 whole kernels),28.35
170581,nut,nuts,1.4
170582,oz,oz,28.35
170583,oz,oz,28.35
170584,oz,oz,28.35
170585,cup,cup,131
170585,oz,oz,28.35
170586,cup,cup,147
170587,cup,cup,134
170587,oz,oz,28.35
170588,cup,cup,144
170588,oz,oz,28.35
170589,cup,cup,110
170589,oz,oz (15 halves),28.35
170590,cup,cup,120
170590,oz,oz (15 kernels),28.35
170591,cup,cup,135
170591,oz,oz (167 kernels),28.35
170591,nut,nuts,0.17
170592,oz,oz,28.35
170592,nut,nuts,0.1
170593,oz,oz,28
170594,oz,oz,28
170595,oz,oz,28.35
170596,cup,cup,149
170596,tbsp,tbsp,10
170597,oz,oz,28.333
170597,piece,"piece, cooked, excluding refuse (yield from 1 lb raw meat with refuse)",308
170598,oz,oz,28.333
170599,oz,oz,28.35
170599,oz,oz,28.25
170600,oz,oz,28.25
170600,steak,steak,56
170600,package,package,396
170601,oz,oz,28.333
170601,steak,steak,293
170602,oz,oz,28.35
170602,slice,slice (3/4 oz),21
170603,oz,oz,28.25
170603,steak,steak,732
170603,roast,roast,977
170604,slice,slices,2.8
170605,oz,oz,28.333
170605,steak,steak,353
170606,sausage,sausage,43
170606,oz,oz,28.35
170607,slice,slice (1 oz),28
170608,oz,oz,28.25
170608,steak,steak,483
170609,oz,oz,28.333
170610,oz,oz,28.333
170611,oz,oz,28.333
170611,piece,"piece, cooked, excluding refuse (yield from 1 lb raw meat with refuse)",314
170612,oz,oz,28.333
170612,piece,"piece, cooked, excluding refuse (yield from 1 lb raw meat with refuse)",264
170613,oz,oz,28.333
170613,steak,steak (Yield from 418 g raw meat),270
170614,oz,oz,28.333
170614,roast,roast (yield from 1675 g raw meat),1236
170615,oz,oz,28.333
170615,roast,roast (yield from 1528g raw meat),1095
170616,oz,oz,28.333
170616,roast,roast (yield from 1675 g raw meat),1236
170617,piece,"piece, cooked, excluding refuse (yield from 1 lb raw meat with refuse)",235
170617,oz,oz,28.333
170618,oz,oz,28.333
170618,roast,roast,658
170619,oz,oz,28.333
170619,piece,"piece, cooked, excluding refuse (yield from 1 lb raw meat with refuse)",290
170620,oz,oz,28.333
170620,piece,"piece, cooked, excluding refuse (yield from 1 lb raw meat with refuse)",286
170621,oz,oz,28.333
170621,piece,"piece, cooked, excluding refuse (yield from 1 lb raw meat with refuse)",214
170622,oz,oz,28.333
170622,piece,"piece, cooked, excluding refuse (yield from 1 lb raw meat with refuse)",207
170623,oz,oz,28.333
170623,steak,steak (yield from 296 g raw meat),233
170624,oz,oz,28.333
170624,piece,"piece, cooked, excluding refuse (yield from 1 lb raw meat with refuse)",220
170625,oz,oz,28.333
170625,piece,"piece, cooked, excluding refuse (yield from 1 lb raw meat with refuse)",220
170626,oz,oz,28.333
170626,steak,steak (yield from 290 g raw meat),185
170627,oz,oz,28.333
170627,roast,roast (yield from 572 g raw meat),464
170628,oz,oz,28.333
170628,steak,steak (yield from 290 g raw meat),185
170629,oz,oz,28.333
170629,roast,roast (yield from 600 g raw meat),489
170630,oz,oz,28.333
170630,steak,steak (yield from 299 g raw meat),191
170631,oz,oz,28.333
170631,roast,roast (yield from 627 g raw meat),515
170632,oz,oz,28.333
170632,roast,roast (yield from 426 g raw meat),337
170633,oz,oz,28.333
170633,roast,roast (yield from 436 g raw meat),346
170633,piece,"piece, cooked, excluding refuse (yield from 1 lb raw meat with refuse)",330
170634,oz,oz,28.333
170634,roast,roast (yield from 445 g raw meat),355
170634,piece,"piece, cooked, excluding refuse (yield from 1 lb raw meat with refuse)",331
170635,oz,oz,28.333
170635,roast,roast (yield from 426 g raw meat),337
170635,piece,"piece, cooked, excluding refuse (yield from 1 lb raw meat with refuse)",296
170636,oz,oz,28.333
170636,roast,roast (yield from 1405 g raw meat),1138
170637,oz,oz,28.333
170637,roast,roast (yield from 1388 g raw meat),1141
170638,oz,oz,28.333
170638,piece,"piece, cooked, excluding refuse (yield from 1 lb raw meat with refuse)",267
170639,oz,oz,28.333
170639,piece,"piece, cooked, excluding refuse (yield from 1 lb raw meat with refuse)",267
170640,oz,oz,28.333
170640,steak,steak (yield from 136 g raw meat),108
170641,oz,oz,28.333
170641,steak,steak,119
170642,oz,oz,28.333
170642,steak,steak,121
170643,oz,oz,28.333
170643,steak,steak,117
170644,package,package (3.12 oz),88
170644,portion,"portion, amount to make 1/2 cup",22
170645,tbsp,tbsp,20
170645,packet,packet (0.5 oz),14
170646,cup,cup,315
170646,tbsp,tbsp,20
170647,cake,cake,9
170647,cake,cakes,9
170648,oz,oz,28.35
170648,bag,bag (8 oz),227
170649,oz,oz,28.35
170649,bag,bag (8 oz),227
170650,oz,oz,28.35
170650,twist,twists,6
170651,oz,oz,28.35
170651,twist,twists,6
170652,cake,cake,9
170652,cake,cakes,9
170653,oz,oz,28.35
170653,oz,oz,28.5
170654,cup,cup,150
170654,oz,oz,28.35
170654,oz,oz,28
170655,cup,cup,146
170655,oz,oz,28.35
170655,oz,oz,28
170656,piece,piece,3.5
170657,tbsp,tablespoon Ghirardelli label 2011,6
170657,tbsp,tablespoon Hershey's label 2011,5
170657,container,container Ghirardelli label 2011,283
170658,piece,pieces,14
170659,cup,cup,134
170660,serving,serving 1/2 cup,68
170661,serving,serving 1/2 cup,68
170662,serving,serving 1/2 cup,68
170663,serving,serving 1/2 cup,68
170664,serving,serving 1/2 cup,68
170665,serving,serving 1 cone,79
170666,serving,serving 1 sandwich,64
170667,serving,serving 1 bar,78
170668,serving,serving 1/2 cup,71
170669,serving,serving 1 bar,56
170670,serving,serving 1oz pack,28
170671,individual,individual (3.5 fl oz),58
170671,cup,cup (4 fl oz),132
170672,tbsp,tbsp,12.9
170672,cup,cup,189
170673,tbsp,tbsp,14.5
170673,cup,cup,202
170674,tsp,tsp,4.6
170674,cup,cup,202
170675,tsp,tsp,0.5
170675,cup,cup,23
170676,serving,serving,31
170677,tbsp,tbsp,17.5
170678,cup,cup,160
170679,package,package,1
170680,serving,serving,52
170681,tbsp,tablespoon,20
170682,cup,cup,193
170683,cup,cup,246
170684,cup,cup,128
170685,cup,cup,164
170686,cup,cup,168
170687,cup,cup,120
170688,cup,cup,140
170783,oz,oz,28.25
170783,piece,piece,434
170796,oz,oz,28.25
170796,piece,piece,432
170797,oz,oz,28.333
170797,piece,piece,224
170798,oz,oz,28.333
170798,piece,piece,231
170799,oz,oz,28.333
170799,piece,piece,227
170800,oz,oz,28.25
170800,piece,piece,325
170801,oz,oz,28.333
170801,steak,steak,308
170802,oz,oz,28.25
170802,steak,steak,382
170803,oz,oz,28.25
170803,steak,steak,386
170804,oz,oz,28.25
170804,steak,steak,384
170805,oz,oz,28.333
170805,steak,steak,141
170806,oz,oz,28.333
170806,steak,steak,141
170807,oz,oz,28.25
170807,steak,steak,204
170808,oz,oz,28.25
170808,steak,steak,191
170809,oz,oz,28.25
170810,oz,oz,28.25
170811,oz,oz,28.333
170811,steak,steak,445
170812,oz,oz,28.333
170813,oz,oz,28.25
170813,steak,steak,679
170813,roast,roast,960
170814,oz,oz,28.25
170814,steak,steak,648
170814,roast,roast,949
170815,oz,oz,28.25
170815,steak,steak,732
170815,roast,roast,977
170816,oz,oz,28.333
170816,steak,steak,353
170817,oz,oz,28.25
170817,steak,steak,458
170818,oz,oz,28.25
170818,steak,steak,361
170818,roast,roast,1173
170819,oz,oz,28.25
170819,steak,steak,381
170819,roast,roast,1139
170820,oz,oz,28.333
170820,roast,roast,609
170821,oz,oz,28.333
170821,steak,steak,141
170822,oz,oz,28.333
170822,steak,steak,141
170823,oz,oz,28.333
170823,steak,steak,141
170824,oz,oz,28.25
170824,steak,steak,198
170825,oz,oz,28.333
170825,piece,piece,315
170826,oz,oz,28.25
170826,piece,piece,432
170827,oz,oz,28.25
170827,piece,piece,434
170828,oz,oz,28.25
170828,piece,piece,429
170829,oz,oz,28.333
170829,piece,piece,224
170830,oz,oz,28.333
170830,piece,piece,231
170831,oz,oz,28.25
170831,piece,piece,331
170832,oz,oz,28.25
170832,piece,piece,325
170833,oz,oz,28.25
170833,piece,piece,340
170834,oz,oz,28.25
170834,steak,steak,382
170835,oz,oz,28.25
170835,steak,steak,386
170836,oz,oz,28.333
170836,roast,roast,2130
170837,oz,oz,28.333
170837,roast,roast,2259
170838,oz,oz,28.25
170838,steak,steak,471
170838,roast,roast,2557
170839,oz,oz,28.25
170839,steak,steak,361
170839,roast,roast,2155
170840,oz,oz,28.25
170840,steak,steak,350
170840,roast,roast,2124
170841,oz,oz,28.25
170841,steak,steak,376
170841,roast,roast,2203
170842,oz,oz,28.333
170842,roast,roast,1555
170843,cup,"cup, diced",132
170843,cup,"cup, shredded",108
170843,oz,oz,28.35
170843,cubic,cubic inch,15
170843,slice,slice (1 oz),28
170843,package,package (8 oz),227
170844,cup,"cup, diced",132
170844,cup,"cup, shredded",113
170844,oz,oz,28.35
170844,cubic,cubic inch,17
170844,slice,slice (1 oz),28
170844,package,package (6 oz),170
170845,cup,"cup, shredded",112
170845,oz,oz,28.35
170845,slice,slices,28.333
170846,oz,oz,28.35
170846,cubic,cubic inch,18
170847,oz,oz,28.35
170848,oz,oz,28.35
170848,cubic,cubic inch,10.3
170848,package,package (5 oz),28.4
170849,cup,"cup, diced",132
170849,cup,"cup, shredded",113
170849,oz,oz,28.35
170849,cubic,cubic inch,17
170849,slice,slice (1 oz),28
170849,package,package (6 oz),170
170850,cup,"cup, diced",132
170850,oz,oz,28.35
170850,cubic,cubic inch,17
170850,slice,slice (1 oz),28
170850,package,package (6 oz),170
170851,cup,cup,248
170851,cup,cup,246
170852,oz,oz,28.35
170852,package,package (6 oz),170
170853,oz,oz,28.35
170853,slice,slice (1 oz),28
170853,slice,slice (3/4 oz),21
170853,cubic,cubic inch,18
170853,cup,"cup, shredded",113
170853,cup,"cup, diced",140
170853,cup,"cup, melted",244
170854,cup,"cup, diced",140
170854,cup,"cup, melted",244
170854,cup,"cup, shredded",113
170854,oz,oz,28.35
170854,cubic,cubic inch,18
170854,slice,slice (3/4 oz),21
170855,cup,"cup, diced",140
170855,cup,"cup, shredded",113
170855,oz,oz,28.35
170855,cubic,cubic inch,18
170855,slice,slice (3/4 oz),21
170856,oz,oz,28.35
170856,package,package (8 oz),227
170857,fl oz,fl oz,30
170857,tbsp,tbsp,15
170857,cup,cup,240
170857,container,"container, individual",11.1
170858,cup,"cup, whipped",120
170858,cup,"cup, fluid (yields 2 cups whipped)",239
170858,tbsp,tbsp,15
170859,cup,"cup, whipped",120
170859,cup,"cup, fluid (yields 2 cups whipped)",238
170859,tbsp,tbsp,15
170859,fl oz,fl oz,29.8
170860,cup,cup,60
170860,tbsp,tbsp,3
170861,cup,cup,244
170861,quart,quart,976
170862,cup,cup,244
170862,fl oz,fl oz,30.5
170862,quart,quart,976
170863,serving,serving,19
170865,oz,oz,28.667
170865,portion,"portion, amount to make 1 tbsp",1.3
170866,cup,cup,80
170866,tbsp,tbsp,4
170866,package,package yields,160
170867,cup,cup,70
170867,tbsp,tbsp,4
170868,cup,cup,75
170868,tbsp,tbsp,4
170869,oz,oz,28.35
170869,cup,cup,230
170870,cup,cup,245
170870,quart,quart,980
170871,cup,cup,246
170871,quart,quart,984
170872,cup,cup,244
170872,fl oz,fl oz,30.5
170872,quart,quart,976
170873,cup,cup,245
170873,quart,quart,980
170874,cup,cup,245
170874,fl oz,fl oz,30.6
170874,quart,quart,980
170875,cup,cup,244
170875,fl oz,fl oz,30.5
170875,quart,quart,976
170876,cup,cup,128
170876,cup,cup,128
170877,cup,cup,120
170877,cup,cup,120
170877,tbsp,tbsp,4.6
170878,fl oz,fl oz,31.9
170878,cup,cup,256
170878,cup,cup,256
170879,cup,cup,250
170879,fl oz,fl oz,31.2
170879,quart,quart,1000
170880,cup,cup,250
170880,fl oz,fl oz,31.2
170880,quart,quart,1000
170881,cup,cup,250
170881,quart,quart,1000
170882,cup,cup,245
170882,quart,quart,980
170883,fl oz,fl oz,28.4
170883,container,container (10.6 oz),300
170884,fl oz,fl oz,28.4
170884,container,container (11 oz),313
170885,cup,cup,246
170885,quart,quart,984
170886,container,container (6 oz),170
170886,container,container (8 oz),227
170886,container,container (4 oz),226
170886,cup,cup (8 fl oz),245
170887,container,container (6 oz),170
170887,container,container (8 oz),227
170887,cup,cup (8 fl oz),245
170888,container,container (6 oz),170
170888,container,container (8 oz),227
170888,cup,cup (8 fl oz),245
170889,container,container (6 oz),170
170889,container,container (4.4 oz),125
170889,container,container (5 oz),142
170889,cup,cup (8 fl oz),245
170889,container,container (8 oz),227
170889,container,container (4 oz),226
170890,bar,bar,68
170892,can,can,227
170893,oz,oz,28
170894,container,container,170
170895,cup,"cup, sifted",107
170895,tbsp,tbsp,7
170896,piece,piece,21
170896,package,package,566
170897,serving,serving,28
170898,tsp,tsp,2.5
170899,slice,slice (2/3 oz),19
170899,slice,slice (3/4 oz),21
170899,slice,slice (1 oz),28
170900,cup,cup,86
170901,container,container (5.3 oz),150
170902,container,container (5.3 oz),150
170903,container,container (7 oz),200
170904,cup,cup,243
170904,bottle,bottle,971
170906,cup,cup (8 fl oz),245
170906,container,container (8 oz),227
170906,container,container (4 oz),226
170917,tsp,"tsp, crumbled",0.6
170917,tbsp,"tbsp, crumbled",1.8
170918,tsp,tsp,2.1
170918,tbsp,tbsp,6.7
170919,tsp,"tsp, ground",2
170919,tbsp,"tbsp, ground",5.8
170920,tsp,tsp,2
170920,tbsp,tbsp,6.5
170921,tsp,tsp,0.6
170921,tbsp,tbsp,1.8
170922,tsp,tsp,1.8
170922,tbsp,tbsp,5
170923,tsp,"tsp, whole",2.1
170923,tbsp,"tbsp, whole",6
170924,tsp,tsp,2
170924,tbsp,tbsp,6.3
170925,tsp,tsp,2.1
170925,tbsp,tbsp,6.6
170926,tsp,tsp,1.8
170926,tbsp,tbsp,5.2
170927,tsp,tsp,1.7
170927,tbsp,tbsp,5.3
170928,tsp,tsp,0.6
170928,tbsp,tbsp,1.7
170929,tsp,tsp,2
170929,tbsp,tbsp,6.3
170930,tsp,tsp,0.5
170930,tbsp,tbsp,1.6
170931,tsp,"tsp, ground",2.3
170931,tbsp,"tbsp, ground",6.9
170931,tsp,"tsp, whole",2.9
170931,dash,dash,0.1
170932,tsp,tsp,1.8
170932,tbsp,tbsp,5.3
170933,tsp,"tsp, ground",2.4
170933,tbsp,"tbsp, ground",7.1
170934,tsp,tsp,0.7
170934,tbsp,tbsp,2.1
170935,tsp,tsp,0.7
170935,tbsp,tbsp,2
170936,tsp,tsp,1.4
170936,tbsp,tbsp,4.4
170937,tsp,"tsp, leaves",0.6
170937,tbsp,"tbsp, leaves",1.8
170937,tsp,"tsp, ground",1.6
170937,tbsp,"tbsp, ground",4.8
170938,tsp,"tsp, leaves",1
170938,tbsp,"tbsp, leaves",2.7
170938,tsp,"tsp, ground",1.4
170938,tbsp,"tbsp, ground",4.3
171002,tbsp,tbsp,15
171003,tbsp,tbsp,16
171004,tbsp,tbsp,16
171005,tbsp,tbsp,15
171005,cup,cup,245
171005,serving,serving (2 tbsp),30
171006,tbsp,tablespoon,15
171006,cup,cup,245
171007,tbsp,tablespoon,16
171007,cup,cup,260
171008,tbsp,tablespoon,15
171008,cup,cup,245
171008,serving,serving (2 tbsp),15
171009,tbsp,tbsp,13.8
171009,cup,cup,220
171009,packet,packet,10
171010,tbsp,tablespoon,13.8
171010,cup,cup,220
171011,tbsp,tbsp,12.8
171011,cup,cup,205
171012,tbsp,tbsp,13.6
171012,cup,cup,218
171012,tsp,tsp,4.5
171013,tbsp,tablespoon,13.6
171013,cup,cup,218
171013,tsp,tsp,4.5
171014,tsp,tsp,4.5
171014,tbsp,tablespoon,13.6
171014,cup,cup,218
171015,tbsp,tbsp,13.6
171015,cup,cup,216
171015,tsp,tsp,4.5
171016,tbsp,tablespoon,13.6
171016,cup,cup,218
171016,tsp,tsp,4.5
171017,tbsp,tbsp,13.6
171017,cup,cup,218
171017,tsp,tsp,4.5
171018,tsp,tsp,4.7
171018,stick,stick,113
171019,tbsp,tbsp,14.7
171019,cup,cup,235
171020,tbsp,tablespoon,15
171021,tbsp,tablespoon,16
171021,cup,cup,260
171022,tbsp,tablespoon,14.7
171022,cup,cup,235
171023,tbsp,tablespoon,15
171023,cup,cup,240
171024,tbsp,tablespoon,13.6
171024,cup,cup,218
171024,tsp,tsp,4.5
171025,tbsp,tbsp,13.6
171025,cup,cup,218
171025,tsp,tsp,4.5
171026,tbsp,tbsp,13.6
171026,cup,cup,218
171026,tsp,tsp,4.5
171027,tbsp,tablespoon,13.6
171027,cup,cup,218
171027,tsp,tsp,4.5
171028,tbsp,tablespoon,13.6
171028,cup,cup,218
171028,tsp,tsp,4.5
171029,tbsp,tbsp,13.6
171029,cup,cup,218
171029,tsp,tsp,4.5
171030,tbsp,tbsp,13.6
171030,cup,cup,218
171030,tsp,tsp,4.5
171031,tbsp,tablespoon,13.6
171031,cup,cup,218
171031,tsp,tsp,4.5
171032,tbsp,tablespoon,13.6
171032,cup,cup,218
171032,tsp,tsp,4.5
171033,tbsp,tbsp,14
171034,tbsp,tbsp (1 serving),15
171035,tbsp,tablespoon (1 NLEA serving),14
171036,serving,serving (approximately 10 sprays),8
171037,tbsp,tbsp (1 NLEA serving),14
171038,tbsp,tbsp,14
171038,cup,cup,229
171038,tsp,teaspoon,4.8
171039,tbsp,tbsp,14
171039,cup,cup,229
171039,tsp,teaspoon,4.8
171040,tbsp,tbsp,14
171040,cup,cup,229
171040,tsp,teaspoon,4.8
171041,tbsp,tbsp,14
171042,tbsp,tablespoon,14
171042,cup,cup,218
171042,tsp,teaspoon,4.5
171043,tbsp,tbsp,15
171044,tbsp,tbsp,16.5
171045,tbsp,tbsp (1 NLEA serving),17
171046,tbsp,tbsp (1 NLEA serving),15
171047,oz,oz,28.333
171047,chicken,chicken,1046
171048,oz,oz,28.333
171048,unit,unit (yield from 1 lb ready-to-cook chicken),308
171048,chicken,chicken,1028
171049,oz,oz,28.333
171049,unit,unit (yield from 1 lb ready-to-cook chicken),212
171049,chicken,chicken,708
171050,oz,oz,28.333
171050,unit,unit (yield from 1 lb ready-to-cook chicken),205
171050,chicken,chicken,682
171051,cup,"cup, chopped or diced",140
171051,unit,unit (yield from 1 lb ready-to-cook chicken),200
171051,chicken,"chicken, bone removed",668
171052,oz,oz,28.25
171052,unit,unit (yield from 1 lb ready-to-cook chicken),197
171052,chicken,"chicken, bone and skin removed",658
171053,cup,"cup, chopped or diced",140
171053,unit,unit (yield from 1 lb ready-to-cook chicken),155
171053,chicken,"chicken, bone and skin removed",516
171054,cup,"cup, chopped or diced",140
171054,tbsp,tbsp,8.7
171054,unit,unit (yield from 1 lb ready-to-cook chicken),146
171055,unit,unit (yield from 1 lb ready-to-cook chicken),34
171055,chicken,"chicken, skin only",112
171056,oz,oz,28.333
171056,unit,unit (yield from 1 lb ready-to-cook chicken),88
171057,unit,unit (yield from 1 lb ready-to-cook chicken),23
171057,giblet,giblets,75
171058,cup,"cup, chopped or diced",145
171058,unit,unit (yield from 1 lb ready-to-cook chicken),13
171059,cup,"cup, chopped or diced",145
171059,unit,unit (yield from 1 lb ready-to-cook chicken),1
171060,oz,oz,28.25
171060,liver,liver,44
171061,oz,oz,28.333
171061,liver,liver,44
171062,oz,oz,28.25
171062,unit,unit (yield from 1 lb ready-to-cook chicken),232
171063,oz,oz,28.333
171063,unit,unit (yield from 1 lb ready-to-cook chicken),167
171063,chicken,"chicken, bone removed",556
171064,unit,unit (yield from 1 lb ready-to-cook chicken),110
171064,chicken,"chicken, bone removed",368
171065,unit,unit (yield from 1 lb ready-to-cook chicken),101
171065,chicken,"chicken, bone removed",334
171066,unit,unit (yield from 1 lb ready-to-cook chicken),110
171066,chicken,"chicken, bone removed",368
171067,unit,unit (yield from 1 lb ready-to-cook chicken),109
171067,chicken,"chicken, bone and skin removed",364
171068,cup,cup,140
171068,unit,unit (yield from 1 lb ready-to-cook chicken),91
171069,cup,"cup, chopped or diced",140
171069,unit,unit (yield from 1 lb ready-to-cook chicken),81
171069,chicken,"chicken, bone and skin removed",272
171070,cup,"cup, chopped or diced",140
171070,unit,unit (yield from 1 lb ready-to-cook chicken),86
171070,chicken,"chicken, bone and skin removed",286
171071,unit,unit (yield from 1 lb ready-to-cook chicken),32
171071,back,"back, bone removed",106
171072,oz,oz,28.333
171072,unit,unit (yield from 1 lb ready-to-cook chicken),36
171072,cup,"cup, chopped or diced",160
171073,oz,oz,28.25
171073,unit,unit (yield from 1 lb ready-to-cook chicken),62
171074,unit,unit (yield from 1 lb ready-to-cook chicken),35
171074,back,"back, bone and skin removed",116
171075,cup,"cup, chopped or diced",140
171075,unit,unit (yield from 1 lb ready-to-cook chicken),58
171075,breast,"breast, bone removed",196
171076,cup,"cup, chopped or diced",140
171076,unit,unit (yield from 1 lb ready-to-cook chicken),66
171076,breast,"breast, bone removed",220
171077,oz,oz,28.25
171077,piece,piece,272
171077,package,package,926
171078,unit,unit (yield from 1 lb ready-to-cook chicken),52
171078,breast,"breast, bone and skin removed",172
171079,unit,unit (yield from 1 lb ready-to-cook squab),251
171079,squab,squab,168
171080,breast,"breast, bone removed",101
171080,unit,unit (yield from 1 lb ready-to-cook squab),151
171081,oz,oz,28.25
171081,bird,bird,5002
171082,oz,oz,28.333
171083,oz,oz,28.25
171083,giblet,giblets,157
171084,oz,oz,28.333
171084,giblet,giblets,95
171085,oz,oz,28.25
171085,raw,raw gizzard,63
171086,oz,oz,28.35
171086,lb,lb,453
171087,oz,oz,28.333
171088,oz,oz,28.25
171088,lb,lb,453
171089,oz,oz,28.333
171090,oz,oz,28.25
171090,serving,serving,85
171091,oz,oz,28.333
171092,cup,"cup, chopped or diced",140
171092,back,"back, bone removed",524
171092,unit,unit (yield from 1 lb ready-to-cook turkey),34
171093,unit,unit (yield from 1 lb ready-to-cook turkey),146
171093,breast,"breast, bone removed",2264
171094,oz,oz,28.333
171094,unit,unit (yield from 1 lb ready-to-cook turkey),24
171094,wing,"wing, bone removed",186
171095,oz,oz,28.333
171095,turkey,"turkey, bone removed",1616
171095,unit,unit (yield from 1 lb ready-to-cook turkey),229
171096,oz,oz,28.25
171096,back,back,1124
171097,oz,oz,28.333
171097,back,back,911
171098,oz,oz,28.25
171098,breast,breast,1769
171099,oz,oz,28.333
171099,can,can (5 oz),142
171100,tbsp,tbsp,13
171100,oz,oz,28.35
171101,oz,oz,28.333
171101,cup,"cup, drained",135
171101,can,can (5 oz),142
171101,can,can (5 oz) yields,125
171102,oz,oz,28.35
171102,lb,lb,454
171103,stick,stick (2.25 oz),64
171104,lb,lb,454
171105,lb,lb,454
171106,lb,lb,454
171107,oz,oz,28.333
171107,bird,bird,258
171107,bird,bird whole,257
171108,oz,oz,28.333
171108,bird,bird,240
171108,bird,bird whole,239
171109,oz,oz,28.333
171109,bird,bird,220
171109,bird,bird whole,220
171110,oz,oz,28.333
171110,cup,cup,205
171110,can,can (5 oz) yields,125
171111,oz,oz,28.333
171111,piece,piece,29
171111,serving,serving,86
171112,leg,"leg, bone removed (yield after cooking)",92
171112,unit,unit (yield from 1 lb ready-to-cook duck),43
171112,oz,oz,28.333
171113,oz,oz,28.333
171113,cup,"cup chopped or diced, cooked",174
171113,unit,unit (yield from 1 lb ready-to-cook duck),35
171113,leg,"leg, bone and skin removed",75
171114,oz,oz,28.333
171114,drumstick,drumstick,71
171115,oz,oz,28.333
171115,serving,serving,96
171116,oz,oz crumbled,28.25
171117,oz,oz crumbled,28.333
171118,oz,oz,28.333
171118,thigh,thigh,95
171119,oz,oz,28.333
171119,lb,lb,453.6
171120,thigh,thigh,89
171120,serving,serving (3 oz),85
171120,oz,oz,28.35
171121,wing,wing,53
171121,serving,serving (3 oz),85
171121,oz,oz,28.35
171122,back,back,102
171122,serving,serving (3 oz),85
171122,oz,oz,28.35
171123,serving,serving (3 oz),85
171123,oz,oz,28.35
171123,breast,breast,343
171124,oz,oz,28.333
171124,back,back,182
171125,oz,oz,28.333
171125,breast,breast,384
171126,oz,oz,28.333
171126,drumstick,drumstick,71
171127,oz,oz,28.333
171127,thigh,thigh,95
171128,oz,oz,28.333
171128,drumstick,drumstick,217
171129,oz,oz,28.25
171129,thigh,thigh,424
171130,oz,oz,28.25
171130,breast,breast,1171
171131,oz,oz,28.333
171131,thigh,thigh,327
171132,oz,oz,28.333
171132,wing,wing,518
171133,oz,oz,28.333
171133,wing,wing,375
171134,oz,oz,28.25
171134,drumstick,drumstick,356
171135,oz,oz,28.333
171135,drumstick,drumstick,275
171136,oz,oz,28.25
171136,drumstick,drumstick,337
171137,oz,oz,28.333
171137,thigh,thigh,348
171138,oz,oz,28.25
171138,back,back,1245
171139,oz,oz,28.333
171139,back,back,949
171140,oz,oz,28.333
171140,piece,piece,181
171141,cup,cup (8 fl oz),257
171141,can,"can (11 oz), undiluted",312
171142,cup,cup,260
171142,can,can 11.5 oz,326
171143,cup,cup (8 fl oz),263
171143,can,can (11.25 oz),319
171144,cup,cup (8 fl oz),243
171144,can,can (19.25 oz),546
171145,cup,cup,245
171146,cup,cup (4 fl oz),252
171146,can,can (10.75 oz),305
171147,cup,cup (4 fl oz),252
171147,can,can (10.75 oz),305
171148,can,can,530
171148,cup,cup,243
171149,cup,cup,242
171149,can,can (10.7 oz),303
171150,cup,cup (8 fl oz),263
171150,can,can (11.25 oz),319
171151,cup,cup (8 fl oz),240
171151,can,can (19 oz),539
171152,cup,cup (4 fl oz),252
171152,can,can (10.75 oz),305
171153,cup,cup (4 fl oz),246
171153,can,can (10.5 oz),298
171154,cup,cup (4 fl oz),252
171154,can,can (10.75 oz),305
171155,cup,cup,252
171156,cup,cup (4 fl oz),252
171156,can,can (10.75 oz),305
171157,cup,cup (4 fl oz),270
171157,can,can (11.5 oz),326
171158,cup,cup,248
171159,cup,cup,252
171159,can,can,305
171160,cup,cup (8 fl oz),251
171160,can,can (10.75 oz),305
171161,cup,cup,252
171161,can,can (10.5 oz),298
171162,cup,cup,245
171162,can,can (19 oz),539
171163,cup,cup,252
171163,can,can (10.75 oz),305
171164,cup,cup,246
171164,can,can (10.5 oz),298
171165,serving,serving 1 tbsp,7.5
171165,packet,packet,39
171166,packet,packet,18
171167,tbsp,tbsp,18
171167,fl oz,fl oz,36
171167,cup,cup,288
171168,cup,cup,236
171168,can,can,298
171169,tsp,tsp,3
171170,cup,cup,238
171170,can,can,298
171171,cup,cup (8 fl oz),21
171172,cup,cup (8 fl oz),24
171173,serving,serving,6.7
171174,cup,cup,206
171175,cup,cup (4 fl oz),252
171175,can,can (10.75 oz),305
171176,serving,serving 1 cup,248
171176,fl oz,fl oz,31
171177,package,package without flavor packet,81
171177,packet,packet,5.8
171178,serving,serving 1/2 cup,121
171178,can,can 10.7 oz (10.75 oz),303
171179,cup,cup,213
171179,can,can 14.5 oz,413
171179,carton,carton 32 oz,925
171180,cup,cup,220
171180,carton,carton 32 oz,928
171181,oz,oz 1 pouch,28.3
171182,oz,oz 1 pouch,28.3
171183,oz,oz 1 pouch,28.3
171184,oz,oz 1 pouch,28.3
171185,cup,cup,240
171186,tsp,tsp,6.5
171187,tsp,tsp,6.9
171188,tsp,tsp,6.2
171189,serving,serving,292
171189,package,package yields,292
171190,cup,cup,250
171190,can,can,528
171191,cup,cup,252
171192,serving,serving 1/2 cup,132
171193,oz,oz,28.25
171193,piece,piece,429
171194,oz,oz,28.25
171194,piece,piece,340
171195,oz,oz,28.25
171195,piece,piece,331
171196,oz,oz,28.333
171196,steak,steak,307
171197,oz,oz,28.333
171197,steak,steak,309
171198,oz,oz,28.333
171198,roast,roast,793
171199,oz,oz,28.333
171199,roast,roast,779
171200,oz,oz,28.333
171200,roast,roast,787
171201,oz,oz,28.333
171201,steak,steak,141
171202,oz,oz,28.25
171202,steak,steak,198
171203,oz,oz,28.333
171203,lb,lb,453.6
171204,oz,oz,28.333
171205,oz,oz,28.333
171206,oz,oz,28.25
171207,oz,oz,28.333
171208,oz,oz,28.333
171209,oz,oz,28.333
171209,steak,steak,291
171210,oz,oz,28.333
171210,roast,roast,2044
171211,oz,oz,28.333
171211,steak,steak,356
171212,oz,oz,28.333
171212,steak,steak,349
171213,oz,oz,28.25
171213,steak,steak,473
171214,oz,oz,28.25
171214,steak,steak,483
171215,oz,oz,28.333
171215,roast,roast,586
171216,oz,oz,28.333
171216,roast,roast,645
171217,oz,oz,28.333
171217,steak,steak,449
171218,oz,oz,28.333
171218,steak,steak,445
171219,oz,oz,28.333
171219,steak,steak,454
171220,oz,oz,28.25
171220,steak,steak,204
171221,oz,oz,28.25
171221,steak,steak,191
171222,oz,oz,28.333
171222,piece,piece,289
171223,oz,oz,28.333
171223,piece,piece,272
171224,oz,oz,28.333
171224,roast,roast,787
171225,oz,oz,28.333
171225,roast,roast,793
171226,oz,oz,28.333
171226,roast,roast,779
171227,oz,oz,28.333
171227,piece,piece,227
171228,oz,oz,28.333
171228,steak,steak,308
171229,oz,oz,28.333
171229,steak,steak,307
171230,oz,oz,28.333
171230,steak,steak,309
171231,oz,oz,28.25
171231,steak,steak,384
171232,oz,oz,28.333
171232,steak,steak,281
171233,oz,oz,28.333
171233,steak,steak,306
171234,oz,oz,28.25
171234,steak,steak,462
171234,roast,roast,2627
171235,oz,oz,28.25
171235,steak,steak,456
171235,roast,roast,2674
171236,oz,oz,28.333
171236,steak,steak,381
171237,oz,oz,28.333
171237,steak,steak,378
171238,oz,oz,28.333
171238,steak,steak,385
171239,oz,oz,28.333
171239,roast,roast,1601
171240,oz,oz,28.35
171240,package,package (8 oz),227
171241,oz,oz,28.35
171241,package,package (7 oz),198
171242,oz,oz,28.35
171242,slice,slice (1 oz),28
171242,cubic,cubic inch,15
171242,cup,"cup, diced",132
171242,cup,"cup, shredded",108
171242,package,package (6 oz),170
171243,cup,cup,134
171243,oz,oz,28.35
171243,cubic,cubic inch,18
171243,box,box,113
171243,package,package (8 oz),227
171244,cup,"cup, diced",132
171244,cup,"cup, shredded",113
171244,oz,oz,28.35
171244,cubic,cubic inch,18
171244,slice,slice (1 oz),28
171245,cup,"cup, diced",132
171245,cup,"cup, shredded",113
171245,oz,oz,28.35
171245,cubic,cubic inch,18
171245,slice,slice (1 oz),28
171245,package,package (6 oz),170
171246,oz,oz,28.35
171246,package,package (3 oz),85
171247,cup,cup,100
171247,tbsp,tbsp,5
171247,oz,oz,28.35
171248,cup,cup,248
171248,oz,oz,28.35
171248,cup,cup,246
171249,oz,oz,28.35
171249,package,package (5 oz),28.4
171250,oz,oz,28.35
171250,package,package (3 oz),85
171251,cup,"cup, diced",132
171251,cup,"cup, melted",244
171251,cup,"cup, shredded",108
171251,oz,oz,28.35
171251,cubic,cubic inch,15
171251,slice,slice (1 oz),28
171252,cup,cup,113
171252,oz,oz,28.35
171252,slice,slice (3/4 oz),21
171252,package,package (8 oz),227
171253,oz,oz,28.35
171253,package,package (8 oz),227
171254,cup,"cup, diced",140
171254,cup,cup,244
171254,jar,jar (5 oz),128
171254,cubic,cubic inch,18
171254,jar,jar (5 oz),142
171254,slice,slice,34
171254,slice,"slice, thin",14
171255,fl oz,fl oz,30.2
171255,tbsp,tbsp,15
171255,cup,cup,242
171255,container,"container, individual (.5 fl oz)",15
171256,tbsp,tbsp,15
171256,cup,cup,242
171257,tbsp,tbsp,12
171257,cup,cup,230
171258,cup,cup,254
171258,fl oz,fl oz,31.8
171258,quart,quart,1016
171259,tbsp,tbsp,12
171259,cup,cup,235
171261,container,"container, individual",15
171261,fl oz,fl oz,30
171261,cup,cup,240
171261,cup,cup,240
171262,container,"container, individual",15
171262,cup,cup,240
171263,cup,cup,94
171263,tsp,tsp,2
171263,packet,packet,3
171264,cup,cup,244
171264,quart,quart,976
171265,cup,cup,244
171265,fl oz,fl oz,30.5
171265,tbsp,tbsp,15
171265,quart,quart,976
171266,cup,cup,244
171266,quart,quart,976
171267,cup,cup,244
171267,fl oz,fl oz,30.5
171267,quart,quart,976
171268,cup,cup,246
171268,quart,quart,984
171269,cup,cup,245
171269,fl oz,fl oz,30.6
171269,quart,quart,980
171270,cup,cup,245
171270,fl oz,fl oz,30.6
171270,quart,quart,980
171271,cup,cup,246
171271,quart,quart,984
171272,cup,cup,68
171272,envelope,envelope (1-1/3 cup),91
171272,cup,cup (makes 1 cup reconstituted milk),69.697
171273,oz,oz,28.35
171273,lb,lb,452
171274,cup,cup,120
171274,cup,cup,120
171274,tbsp,tbsp,6.5
171275,fl oz,fl oz,38.2
171275,cup,cup,306
171276,fl oz,fl oz,31.5
171276,cup,cup,252
171276,can,can (13 oz),369
171276,cup,cup,252
171277,cup,cup,250
171277,fl oz,fl oz,31.2
171278,fl oz,fl oz,30.5
171278,cup,cup,244
171278,quart,quart,976
171279,fl oz,fl oz,30.8
171279,cup,cup,246
171280,cup,cup,244
171280,quart,quart,976
171281,cup,cup,57
171281,tbsp,tbsp,2.9
171282,cup,cup,246
171282,quart,quart,984
171283,cup,cup,145
171283,tbsp,tbsp,7.5
171284,container,container (6 oz),170
171284,container,container (8 oz),227
171284,container,container (4 oz),226
171284,cup,cup (8 fl oz),245
171285,container,container (6 oz),170
171285,cup,cup (8 fl oz),245
171285,container,container (8 oz),227
171285,container,"container, Dannon Sprinkl'ins (4.1 oz)",116
171285,container,container (4 oz),226
171286,container,container (6 oz),170
171286,container,container (4 oz),226
171286,container,container (8 oz),227
171287,large,large,50
171287,extra-large,extra large,56
171287,jumbo,jumbo,63
171287,cup,cup (4.86 large eggs),243
171287,medium,medium,44
171287,small,small,38
171288,cup,cup shredded,112
171289,slice,slice (2/3 oz),19
171289,slice,slice (3/4 oz),21
171290,oz,oz,28.35
171290,slice,slice (3/4 oz),21
171290,slice,slice (1 oz),28
171290,cubic,cubic inch,18
171290,cup,"cup, diced",140
171290,cup,"cup, shredded",113
171290,cup,"cup, melted",244
171291,cup,cup,113
171291,oz,oz,28.35
171291,slice,slice (3/4 oz),21
171291,package,package (8 oz),227
171292,slice,slice,21
171293,medium,medium,298
171294,piece,pieces,3.654
171295,serving,serving,28
171296,oz,oz,28.302
171297,oz,oz,28.302
171298,oz,oz,28.302
171299,oz,oz,28.302
171300,container,container (5.3 oz),150
171300,cup,cup (8 fl oz),245
171300,container,container (6 oz),170
171300,container,container (8 oz),227
171300,container,"container, Dannon Sprinkl'ins (4.1 oz)",116
171301,cup,cup,247
171301,bottle,bottle,989
171302,cup,cup,252
171302,fl oz,fl oz,31.5
171302,can,can (13 oz),369
171302,cup,cup,252
171303,cup,cup,250
171303,fl oz,fl oz,31.2
171303,quart,quart,1000
171315,tsp,tsp,1.9
171315,tbsp,tbsp,6
171316,tsp,"tsp, whole",2.1
171316,tbsp,"tbsp, whole",6.7
171317,tsp,"tsp, leaves",0.7
171317,tbsp,"tbsp, leaves",2.1
171317,tsp,"tsp, ground",1.4
171317,tbsp,"tbsp, ground",4.5
171318,tsp,tsp,0.6
171318,tbsp,tbsp,1.9
171319,tsp,tsp,2.7
171319,tbsp,tbsp,8
171320,tsp,tsp,2.6
171320,tbsp,tbsp,7.8
171321,tsp,tsp,2.1
171321,tbsp,tbsp,6.5
171322,tsp,tsp,1
171322,tbsp,tbsp,3.1
171323,tsp,"tsp, whole",2
171323,tbsp,"tbsp, whole",5.8
171324,tsp,tsp,3.7
171324,tbsp,tbsp,11.1
171325,tsp,tsp,3.1
171325,tbsp,tbsp,9.7
171326,tsp,tsp,2.2
171326,tbsp,tbsp,7
171327,tsp,tsp,2.4
171327,tbsp,tbsp,6.9
171328,tsp,"tsp, leaves",1
171328,tsp,"tsp, ground",1.8
171329,tsp,tsp,2.3
171329,tbsp,tbsp,6.8
171330,tsp,tsp,2.8
171330,tbsp,tbsp,8.8
171331,tsp,tsp,1.5
171331,tbsp,tbsp,4.4
171332,tsp,tsp,1.7
171332,tbsp,tbsp,5.6
171333,tsp,tsp,1.2
171333,tbsp,tbsp,3.3
171400,tbsp,tbsp,12.8
171400,cup,cup,205
171401,tbsp,tbsp,12.8
171401,cup,cup,205
171402,tbsp,tbsp,16
171402,cup,cup,250
171402,serving,serving (2 tbsp),30
171403,tbsp,tbsp,14.7
171403,cup,cup,235
171404,tbsp,tablespoon,16
171404,cup,cup,260
171404,serving,serving (2 tbsp),30
171405,tbsp,tablespoon,15
171405,cup,cup,240
171406,tbsp,tbsp,15
171406,cup,cup,240
171407,tbsp,tablespoon,15
171407,cup,cup,240
171408,tbsp,tablespoon,14.1
171408,cup,cup,225
171409,tbsp,tablespoon,15
171409,cup,cup,245
171410,tbsp,tbsp,13.5
171410,cup,cup,216
171410,tsp,tsp,4.5
171411,tbsp,tbsp,13.6
171411,cup,cup,218
171411,tsp,tsp,4.5
171412,tbsp,tbsp,13.6
171412,cup,cup,218
171412,tsp,tsp,4.5
171413,tbsp,tablespoon,13.5
171413,cup,cup,216
171413,tsp,tsp,4.5
171414,cup,cup,250
171414,tbsp,tbsp,16
171414,individual,individual packet,12.3
171415,cup,cup,232
171415,tsp,tsp,4.8
171416,tbsp,tablespoon,14
171416,cup,cup,220
171417,tbsp,tablespoon,16
171417,cup,cup,250
171418,tbsp,tablespoon,13.8
171418,cup,cup,220
171419,tbsp,tablespoon,14
171419,cup,cup,220
171420,tbsp,tablespoon,16
171420,cup,cup,256
171421,tbsp,tablespoon,13.6
171421,cup,cup,218
171421,tsp,tsp,4.5
171422,tbsp,tablespoon,13.6
171422,cup,cup,218
171422,tbsp,tbsp (1/8 cup),13.5
171423,tbsp,tablespoon,13.6
171423,cup,cup,218
171423,tsp,tsp,4.5
171424,tbsp,tablespoon,13.6
171424,cup,cup,218
171424,tsp,tsp,4.5
171425,tbsp,tablespoon,13.6
171425,cup,cup,218
171425,tsp,tsp,4.5
171426,tbsp,tablespoon,13.6
171426,cup,cup,218
171426,tsp,tsp,4.5
171427,tbsp,tablespoon,13.6
171427,cup,cup,218
171427,tsp,tsp,4.5
171428,tbsp,tbsp,13.6
171428,cup,cup,218
171428,tsp,tsp,4.5
171429,tbsp,tablespoon,13.6
171429,cup,cup,218
171429,tsp,tsp,4.5
171430,spray,"spray , about 1/3 second (1 NLEA serving)",0.3
171431,tbsp,tbsp (1 NLEA serving),14
171432,tbsp,tablespoon (1 NLEA serving),14
171433,tbsp,tbsp (1 NLEA serving),14
171433,cup,cup,214
171434,tbsp,tbsp,14.9
171435,tbsp,tablespoon,14
171435,cup,cup,227
171435,tsp,teaspoon,4
171436,tbsp,tbsp,14
171437,tbsp,tbsp,14
171438,tbsp,tablespoon,14
171438,cup,cup,218
171438,tsp,teaspoon,4.5
171439,tbsp,tablespoon,13.6
171439,cup,cup,218
171439,tsp,teaspoon,4.5
171440,tbsp,tablespoon,13.6
171440,cup,cup,218
171440,tsp,teaspoon,4.5
171441,tbsp,tablespoon,13.6
171441,cup,cup,218
171441,tsp,teaspoon,4.5
171442,tbsp,tablespoon,13.7
171442,cup,cup,219
171443,tbsp,tbsp,15
171443,cup,cup,232
171445,oz,oz,28.333
171445,breast,breast,384
171446,oz,oz,28.333
171446,unit,unit (yield from 1 lb ready-to-cook chicken),225
171446,chicken,chicken,751
171447,oz,oz,28.25
171447,unit,unit (yield from 1 lb ready-to-cook chicken),276
171447,chicken,"chicken, bone removed",920
171448,oz,oz,28.333
171448,unit,unit (yield from 1 lb ready-to-cook chicken),280
171448,chicken,"chicken, bone removed",932
171449,oz,oz,28.333
171449,unit,unit (yield from 1 lb ready-to-cook chicken),188
171449,chicken,"chicken, bone removed",628
171450,oz,oz,28.333
171450,cup,"cup, chopped or diced",140
171450,unit,unit (yield from 1 lb ready-to-cook chicken),356
171451,cup,"cup, chopped or diced",140
171451,tbsp,tbsp,8.7
171451,unit,unit (yield from 1 lb ready-to-cook chicken),157
171452,oz,oz,28.25
171452,unit,unit (yield from 1 lb ready-to-cook chicken),94
171453,oz,oz,28.333
171453,unit,unit (yield from 1 lb ready-to-cook chicken),228
171454,unit,unit (yield from 1 lb ready-to-cook chicken),33
171454,chicken,"chicken, skin only",112
171455,oz,oz,28.333
171455,cup,cup chopped or dice,145
171456,oz,oz,28.25
171456,lb,lb,453
171457,cup,cup chopped or dice,145
171458,heart,heart,6.1
171458,unit,unit (yield from 1 lb ready-to-cook chicken),1.8
171459,unit,unit (yield from 1 lb ready-to-cook chicken),113
171459,chicken,"chicken, bone removed",376
171460,unit,unit (yield from 1 lb ready-to-cook chicken),78
171460,chicken,"chicken, bone removed",260
171461,unit,unit (yield from 1 lb ready-to-cook chicken),79
171461,chicken,"chicken, bone removed",264
171462,unit,unit (yield from 1 lb ready-to-cook chicken),90
171462,chicken,"chicken, bone removed",300
171463,oz,oz,28.25
171463,unit,unit (yield from 1 lb ready-to-cook chicken),160
171463,chicken,"chicken, bone removed",532
171464,unit,unit (yield from 1 lb ready-to-cook chicken),88
171464,chicken,"chicken, bone and skin removed",294
171465,cup,cup,140
171465,unit,unit (yield from 1 lb ready-to-cook chicken),64
171466,cup,"cup, chopped or diced",140
171466,unit,unit (yield from 1 lb ready-to-cook chicken),64
171466,chicken,"chicken, bone and skin removed",214
171467,cup,"cup, chopped or diced",140
171467,unit,unit (yield from 1 lb ready-to-cook chicken),71
171467,chicken,"chicken, bone and skin removed",238
171468,tbsp,tbsp,12.8
171468,unit,unit (yield from 1 lb ready-to-cook chicken),32
171468,chicken,"chicken, separable fat",104
171469,unit,unit (yield from 1 lb ready-to-cook chicken),59
171469,back,"back, bone removed",198
171470,unit,unit (yield from 1 lb ready-to-cook chicken),72
171470,back,"back, bone removed",240
171471,unit,unit (yield from 1 lb ready-to-cook chicken),44
171471,back,"back, bone removed",144
171472,oz,oz,28.333
171472,unit,unit (yield from 1 lb ready-to-cook chicken),48
171473,unit,unit (yield from 1 lb ready-to-cook chicken),26
171473,back,"back, bone and skin removed",84
171474,breast,"breast, bone removed (yield from 1 lb ready-to-cook chicken)",174
171474,breast,"breast, bone removed",290
171475,oz,oz,28.333
171475,unit,unit (yield from 1 lb ready-to-cook chicken),168
171476,unit,unit (yield from 1 lb ready-to-cook chicken),59
171476,breast,"breast, bone removed",196
171477,cup,"cup, chopped or diced",140
171477,unit,unit (yield from 1 lb ready-to-cook chicken),52
171477,breast,"breast, bone and skin removed",172
171478,cup,"cup, chopped or diced",140
171478,unit,unit (yield from 1 lb ready-to-cook chicken),57
171478,breast,"breast, bone and skin removed",190
171479,oz,oz,28.333
171479,bird,bird,3812
171480,oz,oz,28.25
171480,bird,bird,5002
171481,oz,oz,28.333
171481,bird,bird,3812
171482,oz,oz,28.25
171482,lb,lb,453
171483,oz,oz,28.333
171483,gizzard,gizzard cooked,45
171484,oz,oz,28.25
171484,piece,piece,24
171485,oz,oz,28.333
171485,heart,heart,20
171486,oz,oz,28.25
171486,raw,raw liver,78
171487,oz,oz,28.333
171487,liver,liver cooked,53
171488,oz,oz,28.25
171488,lb,lb,453
171489,oz,oz,28.333
171490,serving,serving,85
171491,oz,oz,28.333
171492,oz,oz,28.333
171492,unit,unit (yield from 1 lb ready-to-cook turkey),224
171493,unit,unit (yield from 1 lb ready-to-cook turkey),105
171493,leg,"leg, bone removed",816
171494,oz,oz,28.333
171494,unit,unit (yield from 1 lb ready-to-cook turkey),71
171494,leg,"leg, bone removed",546
171495,unit,unit (yield from 1 lb ready-to-cook turkey),33
171495,wing,"wing, bone removed",256
171496,oz,oz,28.333
171496,breast,breast,1413
171497,oz,oz,28.25
171497,wing,wing,346
171498,oz,oz,28.333
171498,wing,wing,213
171499,unit,unit (yield from 1 lb ready-to-cook turkey),31
171499,turkey,"turkey, skin only",392
171500,oz,oz,28.333
171500,package,"package (net weight, 5 oz)",142
171501,oz,oz,28.333
171501,breast,"breast, bone removed",1728
171502,oz,oz,28.333
171502,thigh,"thigh, bone removed",314
171503,oz,oz,28.333
171503,box,"box (net weight, 2.5 lb)",1134
171504,lb,lb,454
171505,oz,oz,28.25
171505,lb,lb,453.6
171505,patty,"patty, 4 oz",114
171506,oz,oz,28.333
171506,patty,"patty (4 oz, raw) (yield after cooking)",82
171506,unit,"unit, yield from 1 lb raw",330
171507,oz,oz,28.333
171507,bird,bird,336
171508,oz,oz,28.333
171508,serving,serving,74
171509,oz,oz,28.25
171509,piece,piece,263
171509,breast,breast,236
171510,unit,unit (yield from 1 lb ready-to-cook duck),56
171510,oz,oz,28.333
171510,breast,"breast, bone removed",240
171511,oz,oz,28.333
171511,breast,"breast, bone and skin removed",190
171511,cup,"cup, chopped or diced",174
171511,unit,unit (yield from 1 lb ready-to-cook duck),44
171512,oz,oz,28.333
171512,patty,patty,60
171513,oz,oz,28.333
171513,patty,patty,60
171514,oz,oz,28.333
171514,piece,piece,15
171514,piece,pieces,15.5
171515,oz,oz,28.333
171515,piece,piece,15
171515,piece,pieces,15.5
171516,oz,oz,28.333
171516,wing,wing,51
171517,serving,serving (3 oz),85
171517,back,back,102
171517,oz,oz,28.35
171518,oz,oz,28.333
171518,breast,breast breast with skin and bone,483
171518,oz,oz,28.35
171519,drumstick,drumstick,53
171519,serving,serving (3oz),85
171519,oz,oz,28.35
171520,oz,oz,28.333
171521,drumstick,drumstick,53
171521,serving,serving (3 oz),85
171521,oz,oz,28.35
171522,thigh,thigh,89
171522,serving,serving,85
171523,wing,wing,53
171523,serving,serving (3 oz),85
171523,oz,oz,28.35
171524,serving,serving,85
171525,oz,oz,28.25
171525,drumstick,drumstick,359
171526,oz,oz,28.333
171526,wing,wing,358
171527,oz,oz,28.333
171527,wing,wing,219
171528,oz,oz,28.333
171528,breast,breast,1150
171529,oz,oz,28.333
171529,breast,breast,863
171530,oz,oz,28.333
171530,drumstick,drumstick,206
171531,oz,oz,28.25
171531,thigh,thigh,367
171532,oz,oz,28.333
171532,thigh,thigh,319
171533,oz,oz,28.25
171533,thigh,thigh,454
171534,oz,oz,28.333
171534,piece,piece,196
171535,oz,oz,28.333
171535,piece,piece,195
171536,oz,oz,28.333
171536,piece,piece,192
171537,cup,cup (4 fl oz),252
171537,can,can (10.75 oz),305
171538,cup,cup,240
171538,can,can 14.5 oz,435
171538,container,container 32 oz,960
171539,cup,cup,250
171539,can,can (10.75 oz),305
171540,cup,cup,252
171540,can,can (10.75 oz),305
171541,cup,cup,248
171542,cup,cup (4 fl oz),252
171542,can,can (10.75 oz),305
171543,cup,cup,248
171544,cup,cup,240
171544,can,can 19 oz,539
171545,cup,cup,252
171546,cup,cup,255
171547,cup,cup,252
171547,can,can (10.7 oz),303
171548,cup,cup,248
171548,can,can (10.5 oz),310
171549,cup,cup (8 fl oz),248
171549,can,can (20 oz),567
171550,cup,cup,240
171550,can,can (19 oz),539
171551,cup,cup (4 fl oz),246
171551,can,can (10.5 oz),298
171552,cup,cup,252
171552,can,can (10.75 oz),305
171553,cup,cup (4 fl oz),246
171553,can,can (10.5 oz),298
171554,cup,cup,256
171554,can,can (11.2 oz),319
171555,cup,cup,240
171555,can,can (19 oz),539
171556,cup,cup,246
171557,cup,cup (4 fl oz),258
171557,can,"can (11 oz), undiluted",312
171558,cup,cup (8 fl oz),236
171558,can,can (18.75 oz),532
171559,cup,cup,230
171560,cube,cube,3.6
171560,packet,packet,6
171561,cube,cube,3.6
171562,cube,cube,4
171562,tsp,teaspoon,2
171563,cube,cube,4.8
171564,cup,cup,233
171564,can,can,291
171565,tbsp,tbsp,6
171566,cup,cup,228
171566,cup,cup,228
171566,jar,jar 10.5 oz,273
171566,jar,jar 12 oz,324
171567,tbsp,tbsp,8
171567,serving,serving,8
171568,cup,cup,238
171568,tbsp,tbsp,14.9
171568,tsp,tsp,5
171568,can,can,298
171569,serving,serving,7
171570,cup,cup (8 fl oz),25
171571,packet,packet,74
171571,packet,packet (6 fl oz),11.1
171572,cup,cup (8 fl oz),244
171572,can,"can (10.75 oz), prepared",593
171573,cup,cup (8 fl oz),244
171573,can,"can (10.75 oz), prepared",593
171574,cup,cup (8 fl oz),247
171574,can,"can (11 oz), prepared",600
171575,tbsp,tbsp,17
171576,oz,oz 1 pouch,28.3
171577,oz,oz 1 pouch,28.3
171578,oz,oz 1 pouch,28.3
171579,cup,cup,252
171580,cup,cup,244
171581,cup,cup,252
171582,cup,cup,248
171583,cup,cup,221
171583,can,can,390
171583,carton,carton (32 oz),926
171585,serving,serving,240
171585,package,package yields,539
171586,serving,serving 1/2 cup,128
171587,serving,serving 1/2 cup,121
171587,can,can 10.7 oz,303
171588,serving,serving,6.7
171588,package,package,454
171589,serving,serving,6.7
171589,package,package (16 oz),454
171590,serving,serving,6.7
171590,package,package (16 oz),454
171591,serving,serving 1 cup,248
171591,fl oz,fl oz,31
171592,cup,cup,259
171592,fl oz,fl oz,32.4
171593,serving,serving 1 cup,248
171593,fl oz,fl oz,31
171594,cup,cup,253
171595,packet,packet,6
171595,cup,cup,273
171596,cup,cup,241
171597,serving,serving 1/2 cup,128
171597,cup,cup,257
171598,cup,cup,236
171599,serving,serving 1/4 cup 2 oz,57
171600,cup,cup,224
171600,cup,cup,226
171600,can,can 10.5 oz,273
171601,oz,oz,28.35
171601,slice,"slice (5-7/8"" x 3-1/2"" x 1/16"")",23
171602,cup,cup,248
171604,tbsp,tbsp,15
171604,cup,cup,245
171605,tbsp,tbsp,15
171605,cup,cup,245
171606,cup,cup,244
171606,fl oz,fl oz,30.5
171607,cup,cup,244
171607,can,can (10.75 oz),305
171608,serving,serving 1/3 cup,39
171609,cup,cup,240
171610,tbsp,tbsp,17
171610,cup,cup,275
171611,cup,cup,251
171612,cup,cup,240
171613,tsp,tsp,2.6
171613,cube,cube,3.6
171614,package,package without flavor packet,82
171614,packet,packet,5.6
171615,package,package without flavor packet,81
171615,packet,packet,6
171616,slice,"slice (4"" dia x 1/8"" thick)",23
171616,slice,"slice (2-3/4"" dia x 1/16"")",6
171617,slice,slice,23
171617,oz,oz,28.35
171618,slice,slices,25
171619,sausage,sausage,91
171620,link,link cooked,85
171621,oz,oz,28.35
171621,slice,"slice (2-1/2"" dia x 1/4"" thick)",18
171622,link,link,70
171623,link,links,42.918
171624,oz,oz,28.333
171624,link,link,45
171625,oz,oz,28.35
171625,frankfurter,frankfurter,45
171626,oz,oz,28.35
171626,slice,"slice (4-1/4"" x 4-1/4"" x 1/16"")",21
171627,slice,"slice (1 oz) (4"" x 4"" x 3/32"" thick)",28
171627,slice,"slice (4-1/4"" x 4-1/4"" x 1/16"")",21
171628,slice,"slice (1 oz) (4"" x 4"" x 3/32"" thick)",28
171628,slice,slices,28.5
171629,tbsp,tbsp,15
171629,oz,oz,28.35
171630,slice,"slice (1 oz) (4"" x 4"" x 3/32"" thick)",28
171630,g,g,1
171631,link,link,101
171632,serving,serving,57
171633,frankfurter,frankfurter,50
171634,frankfurter,frankfurter,48
171635,oz,oz,28.333
171635,package,package,343
171636,oz,oz,28.333
171636,package,package,343
171637,slice,slice,33
171638,oz,oz,28.333
171638,piece,pieces,18.667
171639,slice,slice,8.1
171640,serving,serving,15
171641,cup,cup (1 NLEA serving for adults),30
171641,cup,cup (1 serving for children under 4 years),29.851
171642,cup,cup (1 NLEA serving),36
171643,cup,cup (1 NLEA serving),34.667
171644,cup,cup (1 NLEA serving),36
171645,cup,cup (1 NLEA serving),36
171646,cup,cup,122
171646,oz,oz,28.35
171647,cup,cup (1 NLEA serving),116
171648,cup,cup (1 NLEA serving),38.667
171649,cup,cup (1 NLEA serving),27
171650,cup,cup (1 NLEA serving),59
171651,cup,cup (1 NLEA serving),18.667
171652,cup,cup (1 NLEA serving),36
171653,tbsp,tbsp (1 NLEA serving),7
171654,tbsp,tbsp,9.7
171654,cup,cup,156
171655,cup,cup,257
171655,tbsp,tbsp,16
171656,packet,packet,29
171656,tbsp,tbsp,7
171657,cup,cup (1 serving),251
171657,tbsp,tbsp,16
171658,tbsp,tbsp,11
171658,cup,cup,176
171659,cup,cup,240
171659,tbsp,tbsp,14.9
171659,cup,cup,238.667
171660,tbsp,tbsp,11.5
171660,cup,cup,178
171661,packet,packet,28
171662,cup,"cup, cooked",234
171662,cup,"cup, dry, yields",501
171662,oz,"oz, dry, yields",177
171662,packet,"packet, dry, yields",177
171663,packet,packet (1 NLEA serving),43
171664,packet,packet,45
171665,cup,cup (1 NLEA serving),121.212
171665,cup,cup,141
171665,cup,cup,140
171666,cup,cup,243
171666,cup,cup,242.667
171667,cup,cup,94
171667,cup,cup,93.939
171668,cup,cup,242
171668,cup,cup,242.667
171669,cup,cup (1 NLEA serving),15
171670,tbsp,tbsp,9.7
171670,cup,cup,156
171671,cup,cup,257
171671,tbsp,tablespoon,16
171672,cup,cup,233
171673,cup,cup,233
171674,tbsp,tbsp (1 NLEA serving),11.667
171675,cup,cup,234
171675,cup,cup,233.333
171676,cup,cup,243
171676,cup,cup,242.667
171677,cup,cup,242
171677,cup,cup,242.667
171678,cup,cup (1 NLEA serving),55
171679,cup,cup (1 NLEA serving),40
171680,cup,cup (1 NLEA serving),40
171681,cup,cup (1 NLEA serving),30
171682,packet,packet (1 NLEA serving),45
171683,package,package (1 NLEA serving),70
171684,package,package (1 NLEA serving),75
171685,package,package (1 NLEA serving),70
171686,cup,cup,98
171686,fruit,fruit without refuse,4.8
171687,cup,cup,242
171687,fl oz,fl oz,30.2
171688,cup,"cup, quartered or chopped",125
171688,cup,cup slices,109
171688,large,"large (3-1/4"" dia)",223
171688,medium,"medium (3"" dia)",182
171688,small,"small (2-3/4"" dia)",149
171688,extra,"extra small (2-1/2"" dia)",101
171688,nlea,NLEA serving,242
171689,cup,cup slices,110
171689,large,"large (3-1/4"" dia)",216
171689,medium,"medium (3"" dia)",161
171689,small,"small (2-3/4"" dia)",132
171690,cup,cup,193
171691,cup,cup,86
171691,ring,ring,6.4
171692,cup,cup,255
171693,cup,cup,280
171694,cup,cup slices,173
171695,cup,cup,244
171696,cup,cup,246
171697,cup,"cup, halves",155
171697,cup,"cup, sliced",165
171697,apricot,apricot,35
171698,cup,"cup, halves",243
171698,apricot,apricot half with liquid,36
171699,cup,"cup, halves",258
171699,cup,"cup, whole",240
171699,apricot,apricot half with liquid,40
171700,cup,"cup, whole, without pits",258
171701,cup,"cup, whole, without pits",246
171702,cup,cup,119
171703,cup,cup,242
171704,cup,cup,266
171704,fl oz,fl oz,30.4
171705,cup,"cup, cubes",150
171705,cup,"cup, pureed",230
171705,cup,"cup, sliced",146
171705,avocado,"avocado, NS as to Florida or California",201
171705,nlea,NLEA Serving,50
171706,cup,"cup, pureed",230
171706,fruit,"fruit, without skin and seed",136
171706,nlea,NLEA serving,50
171707,cup,"cup, pureed",230
171707,fruit,fruit without skin and seeds,304
171707,nlea,NLEA Serving,50
171708,cup,cup,160
171709,cup,cup,256
171710,cup,"cup, unthawed",151
171710,package,package (18 oz),510
171711,cup,cup,148
171711,berry,berries,1.36
171712,cup,cup,256
171713,cup,"cup, unthawed",132
171713,package,package (10 oz),284
171714,cup,cup,220
171714,fruit,"fruit, small",384
171715,cup,"cup, cubes",132
171715,cup,"cup, sliced",108
171715,large,"large (4-1/2"" long)",124
171715,medium,"medium (3-5/8"" long)",91
171715,small,"small (3-1/8"" long)",70
171716,cup,cup,256
171717,cup,cup,261
171718,cup,"cup, unthawed",155
171718,package,package (18 oz),510
171719,cup,"cup, with pits, yields",138
171719,cup,"cup, without pits",154
171719,cherry,cherry,8.2
171719,nlea,NLEA serving,140
171720,cup,"cup, pitted",261
171721,cup,cup slices,110
171722,cup,"cup, chopped",110
171722,cup,"cup, whole",100
171723,cup,cup,160
171724,cup,cup,144
171726,cup,"cup, chopped",147
171726,date,"date, pitted",7.1
171727,cup,cup,145
171728,oz,oz,28.25
171729,oz,oz,28.25
171730,oz,oz,28.25
171731,oz,oz,28.25
171732,oz,oz,28.25
171732,steak,steak,152
171733,oz,oz,28.25
171733,roast,roast,339
171734,oz,oz,28.25
171734,roast,roast,449
171735,oz,oz,28.25
171735,roast,roast,350
171736,oz,oz,28.25
171736,roast,roast,359
171737,oz,oz,28.25
171737,roast,roast,342
171738,oz,oz,28.25
171738,roast,roast,377
171739,oz,oz,28.25
171739,roast,roast,449
171740,oz,oz,28.25
171740,roast,roast,342
171741,oz,oz,28.25
171741,roast,roast,377
171742,oz,oz,28.25
171742,steak,steak,173
171743,oz,oz,28.25
171743,steak,steak,344
171744,oz,oz,28.25
171744,roast,roast,740
171745,oz,oz,28.25
171745,roast,roast,675
171746,oz,oz,28.25
171746,roast,roast,658
171747,oz,oz,28.25
171747,roast,roast,699
171748,oz,oz,28.25
171748,roast,roast,625
171749,oz,oz,28.25
171749,roast,roast,673
171750,oz,oz,28.25
171750,steak,steak,267
171751,oz,oz,28.25
171751,steak,steak,266
171752,oz,oz,28.25
171752,steak,steak,268
171753,oz,oz,28.333
171753,roast,roast,478
171754,oz,oz,28.333
171754,roast,roast,487
171755,oz,oz,28.333
171756,oz,oz,28.333
171757,oz,oz,28.25
171757,steak,steak,344
171758,oz,oz,28.25
171758,steak,steak,344
171759,oz,oz,28.25
171759,steak,steak,344
171760,oz,oz,28.25
171760,roast,roast,758
171761,oz,oz,28.25
171761,roast,roast,699
171762,oz,oz,28.25
171762,steak,steak,140
171763,oz,oz,28.25
171763,steak,steak,133
171764,oz,oz,28.25
171764,steak,steak,151
171765,oz,oz,28.25
171765,roast,roast,644
171766,oz,oz,28.25
171766,steak,steak,268
171767,oz,oz,28.25
171767,steak,steak,170
171768,oz,oz,28.25
171768,steak,steak,168
171769,oz,oz,28.25
171769,steak,steak,172
171770,oz,oz,28.333
171771,oz,oz,28.333
171772,oz,oz,28.333
171773,oz,oz,28.333
171774,oz,oz,28.25
171774,steak,steak,304
171775,oz,oz,28.25
171775,steak,steak,302
171776,oz,oz,28.25
171777,oz,oz,28.25
171778,oz,oz,28.333
171779,oz,oz,28.25
171780,oz,oz,28.333
171780,lb,lb,453.6
171781,oz,oz,28.333
171782,oz,oz,28.333
171782,lb,lb,453.6
171783,oz,oz,28.333
171783,lb,lb,453.6
171784,oz,oz,28.333
171784,lb,lb,453.6
171786,oz,oz,28.333
171786,steak,steak,297
171787,oz,oz,28.333
171787,lb,lb,453.6
171788,oz,oz,28.333
171788,lb,lb,453.6
171789,oz,oz,28.333
171789,steak,steak,287
171790,oz,oz,28.25
171791,oz,oz,28.333
171792,oz,oz,28.333
171793,oz,oz,28.333
171794,oz,oz,28.333
171794,portion,portion ( yield from 1/2 lb raw meat ),154
171795,oz,oz,28.333
171796,oz,oz,28.25
171797,oz,oz,28.333
171798,oz,oz,28.333
171799,oz,oz,28.333
171800,oz,oz,28.333
171801,oz,oz,28.333
171802,oz,oz,28.25
171802,lb,lb,453.6
171803,oz,oz,28.25
171804,oz,oz,28.25
171804,lb,lb,453.6
171805,oz,oz,28.333
171805,lb,lb,453.6
171806,oz,oz,28.333
171806,lb,lb,453.6
171807,oz,oz,28.333
171807,lb,lb,453.6
171808,oz,oz,28.333
171808,lb,lb,453.6
171809,oz,oz,28.333
171809,lb,lb,453.6
171810,oz,oz,28.25
171810,lb,lb,453.6
171811,oz,oz,28.333
171811,lb,lb,453.6
171812,oz,oz,28.25
171812,lb,lb,453.6
171813,oz,oz,28.333
171813,lb,lb,453.6
171814,oz,oz,28.25
171814,lb,lb,453.6
171815,oz,oz,28.333
171815,lb,lb,453.6
171816,oz,oz,28.25
171816,lb,lb,453.6
171817,oz,oz,28.333
171817,lb,lb,453.6
171818,oz,oz,28.333
171818,lb,lb,453.6
171819,oz,oz,28.25
171819,lb,lb,453.6
171820,oz,oz,28.25
171820,lb,lb,453.6
171821,cup,cup,223
171822,oz,oz dry (half noodle block),28.369
171823,tbsp,Tbsp,16.5
171824,tbsp,Tbsp,15
171825,tbsp,Tbsp,17
171826,tbsp,tablespoons,15
171827,tbsp,tbsp,18
171827,cup,cup,288
171827,cup,cup,280
171828,tbsp,tbsp,16
171828,cup,cup,296
171828,cup,cup,291
171829,tbsp,tbsp,18
171829,cup,cup,276
171829,cup,cup,265
171830,tbsp,tbsp,17
171830,cup,cup,274
171830,cup,cup,270
171831,tbsp,tablespoon,20
171831,tsp,teaspoon,6.5
171832,tbsp,tbsp,18
171832,container,container (9 oz),259
171833,tsp,tsp,5.6
171834,tbsp,tbsp,18
171834,container,container (9oz),259
171835,cooky,cookies,14.5
171836,cooky,cookies,12.5
171837,cooky,cookies 1 serving,3.875
171837,package,package (40 g),40
171838,cracker,crackers,3.5
171839,cake,cake 1 serving,27
171840,brownie,brownie 1 serving,36
171841,serving,serving,34
171842,cookie,cookie 1 serving,38
171843,serving,serving 3 cookies,29
171844,piece,piece,68
171845,piece,piece,90
171846,cracker,crackers 1 serving,3
171847,cookie,cookie 1 serving,18
171848,package,package,36
171849,slice,slice 1 serving,28
171850,slice,slice 1 serving,38
171851,slice,slice 1 serving,38
171852,piece,piece bagel,81
171853,cup,cup mix 1 serving,152
171854,serving,serving,31
171855,cracker,cracker 1 serving,7.167
171856,cracker,cracker 1 serving,3.5
171857,cooky,cookies,14.667
171858,cooky,cookies,7.667
171859,cooky,cookies,10
171860,cooky,cookies,14.667
171861,roll,roll,36
171862,roll,roll,78
171863,roll,roll,69
171864,roll,roll,44
171865,cookie,cookie,25
171866,serving,serving,40
171867,cookie,cookie,5.6
171868,serving,serving cookie,48
171869,fl oz,fl oz,30.5
171869,bottle,bottle (11 fl oz),336
171869,can,can or bottle (16 fl oz),488
171869,can,can or bottle (12 fl oz),366
171870,serving,serving 8.3 fl oz can,250
171871,fl oz,fl oz,30.8
171871,can,can or bottle (16 fl oz),493
171871,can,can or bottle (12 fl oz),370
171873,fl oz,fl oz,29.625
171874,cup,cup dry mix,98
171874,cup,cup prepared,251
171875,cup,cup,253
171876,fl oz,fl oz,29.6
171876,bottle,bottle (16 fl oz),474
171876,can,can (12 fl oz),355
171877,fl oz,fl oz,29.579
171878,fl oz,fl oz,30
171879,cup,cup (8 fl oz),266
171880,cup,cup,262
171881,cup,cup,248
171882,fl oz,fl oz,30.2
171882,can,can (5.5 oz),166
171883,cup,cup,260
171884,fl oz,fl oz,30
171885,cup,cup,269
171886,envelope,envelope Alba (.675 oz),19
171886,envelope,envelope  Swiss Miss (.53 oz),15
171887,serving,serving 1 envelope,20
171888,cup,cup,271
171889,fl oz,fl oz,29.6
171889,fl oz,fl oz,29.667
171889,cup,cup (8 fl oz),237
171890,fl oz,fl oz,29.6
171890,fl oz,fl oz,29.667
171890,cup,cup (8 fl oz),237
171891,fl oz,fl oz,29.6
171892,cup,cup,265
171893,tsp,tsp,1
171893,packet,packet,2
171894,fl oz,fl oz,29.9
171894,serving,serving 6 fl oz,179
171895,fl oz,fl oz,31.125
171896,fl oz,fl oz,29.625
171897,tsp,"tsp, rounded",1.8
171898,nlea,NLEA Serving,14
171899,fl oz,fl oz,31
171900,fl oz,fl oz,30.875
171901,fl oz,fl oz,29.625
171902,fl oz,fl oz,30.6
171902,cup,cup (8 fl oz),245
171903,fl oz,fl oz,31.6
171903,cup,cup (8 fl oz),253
171904,fl oz,fl oz,29.6
171904,cup,cup (8 fl oz),237
171905,cup,cup (8 fl oz),272
171906,fl oz,fl oz,30.6
171906,bottle,bottle,355
171907,bottle,bottle,1184
171908,fl oz,fl oz,30.3
171909,fl oz,fl oz,31
171910,ml,ml,1
171911,fl oz,fl oz,29.562
171912,fl oz,fl oz,35.2
171912,can,can (12 fl oz),423
171913,fl oz,fl oz,31
171913,serving,serving 8 fl oz,248
171914,fl oz,fl oz,31.111
171914,cup,cup (8 fl oz),248
171915,nlea,NLEA Serving,210
171915,ml,ml,1
171916,fl oz,fl oz,31.3
171916,cup,cup (8 fl oz),250
171917,cup,cup,245
171917,fl oz,fl oz,29.6
171918,serving,serving (3 heaping tsp),23
171918,cup,cup,182
171919,fl oz,fl oz,27.8
171919,jigger,Jigger 1.5 fl oz,42
171920,fl oz,fl oz,27.8
171920,fl oz,fl oz,28
171921,fl oz,fl oz,31
171921,can,can or bottle (16 fl oz),492
171921,can,can (12 fl oz),369
171922,fl oz,fl oz,29.6
171922,bottle,bottle 11.2 fl oz,331
171922,bottle,bottle 16.9 fl oz,500
171923,fl oz,fl oz,29.625
171923,fl oz,fl oz,29.583
171924,fl oz,fl oz,29.6
171925,fl oz,fl oz,29.4
171925,serving,serving 5 fl oz,147
171926,fl oz,fl oz,29.6
171926,serving,serving (8 fl oz),237
171926,ml,ml,1.1
171927,serving,serving 8 oz,238
171928,serving,serving 8 oz,243
171929,serving,serving 8 oz,243
171930,serving,serving 8 oz,243
171931,serving,serving 8 oz,243
171932,serving,serving 8 oz,243
171933,serving,serving 8 oz,246
171934,serving,serving 8 oz,246
171935,serving,serving,240
171936,fl oz,fl oz,30
171937,fl oz,fl oz,31
171937,fl oz,fl oz,30
171937,can,can,480
171938,fl oz,fl oz,30
171939,cup,cup,158
171939,can,can,391
171940,pouch,pouch,200
171941,cup,cup,228
171942,fl oz,"fl oz (approximate weight, 1 serving)",30
171943,oz,oz,31
171943,fl oz,fl oz (1 serving),30.75
171944,fl oz,fl oz,30
171944,fl oz,fl oz,31.1
171945,fl oz,fl oz,29.625
171946,fl oz,fl oz,29.625
171947,cup,cup (8 fl oz),238
171948,oz,oz,28.333
171948,fillet,fillet,159
171949,fillet,fillet,150
171949,oz,oz,28.333
171950,fillet,fillet,116
171950,oz,oz,28.333
171951,fillet,fillet,32
171951,oz,oz,28.333
171952,oz,oz,28.333
171952,fillet,fillet,218
171953,fillet,fillet,79
171953,oz,oz,28.333
171954,oz,oz,28.35
171954,oz,oz,28.333
171955,oz,oz,28.333
171955,fillet,fillet,231
171956,oz,oz,28.333
171956,fillet,fillet,180
171957,fillet,fillet,87
171957,oz,oz,28.333
171958,fillet,fillet,122
171958,oz,oz,28.333
171959,oz,oz,28.333
171959,fillet,fillet,204
171960,oz,oz,28.333
171960,fillet,fillet,198
171961,piece,piece,42
171962,oz,oz,28.333
171962,fillet,fillet,259
171963,oz,oz,28.333
171963,fillet,fillet,202
171964,oz,oz,28.333
171964,fillet,fillet,193
171965,oz,oz,28.333
171965,fillet,fillet,408
171966,cup,cup,135
171966,oz,oz,28.35
171966,can,"can (6.5 oz), drained",125
171966,oz,oz,28.333
171967,cake,cake,60
171968,oz,oz,28.333
171968,crab,crab,163
171969,oz,oz,28.333
171970,oz,oz,28.333
171970,large,large,7.5
171971,oz,oz,28.333
171971,large,large,5.5
171972,cup,cup,128
171972,oz,oz,28.35
171972,can,"can (4.5 oz), drained",128
171972,shrimp,shrimp,3.2
171972,oz,oz,28.333
171973,oz,oz,28.333
171974,oz,oz,28.333
171974,small,small,9.4
171975,oz,oz,28.333
171975,small,small,9.5
171976,oz,oz,28.333
171976,cup,cup,160
171977,oz,oz,28.333
171977,cup,cup,240
171978,medium,medium,14
171978,cup,cup,248
171979,oz,oz,28.333
171979,medium,medium,14.667
171980,oz,oz,28.333
171980,medium,medium,7
171981,oz,oz,28.333
171981,cup,"cup, undrained",248
171981,oz,"oz, drained",23
171981,can,"can (12 oz), oysters and liquid",272
171981,oyster,oyster,8
171981,cup,"cup, drained",162
171982,oz,oz,28.333
171983,oz,oz,28.333
171984,oz,oz,28.333
171985,oz,oz,28.35
171985,oz,oz,28.333
171986,oz,oz,28.333
171986,can,can,165
171987,oz,oz,28.333
171987,can,can,178
171988,oz,oz,28.333
171988,can,can,172
171989,fillet,fillet,62
171989,oz,oz,28.333
171990,fillet,fillet,90
171990,oz,oz,28.333
171991,fillet,fillet,95
171991,oz,oz,28.333
171992,oz,oz,28.333
171992,fillet,fillet,159
171993,oz,oz,28.333
171993,fillet,fillet,154
171994,oz,"oz, boneless",28.35
171994,cubic,"cubic inch, boneless",17
171994,fillet,fillet,176
171994,oz,oz,28.333
171995,oz,oz,28.333
171996,oz,oz,28.333
171997,fillet,fillet,124
171997,oz,oz,28.333
171998,oz,oz,28.333
171998,fillet,fillet,308
171999,oz,oz,28.333
171999,fillet,fillet,308
172000,oz,oz,28.333
172000,fillet,fillet,308
172001,oz,oz,28.333
172001,fillet,fillet,248
172002,fillet,fillet,124
172002,oz,oz,28.333
172003,fillet,fillet,37
172003,oz,oz,28.333
172004,fillet,fillet,62
172004,oz,oz,28.333
172005,oz,oz,28.333
172005,fillet,fillet,308
172006,oz,oz,28.333
172007,oz,oz,28.333
172007,crab,crab,127
172008,oz,oz,28.333
172009,oz,oz,28.333
172009,lobster,lobster,163
172010,oz,oz,28.333
172011,oz,oz,28
172012,slice,slice,30
172012,serving,serving,28
172013,oz,oz,28.409
172014,cup,cup spaghetti not packed,124
172014,cup,cup spaghetti packed,151
172014,cup,cup elbows not packed,120
172014,cup,cup elbows packed,132
172014,cup,cup penne,107
172014,cup,cup rotini,107
172014,cup,cup farfalle,107
172014,cup,cup shells,105
172014,cup,cup lasagne,116
172015,cup,cup,157
172023,cup,cup,119
172024,cup,cup spaghetti not packed,116
172024,cup,cup spaghetti packed,151
172024,cup,cup elbows,117
172024,cup,cup farfalle,107
172024,cup,cup penne,97
172024,cup,cup shells,105
172024,cup,cup lasagne,116
172024,cup,cup rotini,107
172025,cup,cup spaghetti,91
172025,cup,cup elbows,122
172025,cup,cup penne,95
172025,cup,cup farfalle,81
172025,cup,cup rotini,96
172025,cup,cup shells,64
172025,cup,cup lasagne,90
172026,cup,cup spaghetti not packed,169
172026,cup,cup penne not packed,131
172026,cup,cup fettucini not packed,153
172026,cup,cup spirals not packed,136
172026,cup,cup elbows not packed,131
172026,cup,cup shells not packed,156
172027,cup,cup spaghetti packed,166
172027,cup,cup(not packed) not packed,132
172027,cup,cup elbows not packed not packed,111
172115,oz,oz,28.333
172115,steak,steak,421
172116,oz,oz,28.25
172116,steak,steak,526
172117,oz,oz,28.333
172117,steak,steak,426
172118,oz,oz,28.25
172118,steak,steak,460
172119,oz,oz,28.333
172119,steak,steak,141
172120,oz,oz,28.25
172120,steak,steak,200
172121,oz,oz,28.333
172121,steak,steak,174
172122,oz,oz,28.25
172122,medallion,medallion,40
172123,oz,oz,28.25
172123,steak,steak,233
172124,oz,oz,28.333
172124,steak,steak,179
172125,oz,oz,28.25
172125,steak,steak,254
172126,oz,oz,28.333
172126,steak,steak,193
172127,oz,oz,28.333
172127,steak,steak,160
172128,oz,oz,28.25
172128,steak,steak,293
172129,oz,oz,28.333
172129,steak,steak,225
172130,oz,oz,28.25
172130,steak,steak,324
172131,oz,oz,28.333
172131,steak,steak,168
172132,oz,oz,28.25
172132,steak,steak,241
172133,oz,oz,28.333
172133,steak,steak,184
172134,oz,oz,28.25
172134,steak,steak,250
172135,oz,oz,28.333
172135,steak,steak,236
172136,oz,oz,28.333
172136,medallion,medallion,34
172137,oz,oz,28.25
172137,steak,steak,388
172138,oz,oz,28.333
172138,steak,steak,250
172139,oz,oz,28.25
172139,steak,steak,373
172140,oz,oz,28.333
172140,steak,steak,174
172141,oz,oz,28.25
172141,steak,steak,264
172142,oz,oz,28.333
172143,oz,oz,28.25
172144,oz,oz,28.333
172144,steak,steak,242
172145,oz,oz,28.25
172145,rib,ribs,1587
172146,oz,oz,28.333
172146,rib,ribs,1197
172147,oz,oz,28.25
172147,rib,ribs,1604
172148,oz,oz,28.333
172148,rib,ribs,1102
172149,oz,oz,28.333
172149,roast,roast,2259
172150,oz,oz,28.333
172150,roast,roast,2130
172151,oz,oz,28.25
172151,steak,steak,462
172151,roast,roast,2627
172152,oz,oz,28.25
172152,steak,steak,456
172152,roast,roast,2674
172153,oz,oz,28.333
172153,roast,roast,1601
172154,oz,oz,28.333
172154,roast,roast,1555
172155,oz,oz,28.333
172155,roast,roast,1669
172156,oz,oz,28.25
172156,steak,steak,361
172156,roast,roast,2155
172157,oz,oz,28.333
172157,steak,steak,250
172158,oz,oz,28.25
172158,steak,steak,382
172159,oz,oz,28.25
172159,steak,steak,388
172160,oz,oz,28.25
172160,steak,steak,373
172161,oz,oz,28.333
172162,oz,oz,28.25
172162,steak,steak,268
172163,oz,oz,28.25
172163,steak,steak,264
172164,oz,oz,28.333
172164,steak,steak,251
172165,oz,oz,28.333
172165,steak,steak,242
172166,oz,oz,28.333
172166,rib,ribs,1159
172167,oz,oz,28.333
172167,rib,ribs,1197
172168,oz,oz,28.333
172168,rib,ribs,1102
172169,oz,oz,28.25
172169,rib,ribs,1587
172170,oz,oz,28.333
172170,steak,steak,161
172171,oz,oz,28.333
172171,steak,steak,165
172172,oz,oz,28.333
172172,steak,steak,156
172173,oz,oz,28.25
172173,steak,steak,223
172174,oz,oz,28.25
172174,steak,steak,238
172175,oz,oz,28.35
172175,cubic,cubic inch,17
172175,cup,"cup, crumbled, not packed",135
172176,cup,"cup, diced",132
172176,cup,"cup, shredded",113
172176,oz,oz,28.35
172176,cubic,cubic inch,17
172176,slice,slice (1 oz),28
172177,oz,oz,28.35
172177,cup,"cup, sliced",144
172177,cup,"cup, melted",240
172177,cubic,cubic inch,17
172177,package,package (4.5 oz),128
172178,oz,oz,28.35
172178,cup,cup,246
172178,cubic,cubic inch,17
172178,wedge,wedge (1.33 oz),38
172179,oz,oz,28.25
172179,cup,"cup, large curd (not packed)",210
172179,cup,"cup, small curd (not packed)",225
172180,oz,oz,28.25
172180,cup,cup (not packed),226
172181,cup,cup (not packed),145
172181,oz,oz,28.25
172182,oz,oz,28.25
172182,cup,cup (not packed),226
172183,large,large,33
172183,cup,cup,243
172184,large,large,17
172184,cup,cup,243
172185,tbsp,tbsp,15
172185,large,large,61
172186,large,large,50
172187,large,large,61
172187,tbsp,tbsp,13.7
172187,cup,cup,220
172188,cup,"cup, sifted",85
172188,tbsp,tbsp,5
172189,egg,egg,70
172190,egg,egg,144
172191,egg,egg,9
172192,egg,egg,79
172193,cup,cup,245
172193,quart,quart,980
172194,fl oz,fl oz,31.5
172194,cup,cup,252
172195,cup,cup,120
172195,cup,cup,120
172196,cup,cup,68
172196,envelope,envelope (1-1/3 cup),91
172197,oz,oz,28.35
172198,cup,"cup, shredded",113
172198,oz,oz,28.35
172198,cubic,cubic inch,18
172198,slice,slice,28
172198,oz,oz,28.333
172200,tbsp,tbsp,15
172200,cup,cup,243
172201,cup,"cup, crumbled",132
172201,oz,oz,28.35
172202,oz,oz,28
172203,oz,oz,28
172204,oz,oz,28
172205,cup,cup,246
172205,quart,quart,984
172206,tbsp,tablespoon,5
172207,tbsp,tbsp,18
172208,container,container (6 oz),170
172209,tbsp,tbsp,16.5
172210,tbsp,tbsp,15.5
172211,tbsp,tbsp,16
172212,tbsp,tbsp,14.5
172212,pint,pint,484
172213,tbsp,tablespoon,4
172213,cup,cup,75
172214,tsp,tsp,3
172215,cup,"cup, diced",132
172215,oz,oz,28.35
172215,cup,"cup, shredded",113
172215,cubic,cubic inch,14.3
172215,slice,slice (1 oz),28
172215,package,package (6 oz),170
172216,oz,oz,28.35
172216,cup,cup,112
172217,cup,cup,244
172217,tbsp,tbsp,15
172217,fl oz,fl oz,30.5
172217,quart,quart,976
172218,container,container (6 oz),170
172218,cup,cup (8 fl oz),245
172218,container,container (8 oz),227
172219,container,container (6 oz),170
172219,container,container (8 oz),227
172219,container,container (4 oz),226
172219,cup,cup (8 fl oz),245
172220,container,container (6 oz),170
172221,container,container (6 oz),170
172222,cup,cup grated,97
172223,cup,"cup, crumbled",122
172224,cup,"cup, crumbled",118
172225,cup,cup,245
172226,serving,serving,70
172227,serving,serving,82
172228,unit,unit,96
172229,serving,serving,70
172230,serving,serving,70
172231,tsp,tsp,3
172231,tbsp,tbsp,9.4
172232,leaf,leaves,0.5
172232,tbsp,"tbsp, chopped",2.65
172232,cup,"cup leaves, whole",24
172233,sprig,sprigs,0.2
172233,cup,cup sprigs,8.9
172234,tsp,tsp or 1 packet,5
172234,cup,cup,249
172235,tsp,tsp,4.2
172235,tbsp,tbsp,13
172236,tsp,tsp,4.2
172236,tbsp,tbsp,13
172237,tbsp,tbsp,14.9
172237,cup,cup,238
172237,tsp,tsp,5
172238,tbsp,"tbsp, drained",8.6
172239,tsp,tsp,0.5
172239,tbsp,tbsp,1.6
172240,tbsp,tbsp,14.9
172240,cup,cup,239
172240,tsp,tsp,5
172241,tbsp,tbsp,16
172241,cup,cup,255
172241,tsp,tsp,5.3
172242,tsp,tsp,4
172243,tsp,tsp,2.85
172327,tbsp,tablespoon,12.8
172327,cup,cup,205
172328,tbsp,tbsp,13.6
172328,cup,cup,218
172328,tsp,tsp,4.5
172329,tbsp,tablespoon,12.8
172329,cup,cup,205
172330,tbsp,tbsp,12.8
172330,cup,cup,205
172331,tbsp,tbsp,12.8
172331,cup,cup,205
172332,tbsp,tbsp,12.8
172332,cup,cup,205
172333,tbsp,tbsp,12.8
172333,cup,cup,205
172334,tbsp,tbsp,13.6
172334,cup,cup,218
172335,tbsp,tbsp,13.6
172335,cup,cup,218
172335,tsp,tsp,4.5
172336,tbsp,tbsp,14
172336,cup,cup,218
172336,tsp,tsp,4.5
172337,tbsp,tbsp,14
172337,cup,cup,218
172337,tsp,tsp,4.5
172338,tbsp,tbsp,14
172338,cup,cup,218
172338,tsp,tsp,4.5
172339,tbsp,tbsp,14.1
172339,cup,cup,227
172339,tsp,tsp,4.7
172339,stick,stick,111
172340,tbsp,tbsp,13.6
172340,tsp,tsp,4.5
172340,cup,cup,218
172341,tbsp,tbsp,13.6
172341,tsp,tsp,4.5
172341,cup,cup,218
172342,tbsp,tbsp,12.5
172342,tsp,tsp,4.5
172342,cup,cup,205
172343,tbsp,tbsp,13.6
172343,tsp,tsp,4.5
172343,cup,cup,218
172344,tbsp,tablespoon,14
172345,tsp,tsp,4.3
172346,tbsp,tbsp,14
172346,cup,cup,227
172346,tsp,tsp,4.7
172346,pat,"pat (1"" sq, 1/3"" high)",5
172346,stick,stick,113
172347,tbsp,tbsp,14.2
172347,cup,cup,227
172348,tbsp,tbsp,14.3
172348,cup,cup,229
172348,tsp,tsp,4.8
172349,tbsp,tbsp,14.2
172349,cup,cup,227
172350,tbsp,tbsp,14
172351,tbsp,tbsp,15
172352,tbsp,tablespoon,14
172353,tbsp,tbsp,14.6
172353,cup,cup,233
172354,tbsp,tbsp,15
172354,cup,cup,240
172355,tbsp,tbsp,12.8
172355,cup,cup,205
172356,tbsp,tbsp,16
172356,cup,cup,256
172357,tbsp,tablespoon,13.6
172357,tsp,teaspoon,4.5
172357,cup,cup,218
172358,tbsp,tablespoon,13.6
172358,cup,cup,218
172359,tbsp,tablespoon,13.6
172359,tsp,teaspoon,4.5
172359,cup,cup,218
172360,tbsp,tablespoon,13.6
172360,tsp,teaspoon,4.5
172360,cup,cup,218
172361,tbsp,tbsp,13.6
172361,cup,cup,218
172361,tsp,tsp,4.5
172362,tbsp,tbsp,13.6
172362,cup,cup,218
172362,tsp,tsp,4.5
172363,tbsp,tbsp,13.6
172363,cup,cup,218
172363,tsp,tsp,4.5
172364,tbsp,tbsp,13.6
172364,cup,cup,218
172364,tsp,tsp,4.5
172365,tbsp,tbsp,13.6
172365,cup,cup,218
172365,tsp,tsp,4.5
172366,tbsp,tbsp,13.6
172366,cup,cup,218
172366,tsp,tsp,4.5
172367,tbsp,tbsp,13.6
172367,cup,cup,218
172367,tsp,tsp,4.5
172368,tbsp,tbsp,13.6
172368,cup,cup,218
172368,tsp,tsp,4.5
172369,tbsp,tbsp,14
172369,cup,cup,227
172369,tsp,tsp,4.7
172370,tbsp,tablespoon,13.6
172370,cup,cup,218
172370,tsp,teaspoon,4.5
172371,tbsp,tablespoon,14
172372,tbsp,tbsp,14
172373,oz,oz,28.25
172373,drumstick,drumstick with skin,133
172373,drumstick,drumstick,130
172374,unit,unit (yield from 1 lb ready-to-cook chicken),43
172374,drumstick,"drumstick, bone removed",72
172375,unit,unit (yield from 1 lb ready-to-cook chicken),25
172375,drumstick,"drumstick, bone and skin removed",42
172376,oz,oz,28.333
172376,drumstick,drumstick without skin,96
172376,drumstick,drumstick with skin,105
172377,oz,oz,28.333
172377,drumstick,"drumstick, bone and skin removed",46
172377,cup,"cup, chopped or diced",160
172377,unit,unit (yield from 1 lb ready-to-cook chicken),28
172378,oz,oz,28.25
172378,leg,"leg, with skin (Sum of drumstick+thigh+back)",344
172378,drumstick,drumstick with skin,111
172378,thigh,thigh with skin,185
172378,back,back with skin,49
172379,unit,unit (yield from 1 lb ready-to-cook chicken),56
172379,leg,"leg, bone and skin removed",94
172380,oz,oz,28.333
172380,leg,leg (Sum of drumstick+thigh+back meat only),199
172380,drumstick,drumstick bone and skin,105
172380,thigh,thigh bone and skin,72
172380,back,back bone and skin,22
172381,oz,oz,28.333
172381,cup,"cup, chopped or diced",160
172381,unit,unit (yield from 1 lb ready-to-cook chicken),60
172381,leg,"leg, bone and skin removed",101
172382,unit,unit (yield from 1 lb ready-to-cook chicken),15
172382,neck,"neck, bone removed",50
172383,unit,unit (yield from 1 lb ready-to-cook chicken),7
172383,neck,"neck, bone and skin removed",22
172384,oz,oz,28.333
172384,unit,unit (yield from 1 lb ready-to-cook chicken),5
172384,neck,"neck, bone and skin removed",18
172385,oz,oz,28.25
172385,thigh,thigh with skin,193
172386,unit,unit (yield from 1 lb ready-to-cook chicken),52
172386,thigh,"thigh, bone removed",86
172387,oz,oz,28.333
172387,unit,unit (yield from 1 lb ready-to-cook chicken),31
172387,thigh,"thigh, bone and skin removed",52
172388,oz,oz,28.333
172388,thigh,thigh without skin,116
172388,thigh,thigh with skin,137
172389,cup,"cup, chopped or diced",140
172389,unit,unit (yield from 1 lb ready-to-cook chicken),33
172389,thigh,"thigh, bone and skin removed",55
172390,oz,oz,28.25
172390,piece,piece,107
172390,package,package,1150
172391,oz,oz,28.333
172391,unit,unit (yield from 1 lb ready-to-cook chicken),12
172391,wing,"wing, bone and skin removed",20
172392,unit,unit (yield from 1 lb ready-to-cook chicken),13
172392,wing,"wing, bone and skin removed",21
172393,oz,oz,28.333
172393,cup,"cup, chopped or diced",140
172393,unit,unit (yield from 1 lb ready-to-cook chicken),14
172393,wing,"wing, bone and skin removed",24
172394,oz,oz,28.333
172394,chicken,chicken,1509
172395,cup,"cup, chopped or diced",140
172395,unit,unit (yield from 1 lb ready-to-cook chicken),171
172396,unit,unit (yield from 1 lb ready-to-cook chicken),25
172396,giblet,giblets,113
172397,cup,"cup, chopped or diced",145
172397,unit,unit (yield from 1 lb ready-to-cook chicken),15
172398,unit,unit (yield from 1 lb ready-to-cook chicken),99
172398,chicken,"chicken, bone and skin removed",440
172399,oz,oz,28.333
172399,cup,"cup, chopped or diced",160
172399,unit,unit (yield from 1 lb ready-to-cook chicken),202
172399,chicken,"chicken, bone removed",593
172400,oz,oz,28.333
172400,unit,unit (yield from 1 lb ready-to-cook chicken),271
172400,chicken,"chicken, bone removed",796
172401,oz,oz,28.333
172401,unit,unit (yield from 1 lb ready-to-cook chicken),178
172401,chicken,"chicken, bone removed",522
172402,oz,oz,28.25
172402,unit,unit (yield from 1 lb ready-to-cook chicken),194
172402,chicken,"chicken, bone and skin removed",568
172403,oz,oz,28.333
172403,cup,"cup, chopped or diced",140
172403,unit,unit (yield from 1 lb ready-to-cook chicken),137
172404,unit,unit (yield from 1 lb ready-to-cook chicken),105
172404,chicken,"chicken, bone and skin removed",308
172405,cup,"cup, chopped or diced",140
172405,unit,unit (yield from 1 lb ready-to-cook chicken),73
172406,oz,oz,28.333
172406,capon,capon,2152
172407,oz,oz,28.333
172407,capon,capon,1418
172407,unit,unit (yield from 1 lb ready-to cook capon),218
172408,oz,oz,28.333
172408,unit,unit (yield from 1 lb ready-to-cook duck),287
172408,duck,duck,1268
172409,cup,"cup, chopped or diced",140
172409,unit,unit (yield from 1 lb ready-to-cook duck),173
172409,duck,duck,764
172410,unit,unit (yield from 1 lb ready-to-cook duck),137
172410,duck,duck,606
172411,cup,"cup, chopped or diced",140
172411,unit,unit (yield from 1 lb ready-to-cook duck),100
172411,duck,duck,442
172412,cup,"cup, chopped or diced",140
172412,unit,unit (yield from 1 lb ready-to-cook goose),188
172412,goose,goose,1548
172413,oz,oz,28.333
172413,unit,unit (yield from 1 lb ready-to-cook goose),185
172413,goose,goose,1532
172414,unit,unit (yield from 1 lb ready-to-cook goose),143
172414,goose,goose,1182
172415,liver,liver,94
172415,unit,unit (yield from 1 lb ready-to-cook goose),11
172416,oz,oz,28.333
172416,unit,unit (yield from 1 lb ready-to-cook guinea),359
172416,guinea,guinea,690
172417,unit,unit (yield from 1 lb ready-to-eat pheasant),99
172417,leg,"leg, bone and skin removed",107
172418,quail,quail,109
172418,unit,unit (yield from 1 lb ready-to cook quail),405
172419,quail,quail,92
172419,unit,unit (yield from 1 lb ready-to cook quail),342
172420,cup,cup,192
172420,tbsp,tablespoon,12
172421,cup,cup,198
172421,tbsp,tbsp,12.3
172422,cup,cup,182
172423,cup,cup,180
172424,cup,cup,166
172425,cup,cup,196
172426,cup,cup,177
172427,cup,cup,180
172427,oz,"oz dry, yield after cooking",69
172428,cup,cup,196
172429,cup,cup,196
172429,tbsp,tbsp,12.2
172430,oz,oz,28.35
172430,cup,cup,146
172431,cup,cup,147
172431,oz,oz,28.35
172432,cup,cup,146
172432,oz,oz,28.35
172433,cup,cup,144
172433,oz,oz,28.35
172434,cup,cup,146
172434,oz,oz,28.35
172435,cup,cup,60
172435,oz,oz,28.35
172436,cup,cup,205
172437,cup,cup,168
172438,cup,cup,238
172438,can,can,442
172439,cup,cup,144
172439,oz,"oz cooked, yield",16
172439,strip,strip,5
172440,cup,cup,172
172441,cup,cup,93
172442,tbsp,tbsp,17
172442,cup,cup,275
172443,cup,cup,175
172444,cup,"cup, stirred",88
172444,tbsp,tbsp,5.5
172445,cup,cup,122
172446,cup,cup,243
172446,fl oz,fl oz,30.6
172447,oz,oz,28.35
172448,cup,cup,252
172448,block,block,324
172448,block,block,455
172449,piece,"piece (2-1/2"" x 2-3/4"" x 1"")",120
172449,cup,"cup (1/2"" cubes)",248
172449,cubic,cubic inch,18
172449,block,block,464
172449,block,block,450
172450,piece,piece,17
172451,oz,oz,28.35
172451,piece,piece,13
172452,cup,cup,122
172453,cup,cup,172
172454,tbsp,tablespoon,15
172454,cup,cup,246
172455,patty,"patty (approx 2-1/4"" dia)",17
172456,cup,cup,243
172456,fl oz,fl oz,30.6
172457,tbsp,tbsp,15.5
172458,tbsp,tablespoon,18
172459,tbsp,tbsp,16
172459,cup,cup,258
172460,tbsp,tbsp,16
172460,cup,cup,258
172461,slice,slice,84
172462,slice,slice,84
172463,slice,slice,84
172464,slice,slice,84
172465,cup,cup,231
172465,can,can,445
172466,cup,cup,233
172466,tbsp,tbsp,15
172468,package,package,395
172469,tbsp,tbsp,16
172469,cup,cup,258
172470,tbsp,tbsp,16
172470,cup,cup,258
172471,tbsp,tbsp,16
172472,cup,cup,168
172473,tbsp,tbsp,14.2
172473,tsp,tsp,4.5
172473,cup,cup,255
172474,tbsp,tbsp,15
172474,tsp,tsp,4.9
172474,cup,cup,232
172475,cup,cup,252
172475,block,block,324
172476,cup,cup,248
172476,block,block,464
172477,cup,cup,172
172478,oz,oz,28.25
172478,roast,roast with bone,325
172479,oz,oz,28.35
172479,lb,lb,453.6
172480,oz,oz,28.333
172480,piece,"piece, cooked, excluding refuse (yield from 1 lb raw meat with refuse)",242
172481,oz,oz,28.35
172481,lb,lb,453.6
172482,piece,"piece, cooked, excluding refuse (yield from 1 lb raw meat with refuse)",148
172482,oz,oz,28.333
172483,oz,oz,28.35
172483,lb,lb,453.6
172484,piece,"piece, cooked, excluding refuse (yield from 1 lb raw meat with refuse)",128
172484,oz,oz,28.333
172485,oz,oz,28.333
172485,piece,"piece, cooked, excluding refuse (yield from 1 lb raw meat with refuse)",269
172486,oz,oz,28.35
172486,lb,lb,453.6
172487,oz,oz,28.333
172487,piece,"piece, cooked, excluding refuse (yield from 1 lb raw meat with refuse)",238
172488,oz,oz,28.35
172488,lb,lb,453.6
172489,oz,oz,28.333
172489,chop,"chop, excluding refuse (yield from 1 raw chop, with refuse, weighing 120 g)",64
172490,oz,oz,28.333
172490,piece,"piece, cooked, excluding refuse (yield from 1 lb raw meat with refuse)",269
172491,oz,oz,28.35
172491,chop,"chop, excluding refuse (yield from 1 raw chop, with refuse, weighing 120 g)",65
172492,oz,oz,28.333
172492,chop,"chop, excluding refuse (yield from 1 raw chop, with refuse, weighing 120 g)",46
172493,oz,oz,28.35
172493,lb,lb,453.6
172494,piece,"piece, cooked, excluding refuse (yield from 1 lb raw meat with refuse)",147
172494,oz,oz,28.333
172495,oz,oz,28.333
172495,piece,"piece, cooked, excluding refuse (yield from 1 lb raw meat with refuse)",159
172496,oz,oz,28.25
172496,lb,lb,453.6
172497,oz,oz,28.333
172497,piece,"piece, cooked, excluding refuse (yield from 1 lb raw meat with refuse)",218
172498,oz,oz,28.333
172498,piece,"piece, cooked, excluding refuse (yield from 1 lb raw meat with refuse)",202
172499,oz,oz,28.333
172499,piece,"piece, cooked, excluding refuse (yield from 1 lb raw meat with refuse)",217
172500,oz,oz,28.35
172500,chop,"chop, excluding refuse (yield from 1 raw chop, with refuse, weighing 160 g)",133
172501,oz,oz,28.333
172501,chop,"chop, excluding refuse (yield from 1 raw chop, with refuse, weighing 160 g)",70
172502,oz,oz,28.333
172502,chop,"chop, excluding refuse (yield from 1 raw chop, with refuse, weighing 160 g)",74
172503,oz,oz,28.333
172503,piece,"piece, cooked, excluding refuse (yield from 1 lb raw meat with refuse)",224
172504,oz,oz,28.35
172504,lb,lb,453.6
172505,oz,oz,28.333
172505,piece,"piece, cooked, excluding refuse (yield from 1 lb raw meat with refuse)",209
172506,oz,oz,28.333
172506,piece,"piece, cooked, excluding refuse (yield from 1 lb raw meat with refuse)",207
172507,oz,oz,28.333
172507,piece,"piece, cooked, excluding refuse (yield from 1 lb raw meat with refuse)",210
172508,oz,oz,28.35
172508,lb,lb,453.6
172509,oz,oz,28.333
172509,unit,"unit, cooked (yield from 1 lb raw meat)",272
172510,oz,oz,28.333
172510,unit,"unit, cooked (yield from 1 lb raw meat)",327
172511,oz,oz,28.35
172511,lb,lb,453.6
172512,oz,oz,28.333
172512,unit,"unit, cooked (yield from 1 lb raw meat)",286
172513,oz,oz,28.25
172513,serving,serving,115
172514,oz,oz,28.333
172514,serving,serving,85
172515,oz,oz,28.25
172515,serving,serving,115
172516,oz,oz,28.333
172516,piece,"piece, cooked, excluding refuse (yield from 1 lb raw meat with refuse)",218
172517,oz,oz,28.25
172517,serving,serving,115
172518,oz,oz,28.35
172518,lb,lb,453.6
172519,oz,oz,28.333
172519,piece,"piece, cooked (yield from 1 lb raw meat, boneless)",313
172520,oz,oz,28.333
172520,piece,"piece, cooked (yield from 1 lb raw meat, boneless)",399
172521,oz,oz,28.35
172521,lb,lb,453.6
172522,oz,oz,28.333
172522,piece,"piece, cooked (yield from 1 lb raw meat, boneless)",313
172523,oz,oz,28.35
172523,lb,lb,453.6
172524,oz,oz,28.333
172524,piece,"piece, cooked (yield from 1 lb raw meat, boneless)",313
172525,oz,oz,28.35
172525,oz,oz,28.25
172526,oz,oz,28.333
172526,unit,"unit, cooked (yield from 1 lb raw meat)",347
172527,oz,oz,28.35
172527,oz,oz,28.25
172528,oz,oz,28.333
172528,unit,"unit, cooked (yield from 1 lb raw meat)",191
172529,oz,oz,28.35
172529,oz,oz,28.25
172530,oz,oz,28.333
172530,unit,"unit, cooked (yield from 1 lb raw meat)",198
172531,oz,oz,28.35
172531,oz,oz,28.25
172532,oz,oz,28.333
172532,unit,"unit, cooked (yield from 1 lb raw meat)",336
172533,oz,oz,28.333
172533,unit,"unit, cooked (yield from 1 lb raw meat)",322
172534,oz,oz,28.25
172534,lb,lb,453
172535,oz,oz,28.333
172535,slice,slice,80
172536,oz,oz,28.333
172536,unit,"unit, cooked (yield from 1 lb raw meat)",300
172537,oz,oz,28.35
172537,oz,oz,28.375
172538,oz,oz,28.35
172538,oz,oz,28.25
172539,oz,oz,28.333
172539,unit,"unit, cooked (yield from 1 lb raw meat)",231
172540,oz,oz,28.35
172540,oz,oz,28.25
172541,oz,oz,28.333
172541,unit,"unit, cooked (yield from 1 lb raw meat)",345
172542,oz,oz,28.35
172542,oz,oz,28.25
172543,oz,oz,28.333
172544,oz,oz,28.333
172544,unit,"unit, cooked (yield from 1 lb raw meat)",313
172545,oz,oz,28.35
172545,lb,lb,453.6
172546,oz,oz,28.333
172546,piece,"piece, cooked, excluding refuse (yield from 1 lb raw meat with refuse)",250
172547,oz,oz,28.35
172547,lb,lb,453.6
172548,oz,oz,28.333
172548,piece,"piece, cooked, excluding refuse (yield from 1 lb raw meat with refuse)",267
172549,oz,oz,28.35
172549,lb,lb,453.6
172550,oz,oz,28.333
172550,piece,"piece, cooked, excluding refuse (yield from 1 lb raw meat with refuse)",260
172551,oz,oz,28.35
172551,steak,"steak, excluding refuse (yield from 1 raw steak, with refuse, weighing 102 g)",79
172552,oz,oz,28.333
172552,piece,"piece, cooked, excluding refuse (yield from 1 lb raw meat with refuse)",248
172553,oz,oz,28.35
172553,lb,lb,453.6
172554,oz,oz,28.333
172554,piece,"piece, cooked, excluding refuse (yield from 1 lb raw meat with refuse)",213
172555,oz,oz,28.333
172555,piece,"piece, cooked, excluding refuse (yield from 1 lb raw meat with refuse)",242
172556,oz,oz,28.35
172556,lb,lb,453.6
172557,oz,oz,28.333
172557,piece,"piece, cooked, excluding refuse (yield from 1 lb raw meat with refuse)",207
172558,oz,oz,28.333
172558,piece,"piece, cooked, excluding refuse (yield from 1 lb raw meat with refuse)",250
172559,oz,oz,28.333
172559,piece,"piece, cooked, excluding refuse (yield from 1 lb raw meat with refuse)",256
172560,oz,oz,28.35
172560,lb,lb,453.6
172561,oz,oz,28.333
172561,piece,"piece, cooked, excluding refuse (yield from 1 lb raw meat with refuse)",253
172562,oz,oz,28.35
172562,chop,"chop, excluding refuse (yield from 1 raw chop, with refuse, weighing 85 g)",63
172563,oz,oz,28.333
172563,chop,"chop, excluding refuse (yield from 1 raw chop, with refuse, weighing 85 g)",42
172564,oz,oz,28.35
172564,lb,lb,453.6
172564,oz,oz,28.25
172565,oz,oz,28.35
172565,lb,lb,453.6
172565,oz,oz,28.25
172566,oz,oz,28.35
172566,lb,lb,453.6
172566,oz,oz,28.25
172567,oz,oz,28.35
172568,oz,oz,28.35
172568,lb,lb,453.6
172569,oz,oz,28.333
172569,piece,"piece, cooked, excluding refuse (yield from 1 lb raw meat with refuse)",194
172570,oz,oz,28.35
172570,lb,lb,453.6
172571,oz,oz,28.333
172571,piece,"piece, cooked, excluding refuse (yield from 1 lb raw meat with refuse)",223
172572,oz,oz,28.35
172572,lb,lb,453.6
172572,oz,oz,28.333
172573,oz,oz,28.333
172573,piece,"piece, cooked, excluding refuse (yield from 1 lb raw meat with refuse)",248
172574,oz,oz,28.35
172574,lb,lb,453.6
172574,oz,oz,28.333
172575,oz,oz,28.333
172575,piece,"piece, cooked, excluding refuse (yield from 1 lb raw meat with refuse)",211
172576,oz,oz,28.35
172576,lb,lb,453.6
172576,oz,oz,28.333
172577,oz,oz,28.333
172577,piece,"piece, cooked, excluding refuse (yield from 1 lb raw meat with refuse)",251
172578,oz,oz,28.35
172578,lb,lb,453.6
172578,oz,oz,28.333
172579,oz,oz,28.333
172579,piece,"piece, cooked, excluding refuse (yield from 1 lb raw meat with refuse)",277
172580,oz,oz,28.35
172580,lb,lb,453.6
172580,oz,oz,28.333
172581,oz,oz,28.333
172581,piece,"piece, cooked, excluding refuse (yield from 1 lb raw meat with refuse)",259
172582,oz,oz,28.35
172583,oz,oz,28.333
172584,oz,oz,28.35
172585,oz,oz,28.333
172586,oz,oz,28.35
172586,oz,oz,28.333
172587,oz,oz,28.333
172588,oz,oz,28.35
172588,oz,oz,28.333
172589,oz,oz,28.333
172589,piece,"piece, cooked, excluding refuse (yield from 1 lb raw meat with refuse)",241
172589,chop,chop,54
172590,oz,oz,28.35
172590,lb,lb,453.6
172590,oz,oz,28.333
172591,oz,oz,28.333
172591,piece,"piece, cooked, excluding refuse (yield from 1 lb raw meat with refuse)",262
172592,oz,oz,28.35
172592,lb,lb,453.6
172592,oz,oz,28.333
172593,oz,oz,28.333
172593,piece,"piece, cooked, excluding refuse (yield from 1 lb raw meat with refuse)",222
172594,oz,oz,28.35
172594,lb,lb,453.6
172594,oz,oz,28.333
172595,oz,oz,28.333
172595,piece,"piece, cooked, excluding refuse (yield from 1 lb raw meat with refuse)",273
172596,oz,oz,28.35
172596,lb,lb,453.6
172596,oz,oz,28.333
172597,oz,oz,28.333
172597,piece,"piece, cooked, excluding refuse (yield from 1 lb raw meat with refuse)",233
172598,serving,serving ( 3 oz ),85
172598,roast,roast (3 to 5 lb roast),1237
172599,serving,serving ( 3 oz ),85
172599,steak,steak ( yield from 232.8 g raw meat ),179
172600,serving,serving ( 3 oz ),85
172600,steak,steak,180
172601,serving,serving ( 3 oz ),85
172601,steak,steak,489
172602,patty,patty (cooked from 4 oz raw),85
172602,oz,oz,28.35
172603,patty,patty,93
172603,serving,serving ( 3 oz ),85
172604,steak,steak,54
172604,serving,serving ( 3 oz ),85
172605,serving,serving ( 3 oz ),85
172605,roast,roast (3 to 5 lb roast),293
172606,oz,oz,28.25
172606,roast,roast with bone,330
172607,oz,oz,28.333
172607,roast,roast with bone,330
172608,serving,serving (4 oz),113
172609,oz,oz,28.333
172610,oz,oz,28.333
172611,oz,oz,28.25
172612,oz,oz,28.333
172613,oz,oz,28.333
172614,oz,oz,28.333
172615,oz,oz,28.25
172616,oz,oz,28.333
172617,oz,oz,28.25
172618,oz,oz,28.333
172619,oz,oz,28.25
172620,oz,oz,28.333
172621,oz,oz,28.25
172622,oz,oz,28.333
172623,oz,oz,28.25
172624,oz,oz,28.333
172625,oz,oz,28.25
172626,oz,oz,28.333
172627,oz,oz,28.333
172628,oz,oz,28.25
172629,oz,oz,28.333
172630,oz,oz,28.333
172631,oz,oz,28.25
172632,oz,oz,28.333
172633,oz,oz,28.25
172634,oz,oz,28.333
172635,oz,oz,28.25
172636,oz,oz,28.333
172637,oz,oz,28.25
172638,oz,oz,28.333
172639,oz,oz,28.333
172640,oz,oz,28.333
172641,oz,oz,28.25
172642,oz,oz,28.333
172643,oz,oz,28.25
172643,cutlet,cutlet,55
172643,serving,serving,113
172644,oz,oz,28.333
172644,chop,chop,153
172645,oz,oz,28.25
172645,serving,serving,113
172645,shank,shank whole,1270
172646,oz,oz,28.333
172646,shank,shank cross cut,187
172647,oz,oz,28.333
172648,oz,oz,28.25
172648,serving,serving,113
172648,shank,shank whole,1270
172649,oz,oz,28.333
172649,shank,shank cross cut,187
172650,oz,oz,28.333
172650,chop,chop,153
172651,oz,oz,28.333
172651,chop,chop,352
172652,oz,oz,28.25
172652,roast,roast,146
172653,oz,oz,28.25
172653,leg,"leg bottom, boneless",989
172654,oz,oz,28.333
172654,leg,leg trotter off,1808
172655,oz,oz,28.25
172655,leg,leg trotter off,2674
172657,oz,oz,28.25
172658,oz,oz,28.333
172658,leg,"leg bottom, boneless",723
172659,oz,oz,28.25
172659,leg,"leg bottom, boneless",989
172660,oz,oz,28.25
172660,roast,roast,146
172661,oz,oz,28.333
172661,chop,chop,43
172662,oz,oz,28.333
172662,roast,roast,329
172663,oz,oz,28.333
172663,roast,roast,447
172664,mini,"mini bagel (2-1/2"" dia)",26
172664,small,"small bagel (3"" dia)",69
172664,medium,"medium bagel (3-1/2"" to 4"" dia)",105
172664,large,"large bagel (4-1/2"" dia)",131
172664,oz,oz,28.35
172665,mini,"mini bagel (2-1/2"" dia)",24
172665,small,"small bagel (3-1/2"" to 4""dia)",65
172665,medium,"medium bagel (4"" dia)",99
172665,large,"large bagel (4-1/2"" dia)",123
172665,oz,oz,28.35
172666,mini,"mini bagel (2-1/2"" dia)",26
172666,small,"small bagel (3"" dia)",69
172666,medium,"medium bagel (3-1/2"" to 4"" dia)",105
172666,large,"large bagel (4-1/2"" dia)",131
172666,oz,oz,28.35
172667,oz,oz,28.35
172667,large,large,77
172667,medium,medium,51
172667,small,small,35
172667,biscuit,"biscuit (2-1/2"" dia)",35
172668,biscuit,biscuit,58
172668,biscuit,biscuit,43
172668,package,package,398
172668,oz,oz,28.35
172669,biscuit,biscuit,51
172669,biscuit,"biscuit (2-1/2"" dia)",27
172669,oz,oz,28.35
172670,oz,oz,28.35
172670,biscuit,"biscuit (4"" dia)",101
172670,small,"small (1-1/2"" dia)",14
172670,biscuit,"biscuit (2-1/2"" dia)",60
172671,oz,oz,28.35
172671,biscuit,"biscuit (2-1/2"" dia)",44
172672,oz,oz,28.35
172672,cubic,cubic inch,3.2
172672,slice,"slice, large or thick",30
172672,slice,"slice, regular",25
172672,slice,"slice regular, crust not eaten",12.2
172672,slice,slice,25
172672,slice,"slice, thin",20
172672,slice,"slice thin, crust not eaten",9.4
172673,oz,oz,28.35
172673,slice,"slice (5"" x 3"" x 1/2"")",40
172674,oz,oz,28.35
172674,slice,"slice (5"" x 3"" x 1/2"")",37
172675,oz,oz,28.35
172675,slice,slice,139
172676,oz,oz,28.35
172676,slice,slice,30
172677,oz,oz,28.35
172677,slice,slice,27
172678,oz,oz,28.35
172678,slice,slice,27
172679,oz,oz,28.35
172679,slice,slice,25
172680,oz,oz,28.35
172680,slice,"slice, large",32
172680,slice,slice,26
172680,slice,"slice, thin",23
172681,oz,oz,28.35
172681,slice,"slice, large",29
172681,slice,slice,24
172681,slice,"slice, thin",21
172682,oz,oz,28.35
172682,slice,slice,23
172683,oz,oz,28.35
172683,slice,slice,19
172684,oz,oz,28.35
172684,slice,"slice, regular",32
172684,slice,"slice, snack-size",7
172684,slice,"slice, thin",25
172685,oz,oz,28.35
172685,slice,"slice, large",29
172685,slice,"slice, regular",24
172685,slice,"slice, thin",18
172686,slice,slice,29
172687,oz,oz,28.35
172687,slice,slice,24
172688,slice,slice,32
172688,oz,oz,28.35
172689,oz,oz,28.35
172689,slice,slice,25
172690,oz,oz,28.35
172690,slice,"slice, regular (4"" x 5"" x 3/4"")",46
172690,slice,"slice, thin (3-3/4"" x 5"" x 3/8"")",33
172691,oz,oz,28.35
172691,slice,slice,42
172691,slice,"slice, thin (3-3/4"" x 5"" x 3/8"")",30
172692,oz,oz,28.35
172692,package,package (6 oz),170
172693,oz,oz,28.35
172693,cup,cup,200
172694,piece,piece (1/12 of 12 oz cake),28
172694,cake,"cake (9"" dia x 4"")",340
172695,piece,"piece (1/12 of 10"" dia)",50
172695,tube,"tube cake (10"" dia, 4-3/8"" high)",596
172696,oz,oz,28.35
172696,piece,piece (1/6 of pie),92
172697,piece,"piece (1/12 of 9"" dia)",95
172697,cake,"cake, 2-layer (8"" or 9"" dia)",1137
172698,oz,oz,28.35
172698,piece,"piece (1/12 of 9"" dia)",112
172699,oz,oz,28.35
172699,piece,piece (1/6 of 16 oz cake),76
172700,oz,oz,28.35
172700,individual,individual cake,57
172700,piece,piece (1/9 of 20 oz cake),63
172701,oz,oz,28.35
172701,package,package (14.5 oz),411
172702,oz,oz,28.35
172702,piece,"piece (1/9 of 8"" square)",74
172703,oz,oz,28.35
172703,piece,"piece (1/9 of 8"" square)",115
172704,loaf,loaf 1/6 of the loaf,381.25
172704,piece,piece individually wrapped cake,49
172705,oz,oz,28.35
172705,package,package (8 oz),227
172706,oz,oz,28.35
172706,piece,piece (1/12 of 16 oz cake),38
172707,oz,oz,28.35
172707,piece,piece (1/12 of 10 inch cake),63
172708,oz,oz,28.35
172708,package,package (18.50 oz),524
172709,piece,"piece (1/12 of 9"" dia)",74
172709,cake,"cake, 2-layer (8"" or 9"" dia)",887
172710,piece,"piece (1/12 of 8"" dia)",68
172710,cake,"cake, 2-layer (8"" dia)",817
172711,oz,oz,28.35
172711,piece,piece (1/6 of 17 oz cake),80
172711,piece,piece (1 NLEA serving),125
172712,oz,oz,28.35
172712,piece,"piece (1/12 of 9"" dia)",99
172713,oz,oz,28.35
172713,square,"square, large (2-3/4"" sq x 7/8"")",56
172713,package,"package, Little Debbie (twin wrapped)",61
172714,oz,oz,28.35
172714,cup,"cup, crumbs",112
172714,wafer,wafer,6
172715,serving,serving 3 cookies,34
172715,oz,oz,28.35
172716,cookie,cookie,12.9
172716,cookie,cookie Pepperidge Farm Chocolate Chunk Pecan,12
172716,oz,oz,28.35
172716,cookie,"cookie (average weight of 1 cookie, variety of brands)",12.2
172716,cookie,cookie Pepperidge Farm Chocolate Chunk Pecan,12
172716,cookie,"cookie, big (3-1/2"" - 4"" dia) (include Grandma brand)",40
172716,cookie,"cookie, medium (2-1/4"" dia)",10
172716,cookie,"cookie, large (include Keebler Rich 'n Chips, Pecan Chips Delux)",14
172716,cookie,"cookie, bite size (include Mini Chips Ahoy!)",2.2
172717,cookie,cookie,14.2
172717,oz,oz,28.35
172717,cookie,cookie,15
172717,cookie,cookie (average weight of 1 cookie),12.2
172718,cookie,cookie,12
172718,oz,oz,28.35
172719,oz,oz,28.35
172719,cookie,cookie,17
172720,oz,oz,28.35
172720,cookie,cookie,13
172721,oz,oz,28.35
172721,figaroo,Figaroo (2 square halves),43
172721,cookie,cookie,16
172721,individual,"individual package (2 oz package containing 2 3"" bars)",57
172722,oz,oz,28.35
172722,cookie,cookie,8
172723,oz,oz,28.35
172723,fudge,Fudge Marshmallow,28
172723,pie,"pie, marshmallow (3"" dia x 3/4"")",39
172723,cookie,"cookie, small (1-3/4"" dia x 3/4"")",13
172724,oz,oz,28.35
172724,large,"large (3-1/2"" to 4"" dia) (include Archway brand)",32
172724,medium,medium,15
172724,cookie,"cookie, Little Debbie",20
172725,oz,oz,28.35
172725,cookie,"cookie, big (3-1/2"" - 4"" dia) (include Archway brand, Grandma brand)",25
172725,large,large,18
172726,oz,oz,28.35
172726,cookie,cookie,15
172727,oz,oz,28.35
172727,cookie,cookie,31
172728,oz,oz,28.35
172728,cookie,cookie,15
172729,oz,oz,28.35
172729,portion,"portion, dough for 1 cookie",16
172730,oz,oz,28.35
172730,cookie,cookie,12
172731,oz,oz,28.35
172731,package,package (8.5 oz),241
172732,oz,oz,28.35
172732,cookie,"cookie, medium (1-5/8"" dia)",7
172733,oz,oz,28.35
172733,cookie,cookie,10
172734,oz,oz,28.35
172734,cookie,"cookie, medium (1-5/8"" dia)",7
172735,oz,oz,28.35
172735,cookie,cookie 1 rolled cookie dough,15
172735,cookie,cookie 1 pre-sliced cookie dough,23
172736,cooky,cookies,12
172736,cookie,cookie,10.1
172736,oz,oz,28.35
172737,oz,oz,28.35
172737,cookie,"cookie, oval (3-1/8"" x 1-1/4"" x 3/8"")",15
172737,cookie,"cookie, round (1-3/4"" dia)",10
172738,oz,oz,28.35
172738,sheet,sheet,245
172738,shell,shell,40
172739,oz,oz,28.4
172739,cup,"cup, crushed",55
172739,crispbread,crispbread,10
172739,wafer,"wafer, thin",2
172739,wafer,wafer,10
172739,cracker,"cracker, Norwegian flatbread (4-3/4"" x 2-3/4"" x 1/16"")",5.8
172739,wafer,"wafer, Rye Krisp (triple cracker)",25
172739,crispbread,"crispbread, Wasa rye",10
172740,oz,oz,28.4
172740,matzo,matzo,28
172741,oz,oz,28.4
172741,matzo,matzo,28
172742,oz,oz,28.4
172742,matzo,matzo,28
172743,oz,oz,28.4
172743,cracker,"cracker, sandwich",7
172744,oz,oz,28.4
172744,cup,"cup, crushed",61
172744,cracker,"cracker (4-1/2"" x 2-1/2"" x 1/8"")",11
172744,cracker,"cracker, triple",25
172745,oz,oz,28.4
172745,cracker,"cracker, triple",22
172746,cracker,crackers,2.98
172746,oz,oz,28.4
172746,cup,"cup, crushed",70
172746,cracker,crackers square (1 serving),3
172746,cracker,cracker square,3
172746,cracker,"cracker, round large",10
172746,cracker,"cracker, oyster",1
172746,cracker,"cracker, rectangle",6
172746,cup,cup oyster crackers,45
172747,oz,oz,28.4
172747,cracker,"cracker, sandwich",7
172748,oz,oz,28.4
172748,cracker,"cracker, sandwich",7
172749,serving,serving,28
172749,cracker,"crackers, Triscuits, regular size",4.667
172749,cracker,cracker,4.6
172749,oz,oz,28.4
172749,cup,"cup, crushed",94
172749,triscuit,Triscuit Bits,1
172750,oz,oz,28.35
172750,cup,cup,115
172751,oz,oz,28.4
172751,cup,cup,30
172752,oz,oz,28.4
172752,cup,cup,40
172752,package,"package, fast food",10
172752,cube,cubes,0.25
172753,oz,oz,28.35
172753,large,"large (approx 7"" dia)",142
172753,small,"small or frozen (approx 3"" dia)",35
172753,pastry,"pastry (4-1/4"" dia)",65
172753,toaster,Toaster Strudel,53
172753,piece,piece (1/8 of 15 oz ring),53
172754,oz,oz,28.35
172754,pastry,pastry,71
172755,oz,oz,28.35
172755,large,"large (approx 7"" dia)",142
172755,small,"small or frozen (approx 3"" dia)",35
172755,pastry,"pastry (4-1/4"" dia)",71
172755,toaster,Toaster Strudel,53
172755,piece,piece (1/8 of 15 oz ring),53
172756,oz,oz,28.35
172756,cruller,"cruller (3"" dia)",41
172757,oz,oz,28.35
172757,doughnut,"doughnut oval (3-1/2"" x 2-1/2"")",85
172758,oz,oz,28.35
172758,doughnut,doughnut hole,13
172758,doughnut,doughnut stick,56
172758,extra-large,"extra large (approx 5"" dia)",122
172758,jumbo,"jumbo (approx 6"" dia)",157
172758,doughnut,"doughnut, large (approx 4-1/4"" dia)",75
172758,doughnut,"doughnut, long type (twist) approx 5-1/4"" x 2-1/2"" x 1-1/2"" high)",90
172758,doughnut,"doughnut medium (approx 3-3/4"" dia)",64
172758,doughnut,"doughnut, small (approx 3"" dia)",31
172758,doughnut,doughnut (approx 1-1/2 oz),42
172758,doughnut,"doughnut (3-3/4"" dia)",60
172758,honeybun,"honeybun (4"" x 3"")",65
172758,honeybun,"honeybun (4-1/2"" x 3-1/2"")",78
172758,honeybun,"honeybun (5"" x 3-1/2"")",85
172758,doughnut,"doughnut, medium (approx 3-3/4"" dia)",60
172758,doughnut,doughnut,63
172759,oz,oz,28.35
172759,doughnut,"doughnut oval (3-1/2"" x 2-1/2"")",85
172760,oz,oz,28.35
172760,muffin,muffin,52
172761,oz,oz,28.35
172761,muffin,muffin,57
172762,oz,oz,28.35
172762,muffin,muffin,66
172763,oz,oz,28.35
172763,piece,piece,59
172764,oz,oz,28.35
172764,muffin,muffin,57
172765,oz,oz,28.35
172765,mini,"mini (1-1/4"" dia)",17
172765,small,"small (2-3/4"" dia x 2"")",66
172765,medium,medium,113
172765,large,"large (3-1/4"" dia x 2-3/4"")",139
172765,extra-large,extra large,168
172765,muffin,muffin,31
172766,serving,serving,43
172766,package,"package, mix + drained berries",356
172766,oz,oz,28.35
172767,oz,oz,28.35
172767,muffin,"muffin, toaster",33
172768,oz,oz,28.35
172768,muffin,muffin,57
172769,oz,oz,28.35
172769,mini,mini,17
172769,small,small,66
172769,medium,medium,113
172769,large,large,139
172769,extra-large,extra large,168
172770,oz,oz,28.35
172770,package,package (7 oz),198
172771,oz,oz,28.35
172771,pancake,pancake,41
172771,pancake,"pancake (6"" dia)",73
172771,mini,mini pancake,10.1
172771,pancake,pancake,40
172772,cup,cup,157.576
172772,oz,oz,28.35
172772,cup,"cup, poured from box",130
172773,oz,oz,28.35
172773,pancake,"pancake (4"" dia)",38
172773,pancake,"pancake (6"" dia)",77
172774,oz,oz,28.35
172774,cup,"cup, poured from box",122
172775,oz,oz,28.35
172775,package,package (8 oz),227
172776,oz,oz,28.35
172776,cup,"cup, poured from box",140
172777,oz,oz,28.35
172777,pie,"pie (9"" dia)",1186
172777,piece,"piece (1/8 of 9"" dia)",144
172778,oz,oz,28.35
172778,piece,"piece (1/8 of 9"" dia)",125
172778,piece,"piece (1/6 of 8"" pie)",117
172779,oz,oz,28.35
172779,piece,"piece (1/8 of 9"" dia)",147
172780,oz,oz,28.35
172780,piece,"piece (1/8 of 9"" dia)",125
172780,piece,"piece (1/6 of 8"" pie)",117
172781,oz,oz,28.35
172781,piece,"piece (1/8 of 9"" dia)",180
172782,oz,oz,28.35
172782,piece,"piece (1/6 of 8"" pie)",104
172783,oz,oz,28.35
172783,piece,"piece (1/6 of 8"" pie)",105
172784,oz,oz,28.35
172784,pie,"pie (5"" x 3-3/4"")",128
172785,oz,oz,28.35
172785,piece,"piece (1/6 of 8"" pie)",113
172786,oz,oz,28.35
172786,piece,"piece (1/8 of 9"" dia)",122
172787,oz,oz,28.35
172787,slice,slice,133
172787,pie,pie,995
172788,oz,oz,28.35
172788,piece,"piece (1/8 of 9"" dia)",155
172789,oz,oz,28.35
172789,piece,"piece (1/8 of 9"" dia)",126
172790,oz,oz,28.35
172790,shell,shell,47
172791,oz,oz,28.35
172791,sheet,sheet dough,19
172792,oz,oz,28.35
172792,package,package (6 oz),170
172793,roll,roll (1 oz),28
172793,each,"each (pan, dinner, or small roll) (2"" square, 2"" high)",25
172793,roll,"roll (hamburger, frankfurter, onion roll, bun, large roll)",43
172793,roll,roll (foot long frankfurter roll),86
172794,roll,roll (1 oz),28
172794,roll,"roll (hamburger, frankfurter roll)",43
172794,roll,"roll, large submarine, hoagie",135
172794,medium,"medium (2-1/2"" dia)",36
172794,roll,"roll medium submarine, hoagie",94
172794,roll,"roll (small submarine, hoagie roll)",65
172795,oz,oz,28.35
172795,roll,roll,38
172796,roll,roll 1 serving,44
172796,oz,oz,28.35
172797,oz,oz,28.35
172797,roll,roll,43
172798,oz,oz,28.35
172798,roll,roll,30
172799,oz,oz,28.35
172799,roll,roll,30
172800,shell,shell,12.9
172800,taco,taco,12.7
172800,medium,"medium (approx 5"" dia)",13.3
172800,large,"large (6-1/2"" dia)",21
172800,miniature,"miniature (3"" dia)",5
172800,oz,oz,28.35
172801,oz,oz,28.35
172801,pastry,pastry,51
172802,oz,oz,28.35
172802,wrapper,"wrapper, eggroll (7"" square)",32
172802,wrapper,"wrapper, wonton (3-1/2"" square)",8
172803,tsp,tsp,4.6
172803,tsp,tsp,4.6
172804,tsp,tsp,4.6
172804,tsp,tsp,4.6
172805,tsp,tsp,5
172805,tsp,tsp,5
172806,oz,oz,28.35
172806,cup,cup,120
172807,oz,oz,28.35
172807,cookie,"cookie (2-5/8"" dia)",15
172808,oz,oz,28.35
172808,cookie,"cookie, medium (2-1/4"" dia)",16
172809,oz,oz,28.35
172809,slice,slice,17
172810,oz,oz,28.35
172810,large,"large roll or bun (3-1/2"" dia)",43
172810,roll,"roll (2-1/2"" dia)",35
172811,piece,"piece (1/8 of 9"" crust)",30
172811,crust,"crust, single 9""",244
172812,oz,oz,28.4
172812,matzo,matzo,28
172813,cup,cup,129
172813,crust,"crust, single 9""",176
172813,piece,"piece (1/8 of 9"" crust)",22
172814,piece,"piece (1/8 of 9"" crust)",24
172814,crust,"crust, single 9""",194
172815,oz,oz,28.35
172815,package,package (8.5 oz),241
172816,oz,oz,28.35
172816,pita,"pita, large (6-1/2"" dia)",60
172817,oz,oz,28.35
172817,slice,"slice, large",32
172817,slice,slice,26
172817,slice,"slice, thin",23
172818,oz,oz,28.35
172818,cup,"cup, crumbs",45
172818,cup,"cup, cubes",35
172818,slice,"slice, large",30
172818,slice,slice,25
172818,slice,"slice, thin",20
172819,oz,oz,28.35
172819,cookie,cookie,5
172820,oz,oz,28.35
172820,cookie,"cookie, medium (2-1/4"" dia)",10
172820,cookie,"cookie, bite size (include Mini Chips Ahoy!)",2.2
172821,oz,oz,28.35
172821,anisette,"anisette sponge (4"" x 1-1/8"" x 7/8"")",13
172821,breakfast,"breakfast treat (approx 4"" x 2"" x 7/8"")",24
172821,ladyfinger,ladyfinger,11
172822,oz,oz,28.4
172822,cup,"cup, crushed",70
172822,cup,cup pieces,30
172822,cup,"cup, rounds",33
172822,melba,melba round,3
172822,piece,"piece (3-3/4"" x 1-3/4"" x 1/8"")",5
172822,toast,toast,5
172823,oz,oz,28.4
172823,cup,"cup, crushed",94
172823,cracker,cracker,4
172823,cracker,"cracker, square",4
172823,triscuit,Triscuit Bits,1
172824,oz,oz,28.35
172824,large,"large (approx 7"" dia)",142
172824,small,"small or frozen (approx 3"" dia)",35
172824,pastry,"pastry (4-1/4"" dia)",65
172824,toaster,Toaster Strudel,53
172824,piece,piece (1/8 of 15 oz ring),53
172825,oz,oz,28.35
172825,container,container (3 oz),142
172825,small,"small or frozen (approx 3"" dia)",35
172825,pastry,"pastry (4-1/4"" dia)",71
172825,toaster,Toaster Strudel,53
172825,piece,piece (1/8 of 15 oz ring),53
172826,oz,oz,28.35
172826,slice,slice,23
172827,oz,oz,28.35
172827,pastry,pastry,71
172828,oz,oz,28.35
172828,muffin,muffin,57
172829,oz,oz,28.333
172829,unit,unit (yield from 1 lb ready-to cook quail),208
172829,breast,breast,56
172830,oz,oz,28.333
172830,wing,wing,51
172831,oz,oz,28.25
172831,breast,breast,219
172831,bird,bird,627
172832,patty,patty,117
172833,patty,patty (yield from 135.8 g raw meat),109
172833,serving,serving ( 3 oz ),85
172834,serving,serving ( 3 oz ),85
172834,full,full rump cooked ( yield from 695 g raw meat ),496
172835,oz,oz,28.333
172835,inside,inside drum,572
172836,serving,serving ( 3 oz ),85
172836,inside,inside drum cooked ( yield from 572 g raw meat ),416
172837,oz,oz,28.333
172837,outside,outside drum,422
172838,oz,oz,28.333
172838,steak,steak,300
172839,serving,serving ( cooked from 4 oz raw ),85
172839,oz,oz,28.35
172840,serving,serving ( 3 oz ),85
172841,serving,serving (cooked from 4 oz raw),85
172841,oz,oz,28.35
172842,serving,serving ( 3 oz ),85
172843,serving,serving ( 3 oz ),85
172844,serving,serving (cooked from 4 oz raw),85
172844,oz,oz,28.35
172844,lb,lb,453
172845,serving,serving (cooked from 4 oz raw),85
172845,lb,lb,456
172845,oz,oz,28.35
172846,serving,serving ( cooked from 4 oz raw),85
172846,oz,oz,28.35
172846,lb,lb,453
172847,oz,oz,28.25
172847,patty,patty (cooked from 4 oz raw),85
172847,lb,lb,453
172848,oz,oz,28.333
172849,oz,oz,28.333
172849,patty,patty,85
172850,oz,oz,28.25
172850,lb,lb,453
172850,serving,serving (cooked from 4 oz),85
172851,oz,oz,28.333
172852,oz,oz,28.333
172852,drumstick,drumstick without skin,95
172852,drumstick,drumstick with skin,105
172853,oz,oz,28.333
172853,thigh,thigh without skin,111
172853,thigh,thigh with skin,129
172854,oz,oz,28.333
172854,lb,lb,453
172855,oz,oz,28.25
172855,lb,lb,453
172856,oz,oz,28.333
172856,drumstick,drumstick without skin,91
172856,drumstick,drumstick with skin,129
172857,oz,oz,28.333
172857,drumstick,drumstick without skin,95
172857,drumstick,drumstick with skin,106
172858,oz,oz,28.333
172858,thigh,thigh without skin,132
172858,thigh,thigh with skin,158
172859,oz,oz,28.25
172859,thigh,thigh without skin,148
172859,thigh,thigh with skin,191
172860,oz,oz,28.25
172860,drumstick,drumstick with skin,143
172860,drumstick,drumstick without skin,130
172861,oz,oz,28.333
172861,drumstick,drumstick with skin,129
172861,drumstick,drumstick without skin,91
172862,oz,oz,28.333
172862,thigh,thigh without skin,132
172862,thigh,thigh with skin,158
172863,oz,oz,28.25
172863,thigh,thigh without skin,148
172863,thigh,thigh,181
172864,oz,oz,28.25
172865,oz,oz,28.333
172866,oz,oz,28.25
172867,oz,oz,28.35
172868,oz,oz,28.25
172868,bird,bird,5717
172869,oz,oz,28.333
172869,bird,bird,4147
172870,oz,oz,28.25
172870,bird,bird,5717
172871,oz,oz,28.333
172871,bird,bird,4147
172871,lb,lb,453
172872,oz,oz,28.333
172872,wing,wing,375
172873,oz,oz,28.25
172874,oz,oz,28.333
172875,oz,oz,28.25
172875,drumstick,drumstick,356
172876,oz,oz,28.25
172876,breast,breast,2110
172876,lb,lb,453
172877,oz,oz,28.333
172877,thigh,thigh,348
172878,oz,oz,28.333
172878,drumstick,drumstick,275
172879,tbsp,tbsp,19
172879,cup,cup,305
172880,cup,cup,252
172881,cup,cup (4 fl oz),258
172881,can,"can (11 oz), undiluted",312
172882,cup,cup,148
172882,can,can,294
172883,cup,cup,240
172884,cup,cup,240
172885,cup,cup,233
172886,tbsp,tbsp,16
172887,cup,cup,251
172888,cup,cup,240
172889,cup,cup,219
172889,can,can (14.5 oz),407
172889,carton,carton (32 oz),923
172890,tbsp,Tbsp,18
172891,cup,cup (8 fl oz),248
172891,can,"can (10.75 oz), prepared",602
172892,cup,cup,245
172893,cup,cup (8 fl oz),248
172893,can,"can (10.75 oz), prepared",602
172894,cup,cup,251
172894,can,"can (11 oz), prepared",609
172895,cup,cup (8 fl oz),245
172895,can,"can (10.5 oz), prepared",595
172896,cup,cup (8 fl oz),254
172896,can,"can (11.25 oz), prepared",616
172897,cup,cup (8 fl oz),248
172897,can,"can (10.75 oz), prepared",602
172898,cup,cup (8 fl oz),253
172898,fl oz,fl oz,31.6
172899,serving,serving 1 cup,240
172900,serving,serving 1 cup,246
172901,cup,cup condensed,258
172902,cup,cup (8 fl oz),251
172902,can,"can (11 oz), prepared",609
172903,cup,cup,247
172903,can,"can (11 oz), prepared",600
172904,serving,serving 1 cup,266
172904,fl oz,fl oz,33.3
172905,cup,cup (8 fl oz),250
172905,can,"can (11.25 oz), prepared",607
172906,cup,cup (8 fl oz),244
172906,can,"can (10.75 oz), prepared",593
172907,cup,cup,248
172907,can,"can (10.75 oz), prepared",593
172908,cup,cup,244
172908,can,"can (10.75 oz), prepared",593
172909,serving,serving 1 cup,248
172910,serving,serving 1 cup,243
172911,cup,cup,261
172911,fl oz,fl oz,32.6
172912,cup,cup,247
172912,can,can,529
172913,cup,cup (8 fl oz),241
172913,can,"can (10.5 oz), prepared",586
172914,cup,cup (8 fl oz),244
172914,can,"can (10.75 oz), prepared",593
172915,serving,serving 1 cup,248
172915,fl oz,fl oz,31
172916,cup,cup (8 fl oz),253
172916,can,"can (11.5 oz), prepared",614
172917,cup,cup (8 fl oz),244
172917,can,"can (10.75 oz), prepared",593
172918,cup,cup,244
172918,can,"can (10.75 oz), prepared",593
172919,cup,cup,244
172919,can,"can (10.75 oz), prepared",593
172920,cup,cup,247
172920,can,"can (11 oz), prepared",600
172921,cup,cup (8 fl oz),241
172921,can,"can (10.5 oz), prepared",586
172922,serving,serving 1 cup,240
172922,fl oz,fl oz,29.9
172923,serving,serving 1 cup,240
172923,fl oz,fl oz,29.9
172924,cup,cup 8 fl oz,241
172924,fl oz,fl oz,30.1
172925,cup,cup,245
172926,slice,"slice (1 oz) (4"" x 4"" x 3/32"" thick)",28
172926,slice,slices,28.5
172927,slice,slices,28.5
172927,package,package (8 oz),227
172928,tbsp,tbsp,13
172928,oz,oz,28.35
172929,tbsp,tbsp,13
172929,oz,oz,28.35
172930,tbsp,tbsp,13
172930,oz,oz,28.35
172931,slice,"slice (1 oz) (4"" x 4"" x 3/32"" thick)",28
172931,slice,slices,28.5
172932,oz,oz,28.35
172932,slice,"slice (4-1/4"" x 4-1/4"" x 1/16"")",21
172933,slice,"slice (1 oz) (4"" x 4"" x 3/32"" thick)",28
172933,slice,slices,28.5
172934,link,link,25
172935,slice,slice,26
172935,oz,oz,28.35
172936,slice,slice round,12.3
172937,serving,serving,28
172938,package,package (4 oz),113
172938,slice,"slice (3-1/8"" dia x 1/16"" thick)",10
172939,link,"link (4"" long x 1-1/8"" dia)",68
172939,link,"link,  little (2"" long x 3/4"" dia)",16
172940,oz,oz 1 serving,28
172941,slice,slice,16
172942,sausage,"sausage (7/8"" dia x 2"" long)",16
172942,sausage,"sausages (drained contents from can, net wt 4 oz)",16.143
172943,slice,"slice (4"" dia x 1/8"" thick)",23
172943,oz,oz,28.35
172944,oz,oz,28.333
172944,serving,serving (1 slice),28
172945,serving,serving (4 slices),52
172946,serving,serving (1 slice),28
172947,serving,serving 3 slices,27
172947,slice,slice,9
172948,oz,oz,28.333
172948,lb,lb 16 oz,453.6
172949,frank,frank 1 NLEA serving,57
172950,oz,oz 1 NLEA serving,28
172951,oz,oz 1 NLEA serving,28
172952,link,link 3 oz,84
172953,serving,serving 5 pieces,55
172953,piece,pieces,11
172954,serving,serving 2.67 oz,76
172955,oz,oz serving 2.7 oz,6.417
172956,serving,serving 2.33 oz,66
172957,serving,serving 2.96 oz,84
172958,serving,serving 2.33 oz,66
172959,serving,serving 6 slices,57
172960,serving,serving 2 oz,56
172961,serving,serving 2 oz,56
172962,serving,serving 2 slices,42
172963,serving,serving 2 slices,42
172964,link,link,76
172965,slice,slice,38
172966,serving,serving 5 slices,28
172967,serving,serving 2 oz,56
172968,serving,serving (1 hot dog),52
172969,cubic,cubic inch,17
172969,oz,oz cooked,25
172969,oz,oz,28
172970,serving,serving,28
172970,slice,slice,28
172971,patty,patty,30
172971,link,link,21
172971,serving,serving,48
172972,cup,cup (1 NLEA serving),80
172973,cup,cup,30
172974,cup,cup (1 NLEA serving),45.6
172975,cup,cup (1 NLEA serving),102
172976,cup,cup (1 NLEA serving),83.333
172977,packet,packet (1 NLEA serving),28
172981,cup,cup (1 NLEA serving),41.333
172982,cup,cup (1 NLEA serving),40
172983,cup,cup (1 NLEA serving),26.4
172984,cup,cup (1 NLEA serving),32
172985,cup,cup (1 NLEA serving),33
172986,cup,cup (1 NLEA serving),42.667
172987,biscuit,biscuits (1 NLEA serving),21
172988,tbsp,tbsp (1 NLEA serving),7
172989,cup,cup,80
172990,cup,cup (1 NLEA serving),41.333
172991,packet,packet (1 NLEA serving),43
172992,packet,packet (1 NLEA serving),28
172993,packet,packet (1 NLEA serving),28
172994,packet,packet (1 NLEA serving),28
172995,cup,cup (1 NLEA serving),40
172996,cup,cup (1 NLEA serving),59
172997,cup,cup (1 NLEA serving),40
172998,tbsp,tbsp (1 NLEA serving),11.667
172999,cup,cup (1 NLEA serving),180
173000,cup,cup (1 NLEA serving),55
173001,cup,cup,36
173002,serving,serving (NLEA serving size = 0.75 cup),29
173002,cup,cup,42
173003,cup,cup (NLEA serving),30
173004,serving,serving (3 T dry cereal plus 1 cup water),268
173005,cup,cup (1 NLEA serving),64
173006,bar,bar,22
173007,cup,cup (1 NLEA serving),42.667
173008,cup,cup,244
173009,cup,cup,231
173010,tbsp,tablespoon (1 serving),11
173010,tbsp,tbsp,13.7
173010,cup,cup,194
173011,cup,cup,245
173012,cup,cup,237
173013,cup,cup (1 NLEA serving),32
173014,cup,cup (1 NLEA serving),56
173015,cup,cup (1 NLEA serving),56
173016,packet,packet (1 NLEA serving),34
173017,cup,cup (1 NLEA serving),40
173018,cup,cup (1 NLEA serving),36
173019,cup,cup (1 NLEA serving),41.333
173020,cup,cup (1 NLEA serving),40
173021,large,"large (2-1/2"" dia)",64
173021,medium,"medium (2-1/4"" dia)",50
173021,small,"small (1-1/2"" dia)",40
173022,cup,cup,248
173022,fig,fig with liquid,27
173023,cup,cup,252
173023,fig,fig with liquid,28
173024,cup,cup,259
173024,fig,fig with liquid,28
173025,cup,cup,261
173026,cup,cup,246
173027,cup,cup,242
173028,cup,cup,248
173029,cup,cup,260
173029,cup,cup,260
173030,cup,cup,150
173031,cup,cup,252
173032,tbsp,tbsp,5.6
173033,cup,"cup sections, with juice",230
173033,large,"large (approx 4-1/2"" dia)",332
173033,medium,"medium (approx 4"" dia)",256
173033,small,"small (approx 3-1/2"" dia)",200
173034,cup,"cup sections, with juice",230
173034,fruit,"fruit (3-3/4"" dia)",236
173035,cup,cup,244
173036,cup,cup,249
173037,cup,cup,254
173038,fl oz,fl oz,30
173038,cup,cup,252
173039,cup,cup,247
173039,fl oz,fl oz,30.9
173039,fruit,fruit yields,196
173040,grape,grape,6
173041,cup,cup,253
173041,fl oz,fl oz,31.6
173042,cup,cup,253
173042,fl oz,fl oz,31.6
173044,cup,cup,165
173044,fruit,"fruit, without refuse",55
173045,cup,cup,244
173045,fruit,fruit without refuse,6
173046,oz,oz,28.333
173046,roast,roast,634
173047,oz,oz,28.333
173047,roast,roast,677
173048,oz,oz,28.333
173048,roast,roast,571
173049,oz,oz,28.25
173049,fillet,fillet,173
173049,roast,roast,852
173050,oz,oz,28.333
173050,fillet,fillet,115
173051,oz,oz,28.333
173051,roast,roast,768
173052,oz,oz,28.333
173052,roast,roast,765
173053,oz,oz,28.25
173053,fillet,fillet,180
173053,roast,roast,970
173054,oz,oz,28.333
173054,steak,steak,209
173055,oz,oz,28.333
173055,steak,steak,208
173056,oz,oz,28.333
173056,steak,steak,211
173057,oz,oz,28.25
173057,steak,steak,256
173058,oz,oz,28.333
173058,roast,roast,699
173059,oz,oz,28.333
173059,roast,roast,714
173060,oz,oz,28.333
173060,roast,roast,675
173061,oz,oz,28.333
173061,steak,steak,161
173062,oz,oz,28.25
173062,steak,steak,199
173063,oz,oz,28.333
173063,fillet,fillet,135
173064,oz,oz,28.333
173064,fillet,fillet,135
173065,oz,oz,28.333
173065,fillet,fillet,135
173066,oz,oz,28.25
173066,fillet,fillet,178
173066,roast,roast,844
173067,oz,oz,28.25
173067,fillet,fillet,166
173067,roast,roast,866
173068,oz,oz (4 oz),28.25
173069,oz,oz,28.333
173069,steak,steak,236
173070,oz,oz,28.333
173070,steak,steak,234
173071,oz,oz,28.333
173071,steak,steak,235
173072,oz,oz,28.25
173072,steak,steak,301
173073,oz,oz,28.333
173074,oz,oz,28.25
173075,oz,oz,28.25
173076,serving,serving,85
173077,oz,oz,28.333
173078,oz,oz,28.25
173079,oz,oz,28.333
173080,oz,oz,28.25
173081,oz,oz,28.333
173082,oz,oz,28.333
173083,oz,oz,28.25
173084,oz,oz,28.333
173085,oz,oz,28.333
173086,oz,oz,28.25
173087,oz,oz,28.333
173088,oz,oz,28.25
173089,oz,oz,28.333
173090,oz,oz,28.333
173091,oz,oz,28.25
173092,oz,oz,28.333
173093,oz,oz,28.25
173094,oz,oz,28.333
173095,oz,oz,28.333
173096,oz,oz,28.25
173097,oz,oz,28.333
173098,oz,oz,28.25
173099,oz,oz,28.333
173100,oz,oz,28.25
173101,oz,oz,28.333
173102,oz,oz,28.25
173103,oz,oz,28.25
173104,oz,oz,28.333
173105,oz,oz,28.25
173106,oz,oz,28.333
173107,oz,oz,28.25
173108,oz,oz,28.333
173109,oz,oz,28.25
173110,oz,oz,28.25
173111,oz,oz,28.25
173112,oz,oz,28.333
173112,patty,patty,70
173113,oz,oz,28.333
173113,portion,portion (yield from 1/2 lb raw meat ),139
173114,oz,oz,28.333
173115,oz,oz,28.333
173115,lb,lb,453.6
173116,oz,oz,28.25
173116,lb,lb,453.6
173117,oz,oz,28.333
173117,lb,lb,453.6
173118,oz,oz,28.333
173118,lb,lb,453.6
173119,oz,oz,28.333
173119,lb,lb,453.6
173120,oz,oz,28.25
173120,lb,lb,453.6
173121,oz,oz,28.25
173121,lb,lb,453.6
173122,oz,oz,28.25
173122,lb,lb,453.6
173123,oz,oz,28.333
173123,lb,lb,453.6
173124,oz,oz,28.25
173124,roast,roast,252
173125,oz,oz,28.25
173125,roast,roast,1289
173126,oz,oz,28.25
173126,roast,roast,1392
173127,oz,oz,28.25
173127,roast,roast,1187
173128,oz,oz,28.25
173128,steak,steak,434
173129,oz,oz,28.25
173129,steak,steak,470
173130,oz,oz,28.333
173130,steak,steak (yield from 593 g raw meat),409
173131,oz,oz,28.35
173132,bar,bar,80
173133,bar,bar,28
173134,bar,bar,55
173135,bar,bar,24
173136,bar,bar,55
173136,bar,bar,44
173137,bar,bar,68
173138,bar,bar,22
173139,bar,bar,55
173140,oz,oz,28.35
173141,cup,cup,7.9
173141,bag,bag,87
173142,oz,oz,28.35
173143,oz,oz,28.35
173144,bar,bar,47
173145,bar,bar,24
173146,package,package,20
173147,oz,oz,28.35
173147,bag,bag,262
173148,bar,bar,35
173149,bar,bar,40
173150,oz,oz,28.35
173150,bag,bag,175
173150,piece,piece chips,4.667
173151,bar,bar,32
173152,oz,oz,28.35
173152,chip,chips,1.7
173152,bag,bag,105
173153,bar,bar,35
173154,bar,bar,31
173155,cake,cake,9
173155,cake,cakes,9
173156,serving,serving,28
173157,serving,serving,28
173158,bar,bar,53
173159,serving,serving,50
173160,serving,serving,28
173161,serving,serving,30
173162,fl oz,fl oz,30
173163,packet,packet,17
173164,fl oz,fl oz,29.4
173164,packet,packet prepared,103
173165,fl oz,fl oz,30
173166,fl oz,fl oz,30
173167,scoop,scoop,19.5
173168,fl oz,fl oz,33.6
173168,jigger,jigger 1.5 fl oz,50
173169,bottle,bottle,237
173170,bottle,bottle,295
173171,bottle,bottle,295
173172,scoop,scoop,26
173173,bottle,bottle,500
173174,scoop,scoop,26
173175,fl oz,fl oz,33.25
173175,fl oz,fl oz,30
173176,fl oz,fl oz,29.5
173176,glass,glass (3.5 fl oz),103
173177,scoop,scoop,28.667
173178,fl oz,fl oz,30
173179,fl oz,fl oz,29.63
173180,cup,cup,96.97
173181,scoop,scoop,45
173182,tbsp,tbsp,5.5
173184,serving,serving,256
173185,serving,serving (5 fl oz),148
173185,fl oz,fl oz,29.5
173186,serving,serving 8 oz,245
173187,cup,cup,240
173188,fl oz,fl oz,29.55
173189,fl oz,fl oz,30
173190,fl oz,fl oz,29.4
173190,serving,serving (5 fl oz),147
173197,fl oz,fl oz,30.875
173199,fl oz,fl oz,30.9
173199,can,can or bottle (16 fl oz),494
173199,can,can or bottle (12 fl oz),371
173203,fl oz,fl oz,31
173203,can,can or bottle (12 fl oz),372
173204,fl oz,fl oz,29.6
173204,can,can (12 fl oz),355
173205,fl oz,fl oz,30.8
173205,drink,drink (12 fl oz),368
173205,drink,"drink, small (16 fl oz)",491
173205,drink,"drink, medium (22 fl oz)",675
173205,drink,"drink, large (32 fl oz)",982
173205,drink,"drink, extra large (44 fl oz)",1351
173206,fl oz,fl oz,30.8
173206,serving,serving 12 fl oz,369
173206,serving,serving 16 fl oz,492
173206,cup,cup 12 fl oz 12 fl oz,258
173207,fl oz,fl oz,29.6
173207,can,can (12 fl oz),355
173209,fl oz,fl oz,30.7
173209,can,can or bottle (16 fl oz),491
173209,can,can or bottle (12 fl oz),368
173210,can,can 8.4 fl oz,258
173210,serving,serving 12 fl oz,369
173210,serving,serving 16 fl oz,492
173211,cup,cup,240
173212,cup,cup,240
173213,fl oz,fl oz,31.3
173213,fl oz,fl oz,31.333
173213,fl oz,fl oz,31.25
173213,serving,serving,227
173214,cup,cup,271
173216,fl oz,fl oz,36.5
173216,can,can (12 fl oz),438
173216,can,can (6 fl oz),219
173217,fl oz,fl oz,30.9
173217,cup,cup 8 fl oz,247
173219,cup,cup (8 fl oz),265
173220,serving,serving (3 heaping tsp or 1 envelope),21
173221,cup,cup (8 fl oz),265
173222,cup,cup,78
173222,serving,serving (4 tbsp or 1 envelope),21
173223,fl oz,fl oz,31.2
173223,cup,cup (8 fl oz),250
173224,fl oz,fl oz,31.3
173224,cup,cup (8 fl oz),250
173225,fl oz,fl oz,31.3
173225,cup,cup (8 fl oz),250
173226,fl oz,fl oz,20.8
173226,cup,cup (8 fl oz),166
173226,milkshake,milkshake (10 fl oz),208
173226,small,small McDonald's shake (12 fl oz),250
173226,medium,medium McDonald's shake (16 fl oz),333
173226,large,large McDonald's shake (22 fl oz),458
173227,fl oz,fl oz,29.6
173227,fl oz,fl oz,29.667
173227,cup,cup (8 fl oz),237
173228,tsp,tsp,0.8
173229,serving,serving (3 heaping tsp),23
173229,cup,cup,182
173230,serving,serving 1 tsp,0.7
173231,fl oz,fl oz,29.8
173231,serving,serving 6 fl oz,179
173231,serving,serving 8 fl oz,238
173232,fl oz,fl oz,29.6
173232,fl oz,fl oz,29.667
173232,cup,cup (8 fl oz),237
173233,fl oz,fl oz,29.6
173233,bottle,bottle 6.5 fl oz,192
173233,bottle,bottle 11 fl oz,325
173233,cup,cup 8 fl oz,237
173234,fl oz,fl oz,29.6
173234,bottle,bottle 16.9 fl oz,500
173234,bottle,bottle 24 fl oz,710
173234,bottle,bottle 8 fl oz,237
173235,serving,serving 2 tbsp,26
173236,fl oz,fl oz,33.9
173236,fl oz,fl oz,33.833
173237,portion,"portion, amount of dry mix to make 8 fl oz prepared",2.5
173238,oz,oz,28.35
173238,muffin,muffin,57
173239,oz,oz,28.35
173239,piece,"piece (1/8 of 9"" dia)",125
173239,piece,"piece (1/6 of 8"" pie)",117
173240,oz,oz,28.35
173240,pie,"pie (5"" x 3-3/4"")",128
173241,oz,oz,28.35
173241,tortilla,"tortilla, medium (approx 6"" dia)",26
173242,oz,oz,28.35
173242,tortilla,"tortilla, medium (approx 6"" dia)",32
173242,tortilla,"tortilla (approx 10"" dia)",72
173242,tortilla,"tortilla (approx 12"" dia)",117
173242,tortilla,"tortilla (approx 7-8"" dia)",49
173243,oz,oz,28.35
173243,cake,cake,340
173244,oz,oz,28.35
173244,package,package (18.50 oz),524
173245,serving,serving,22
173246,serving,serving,25
173247,serving,serving,24
173248,serving,serving,26
173249,serving,serving,28
173250,serving,serving,26
173251,serving,serving,20
173252,serving,serving,21
173253,serving,serving,25
173254,serving,serving,67
173255,serving,serving,31
173256,serving,serving,40
173257,serving,serving,57
173258,cracker,cracker,3.3
173258,cracker,cracker (1 NLEA serving),3.2
173259,biscuit,biscuit,64
173259,serving,serving,64
173260,serving,serving 2 cookies,38
173261,serving,serving,52
173262,cup,cup,161
173263,cup,cup,155
173264,cup,cup spaghetti,121
173265,cup,cup spaghetti,141
173349,oz,oz,28.25
173349,steak,steak,369
173349,roast,roast,1159
173350,oz,oz,28.25
173350,steak,steak,534
173351,oz,oz,28.333
173351,steak,steak,363
173352,oz,oz,28.25
173352,steak,steak,458
173353,oz,oz,28.333
173353,steak,steak,368
173354,oz,oz,28.25
173354,steak,steak,191
173355,oz,oz,28.333
173355,medallion,medallion,30
173356,oz,oz,28.25
173356,medallion,medallion,44
173357,oz,oz,28.25
173357,steak,steak,246
173358,serving,serving (3 oz),85
173358,steak,steak,188
173359,oz,oz,28.25
173359,steak,steak,243
173360,oz,oz,28.333
173360,steak,steak,186
173361,oz,oz,28.25
173361,steak,steak,209
173362,oz,oz,28.333
173362,steak,steak,156
173363,oz,oz,28.25
173363,steak,steak,203
173364,oz,oz,28.333
173364,steak,steak,253
173365,oz,oz,28.25
173366,oz,oz,28.333
173366,medallion,medallion,32
173367,oz,oz,28.25
173367,steak,steak,207
173368,oz,oz,28.333
173368,steak,steak,190
173369,oz,oz,28.25
173369,steak,steak,197
173370,oz,oz,28.333
173370,steak,steak,150
173371,oz,oz,28.333
173371,steak,steak,305
173372,oz,oz,28.333
173372,roast,roast,1669
173373,oz,oz,28.333
173373,steak,steak,254
173374,oz,oz,28.25
173374,steak,steak,382
173375,oz,oz,28.333
173375,steak,steak,256
173376,oz,oz,28.25
173376,steak,steak,266
173377,oz,oz,28.333
173377,steak,steak,173
173378,oz,oz,28.25
173378,steak,steak,268
173379,oz,oz,28.333
173379,steak,steak,175
173380,oz,oz,28.25
173380,steak,steak,316
173381,oz,oz,28.333
173381,steak,steak,266
173382,oz,oz,28.25
173383,oz,oz,28.333
173383,rib,ribs,1159
173384,oz,oz,28.25
173384,rib,ribs,1562
173385,oz,oz,28.333
173385,steak,steak,378
173386,oz,oz,28.333
173386,steak,steak,385
173387,oz,oz,28.333
173387,steak,steak,381
173388,oz,oz,28.333
173388,roast,roast,2044
173389,oz,oz,28.25
173389,steak,steak,471
173389,roast,roast,2557
173390,oz,oz,28.333
173390,steak,steak,281
173391,oz,oz,28.333
173391,steak,steak,306
173392,oz,oz,28.333
173392,steak,steak,291
173393,oz,oz,28.25
173393,steak,steak,350
173393,roast,roast,2124
173394,oz,oz,28.25
173394,steak,steak,376
173394,roast,roast,2203
173395,oz,oz,28.333
173395,steak,steak,254
173396,oz,oz,28.333
173396,steak,steak,256
173397,oz,oz,28.333
173397,steak,steak,174
173398,oz,oz,28.333
173398,steak,steak,173
173399,oz,oz,28.333
173399,steak,steak,175
173400,oz,oz,28.25
173400,steak,steak,266
173401,oz,oz,28.333
173401,steak,steak,266
173402,oz,oz,28.25
173402,steak,steak,326
173403,oz,oz,28.25
173403,steak,steak,316
173404,oz,oz,28.25
173404,steak,steak,340
173405,oz,oz,28.25
173405,rib,ribs,1604
173406,oz,oz,28.25
173406,rib,ribs,1562
173407,oz,oz,28.333
173407,roast,roast,806
173408,oz,oz,28.25
173408,fillet,fillet,190
173408,roast,roast,1013
173409,oz,oz,28.25
173409,steak,steak,199
173410,pat,"pat (1"" sq, 1/3"" high)",5
173410,tbsp,tbsp,14.2
173410,cup,cup,227
173410,stick,stick,113
173411,pat,"pat (1"" sq, 1/3"" high)",3.8
173411,tbsp,tbsp,9.4
173411,cup,cup,151
173411,stick,stick,76
173412,tbsp,tbsp,12.8
173412,cup,cup,205
173413,oz,oz,28.35
173414,cup,"cup, diced",132
173414,cup,"cup, melted",244
173414,cup,"cup, shredded",113
173414,oz,oz,28.35
173414,cubic,cubic inch,17
173414,slice,slice (1 oz),28
173415,oz,oz,28.35
173416,cup,"cup, diced",132
173416,cup,"cup, shredded",113
173416,oz,oz,28.35
173416,cubic,cubic inch,17
173416,slice,slice (1 oz),28
173417,oz,oz,28.25
173417,cup,cup (not packed),226
173418,tbsp,tbsp,14.5
173418,cup,cup,232
173418,tbsp,"tbsp, whipped",10
173418,oz,oz,28.35
173418,cubic,cubic inch,16
173418,package,"package, small (3 oz)",85
173419,oz,oz,28.35
173419,package,package (7 oz),198
173420,cup,"cup, crumbled",150
173420,oz,oz,28.35
173420,cubic,cubic inch,17
173420,wedge,wedge (1.33 oz),38
173421,oz,oz,28.35
173421,lb,lb,454
173422,oz,oz,28.35
173422,lb,lb,454
173423,large,large,46
173424,cup,"cup, chopped",136
173424,tbsp,tbsp,8.5
173424,large,large,50
173425,cup,"cup, sifted",85
173425,tbsp,tbsp,5
173426,oz,oz,28.35
173426,lb,lb,454
173427,cup,"cup, sifted",107
173427,tbsp,tbsp,7
173428,cup,"cup, sifted",67
173428,tbsp,tbsp,4
173429,oz,oz,28.286
173429,oz,oz,28.571
173430,pat,"pat (1"" sq, 1/3"" high)",5
173430,tbsp,tbsp,14.2
173430,cup,cup,227
173430,stick,stick,113
173431,tbsp,tbsp,5
173432,cup,cup,245
173432,quart,quart,980
173433,oz,oz,28.35
173435,oz,oz,28.35
173436,oz,oz,28.35
173436,lb,lb,454
173437,cup,"cup, diced",132
173437,cup,"cup, shredded",113
173437,oz,oz,28.35
173437,cubic,cubic inch,18
173437,slice,slice (1 oz),28
173438,cup,"cup, diced",132
173438,cup,"cup, shredded",113
173438,oz,oz,28.35
173438,cubic,cubic inch,17
173438,slice,slice (1 oz),28
173439,cup,"cup, diced",132
173439,cup,"cup, shredded",113
173439,oz,oz,28.35
173439,cubic,cubic inch,17
173439,slice,slice (1 oz),28
173440,cup,"cup, diced",132
173440,cup,"cup, shredded",113
173440,oz,oz,28.35
173440,cubic,cubic inch,17
173440,slice,slice (1 oz),28
173441,cup,cup,244
173441,quart,quart,976
173442,tbsp,tablespoon,12
173442,cup,cup,230
173443,tbsp,tablespoon,12
173443,cup,cup,230
173444,tbsp,tablespoon,12
173444,cup,cup,230
173445,container,container (6 oz),170
173446,tbsp,tbsp,17.5
173447,slice,slice,21
173448,oz,oz,28
173449,oz,oz,28
173450,cup,cup,250
173450,fl oz,fl oz,31.2
173450,quart,quart,1000
173451,container,container (6 oz),170
173451,cup,cup (8 fl oz),245
173451,container,container (8 oz),227
173452,cup,cup,100
173452,tbsp,tbsp,5
173452,oz,oz,28.35
173453,tbsp,tbsp,15
173454,cup,cup,128
173454,cup,cup,128
173455,slice,slice 3/4 oz,21
173455,slice,slice 2/3 oz,19
173456,container,container (6 oz),170
173456,container,container (4.4 oz),125
173456,container,container (5 oz),142
173456,cup,cup (8 fl oz),245
173456,container,container (8 oz),227
173456,container,container (4 oz),226
173457,container,container (6 oz),170
173457,cup,cup (8 fl oz),245
173457,container,container (8 oz),227
173457,container,"container, Dannon Sprinkl'ins (4.1 oz)",116
173457,container,container (4 oz),226
173458,container,container (6 oz),170
173458,container,container (4.4 oz),125
173458,cup,cup (8 fl oz),245
173458,container,container (8 oz),227
173459,tbsp,tbsp,11
173460,scoop,scoop,25
173461,tbsp,tbsp,19
173462,cup,cup,240
173462,cup,cup,240
173463,container,container,170
173464,cup,cup,136
173465,cup,cup,172
173466,bar,bar,50
173467,cup,cup,136
173468,tsp,tsp,6
173468,tbsp,tbsp,18
173468,cup,cup,292
173468,dash,dash,0.4
173469,tbsp,tbsp,14.9
173469,cup,cup,239
173469,tsp,tsp,5
173470,tsp,tsp,0.8
173470,tsp,tsp,0.8
173471,tsp,tsp,4.2
173471,tbsp,tbsp,13
173471,cup,cup,208
173472,tsp,tsp,5
173472,tbsp,tbsp,15
173473,tsp,tsp,0.7
173473,tbsp,tbsp,1.7
173474,leaf,leaves,0.05
173474,tbsp,tbsp,1.6
173475,leaf,leaves,0.15
173475,tbsp,tbsp,5.7
173476,tbsp,tbsp,6.767
173562,tbsp,tbsp,15
173562,cup,cup,245
173563,tbsp,tablespoon,13.6
173563,cup,cup,218
173563,tsp,tsp,4.5
173564,tbsp,tbsp,12.8
173564,cup,cup,205
173565,tbsp,tablespoon,13.6
173565,cup,cup,218
173565,tsp,tsp,4.5
173566,tbsp,tbsp,12.8
173566,cup,cup,205
173567,tbsp,tbsp,12.8
173567,cup,cup,205
173568,tbsp,tbsp,12.8
173568,cup,cup,205
173569,tbsp,tbsp,12.8
173569,cup,cup,205
173570,tbsp,tbsp,13.6
173570,cup,cup,218
173570,tsp,tsp,4.5
173571,tbsp,tbsp,12.8
173571,tsp,tsp,4.3
173571,cup,cup,205
173572,tbsp,tbsp,12.8
173572,cup,cup,205
173573,tbsp,tbsp,14
173573,cup,cup,218
173573,tsp,tsp,4.5
173574,tbsp,tbsp,12.8
173574,cup,cup,205
173575,tbsp,tbsp,12.8
173575,cup,cup,205
173576,tbsp,tbsp,13.6
173576,cup,cup,218
173576,tsp,tsp,4.5
173577,tsp,tsp,4.5
173577,tbsp,tbsp,13.6
173577,cup,cup,218
173578,tbsp,tbsp,13.6
173578,tsp,tsp,4.5
173578,cup,cup,218
173579,tbsp,tbsp,12.8
173579,cup,cup,205
173580,tbsp,tablespoon,14
173581,tbsp,tablespoon,14
173582,tbsp,tbsp,14
173582,cup,cup,229
173582,tsp,tsp,4.8
173583,tbsp,tbsp,14.3
173583,cup,cup,229
173583,tsp,tsp,4.8
173584,tbsp,tbsp,12.8
173584,cup,cup,205
173585,tbsp,tbsp,14.2
173585,cup,cup,227
173585,pat,"pat (1"" sq, 1/3"" high)",5
173585,stick,stick,113
173586,tbsp,tablespoon,14
173587,tbsp,tbsp,14
173588,tbsp,tbsp (1 NLEA serving),14
173590,tbsp,tbsp,14
173590,cup,cup,231
173591,tbsp,tablespoon,14
173592,tbsp,tablespoon,15
173592,serving,serving,30
173593,tbsp,tablespoon,15
173593,serving,serving (2 tbsp),30
173594,tbsp,tablespoon,15
173595,tbsp,tbsp,13.6
173595,cup,cup,218
173595,tsp,tsp,4.5
173596,tbsp,tbsp,13.6
173596,cup,cup,218
173596,tsp,tsp,4.5
173597,tbsp,tbsp,13.6
173597,cup,cup,218
173597,tsp,tsp,4.5
173598,tbsp,tbsp,13.6
173598,cup,cup,218
173598,tsp,tsp,4.5
173599,tbsp,tbsp,14
173600,tbsp,tbsp,13.6
173600,cup,cup,218
173600,tsp,tsp,4.5
173601,tbsp,tbsp,13.6
173601,cup,cup,218
173601,tsp,tsp,4.5
173602,tbsp,tbsp,13.6
173602,cup,cup,218
173602,tsp,tsp,4.5
173603,tbsp,tbsp,13.6
173603,cup,cup,218
173603,tsp,tsp,4.5
173604,tbsp,tbsp,13.6
173604,cup,cup,218
173604,tsp,tsp,4.5
173605,tbsp,tbsp,14
173606,tbsp,tbsp,12.8
173606,cup,cup,205
173607,tbsp,tbsp,12.8
173607,cup,cup,205
173608,tbsp,tablespoon,14
173609,tbsp,tablespoon,14
173610,tbsp,tablespoon,14
173611,unit,unit (yield from 1 lb ready-to-cook chicken),29
173611,drumstick,"drumstick, bone removed",49
173612,oz,oz,28.333
173612,drumstick,drumstick with skin (yield from 1 lb ready-to-cook chicken),105
173612,drumstick,drumstick without skin,96
173613,cup,"cup, chopped or diced",140
173613,unit,unit (yield from 1 lb ready-to-cook chicken),34
173613,drumstick,"drumstick, bone removed",57
173614,oz,oz,28.25
173614,drumstick,drumstick  with skin,130
173614,drumstick,drumstick without skin,122
173615,unit,unit (yield from 1 lb ready-to-cook chicken),95
173615,leg,"leg, bone removed",158
173616,unit,unit (yield from 1 lb ready-to-cook chicken),67
173616,leg,"leg, bone removed",112
173617,oz,oz,28.333
173617,leg,"leg, with skin (Sum of drumstick+thigh+back)",258
173617,thigh,thigh with skin,133
173617,drumstick,drumstick with skin,91
173617,back,back with skin,35
173618,cup,"cup, chopped or diced",140
173618,unit,unit (yield from 1 lb ready-to-cook chicken),75
173618,leg,"leg, bone removed",125
173619,oz,oz,28.25
173619,leg,"leg, bone and skin removed (Sum of drumstick+thigh+back meat only)",265
173619,thigh,thigh bone and skin removed,147
173619,drumstick,drumstick bone and skin removed,88
173619,back,back bone and skin removed,30
173620,unit,unit (yield from 1 lb ready-to-cook chicken),16
173620,neck,"neck, bone removed",52
173621,unit,unit (yield from 1 lb ready-to-cook chicken),11
173621,neck,"neck, bone removed",36
173622,unit,unit (yield from 1 lb ready-to-cook chicken),11
173622,neck,"neck, bone removed",38
173623,unit,unit (yield from 1 lb ready-to-cook chicken),6
173623,neck,"neck, bone and skin removed",20
173624,unit,unit (yield from 1 lb ready-to-cook chicken),38
173624,thigh,"thigh, bone removed",62
173625,oz,oz,28.333
173625,thigh,thigh with skin,137
173625,thigh,thigh without skin,116
173626,unit,unit (yield from 1 lb ready-to-cook chicken),41
173626,thigh,"thigh, bone removed",68
173627,oz,oz,28.25
173627,thigh,thigh without skin,149
173628,unit,unit (yield from 1 lb ready-to-cook chicken),29
173628,wing,"wing, bone removed",49
173629,unit,unit (yield from 1 lb ready-to-cook chicken),19
173629,wing,"wing, bone removed",32
173630,oz,oz,28.333
173630,piece,piece,85
173631,cup,"cup, chopped or diced",140
173631,unit,unit (yield from 1 lb ready-to-cook chicken),24
173631,wing,"wing, bone removed",40
173632,wing,"wing, bone and skin removed (yield from 1 lb ready-to-cook chicken)",17
173632,wing,"wing, bone and skin removed",29
173633,oz,oz,28.333
173633,unit,unit (yield from 1 lb ready-to-cook chicken),235
173633,chicken,chicken,1072
173634,oz,oz,28.333
173634,breast,breast,635
173634,bird,bird,4405
173635,oz,oz,28.333
173635,unit,unit (yield from 1 lb ready-to-cook chicken),210
173635,chicken,"chicken, bone removed",960
173636,oz,oz,28.333
173636,unit,unit (yield from 1 lb ready-to-cook chicken),209
173636,chicken,"chicken, bone and skin removed",954
173637,cup,"cup, chopped or diced",140
173637,unit,unit (yield from 1 lb ready-to-cook chicken),78
173638,unit,unit (yield from 1 lb ready-to-cook chicken),113
173638,chicken,"chicken, bone and skin removed",516
173639,cup,"cup, chopped or diced",140
173639,unit,unit (yield from 1 lb ready-to-cook chicken),94
173640,oz,oz,28.333
173640,chicken,chicken,905
173641,unit,unit (yield from 1 lb ready-to-cook chicken),28
173641,giblet,giblets,81
173642,cup,"cup, chopped or diced",145
173642,unit,unit (yield from 1 lb ready-to-cook chicken),17
173643,unit,unit (yield from 1 lb ready-to-cook chicken),89
173643,chicken,"chicken, bone and skin removed",260
173644,cup,"cup, chopped or diced",140
173644,unit,unit (yield from 1 lb ready-to-cook chicken),64
173645,oz,oz,28.333
173645,unit,unit (yield from 1 lb ready-to cook capon),297
173645,capon,"capon, bone removed",1928
173646,oz,oz,28.333
173646,unit,unit (yield from 1 lb ready-to cook capon),196
173646,capon,"capon, bone removed",1274
173647,fl oz,fl oz,29.6
173647,serving,serving 8 fl oz,237
173647,liter,liter,1000
173648,fl oz,fl oz,30.833
173649,packet,packet (.75 oz),21
173649,envelope,envelope,21
173650,serving,serving,243
173651,fl oz,fl oz,35.3
173651,can,can,424
173652,fl oz,fl oz,31
173652,fl oz,fl oz,31
173653,fl oz,fl oz,36.2
173653,can,can (12 fl oz),435
173654,fl oz,fl oz,29.6
173654,fl oz,fl oz,29.625
173655,fl oz,fl oz,29.6
173655,bottle,bottle 11.2 fl oz,331
173655,bottle,bottle 500 ml,500
173655,bottle,bottle 25 fl oz,739
173656,fl oz,fl oz,29.6
173656,bottle,bottle 16.9 fl oz i,500
173656,bottle,bottle 24 fl oz,710
173657,fl oz,fl oz,29.6
173658,fl oz,fl oz,29.6
173658,bottle,bottle 8.5 fl oz,251
173659,scoop,scoop powder,23
173659,cup,cup powder,207
173660,fl oz,fl oz,30.5
173660,fl oz,fl oz,30.5
173660,bottle,bottle,609
173661,fl oz,fl oz,32.3
173662,fl oz,fl oz,30.4
173662,portion,portion (2 oz mix + 1.5 oz whiskey),106
173662,fl oz,fl oz,32.5
173663,fl oz,fl oz,27.8
173663,fl oz,fl oz,28
173664,fl oz,fl oz,27.8
173664,fl oz,fl oz,28
173665,fl oz,fl oz,34.8
173665,fl oz,fl oz,34.667
173666,fl oz,fl oz,36.4
173666,can,can (12 fl oz),437
173666,can,can (6 fl oz),218
173667,fl oz,fl oz,30.9
173667,bottle,bottle 8 fl oz,247
173668,oz,"oz, boneless",28.35
173668,cubic,"cubic inch, boneless",17
173668,fillet,"fillet, large (7"" x 2-1/4"" x 1/4"")",65
173668,fillet,"fillet, medium (5"" x 1-3/4"" x 1/4"")",40
173668,fillet,"fillet, small (2-3/8"" x 1-3/8"" x 1/4"")",20
173669,oz,oz,28.333
173669,fillet,fillet,184
173670,oz,oz,28.333
173670,fillet,fillet,193
173671,oz,oz,28.333
173671,fillet,fillet,386
173672,oz,oz,28.333
173672,fillet,fillet,225
173673,oz,oz,28.333
173673,fillet,fillet,187
173674,fillet,fillet,146
173674,oz,oz,28.333
173675,oz,oz,28.333
173676,oz,oz,28.333
173677,oz,oz,28.333
173677,fillet,fillet,352
173678,fillet,fillet,60
173678,oz,oz,28.333
173679,fillet,fillet,46
173679,oz,oz,28.333
173680,oz,oz,28.333
173680,fillet,fillet,396
173681,fillet,fillet,60
173681,oz,oz,28.333
173682,oz,"oz, boneless",28.35
173682,fillet,fillet,112
173682,oz,oz,28.333
173683,fillet,fillet,88
173683,oz,oz,28.333
173684,oz,oz,28.333
173684,fillet,fillet,191
173685,oz,oz,28.35
173685,oz,oz,28.333
173686,oz,oz,28.333
173686,fillet,fillet,396
173687,oz,"oz, boneless",28.35
173687,oz,oz,28.333
173687,cubic,"cubic inch, boneless",17
173687,cup,"cup, cooked",136
173688,oz,oz,28.333
173688,fillet,fillet,396
173689,oz,oz,28.333
173689,fillet,fillet,396
173690,oz,oz,28.333
173690,can,can,411
173691,oz,"oz, boneless",28.35
173691,fillet,fillet,396
173691,oz,oz,28.333
173692,oz,oz,28.333
173692,fillet,fillet,310
173693,oz,oz,28.333
173693,can,can,337
173694,fillet,fillet,101
173694,oz,oz,28.333
173695,oz,oz,28.333
173695,fillet,fillet,238
173696,oz,oz,28.333
173696,fillet,fillet,184
173697,oz,oz,28.333
173698,oz,oz,28.333
173698,fillet,fillet,218
173699,oz,oz,28.333
173699,fillet,fillet,170
173700,fillet,fillet,64
173700,oz,oz,28.333
173701,oz,oz,28.333
173702,oz,oz,28.35
173702,oz,oz,28.333
173703,oz,oz,28.333
173703,piece,"piece (4-1/2"" x 2-1/8"" x 7/8"")",136
173704,oz,oz,28.333
173704,piece,piece,106
173705,oz,oz,28.333
173705,fillet,fillet,386
173706,oz,oz,28.333
173707,oz,oz,28.333
173708,cup,"cup, solid or chunks",146
173708,oz,oz,28.35
173708,can,can,171
173708,oz,oz,28.333
173708,can,"can (12.5 oz), drained",321
173709,oz,oz,28.35
173709,oz,oz,28.333
173709,can,can,165
173709,cup,"cup, solid or chunks",154
173709,can,"can (12.5 oz), drained",315
173710,oz,oz,28.333
173710,fillet,fillet,408
173711,oz,oz,28.333
173711,fillet,fillet,198
173712,cup,"cup, cooked",136
173712,oz,"oz, boneless",28.35
173712,cubic,"cubic inch, boneless",17
173712,oz,oz,28.333
173713,fillet,fillet,92
173713,oz,oz,28.333
173714,fillet,fillet,143
173714,oz,oz,28.333
173715,oz,oz,28.333
173715,fillet,fillet,159
173716,fillet,fillet,143
173716,oz,oz,28.333
173717,fillet,fillet,79
173717,oz,oz,28.333
173718,fillet,fillet,71
173718,oz,oz,28.333
173719,oz,oz,28.333
173719,fillet,fillet,356
173720,cup,"cup, sliced",127
173720,oz,"oz cooked, yield",17
173721,oz,oz,28.35
173722,oz,oz,28.35
173723,oz,oz,28.333
173723,can,"can drained solids, bone and skin removed",247
173724,oz,oz,28.333
173724,can,"can drained solids, bone and skin removed",242
173725,oz,oz,28.333
173726,oz,oz,28.333
173727,cup,cup,197
173728,cup,cup,230
173729,cup,cup,296
173730,slice,slice,14
173731,cup,cup,253
173732,cup,cup,249
173733,cup,cup,246
173734,cup,cup,194
173734,tbsp,tbsp,12.1
173735,cup,cup,172
173736,cup,cup,177
173737,cup,cup,260
173738,cup,cup,184
173739,cup,cup,177
173740,cup,cup,177
173740,tbsp,tbsp,11
173741,cup,cup,256
173742,cup,cup,184
173743,cup,cup,177
173744,cup,cup,184
173744,tbsp,tbsp,12.2
173745,cup,cup,208
173746,cup,cup,182
173747,cup,cup,262
173748,cup,cup,210
173749,cup,cup,215
173750,cup,cup,179
173751,cup,cup,196
173752,cup,cup,177
173753,cup,cup,170
173754,cup,cup,256
173755,cup,cup,103
173755,tbsp,tbsp,6
173756,cup,cup,200
173756,tbsp,tbsp,12.5
173757,cup,cup,164
173758,cup,cup,167
173758,tbsp,tbsp,10.5
173759,cup,cup,171
173760,cup,cup,240
173761,cup,cup,240
173762,package,package,395
173763,package,package,395
173764,package,package,455
173765,cup,cup,243
173766,cup,cup,243
173767,cup,cup,243
173768,cup,cup,243
173769,cup,cup,243
173770,cup,cup,243
173771,cup,cup,243
173772,cup,cup,243
173773,cup,cup,243
173774,cup,cup,243
173775,cup,cup,244
173776,cup,cup,243
173777,cup,cup,243
173778,container,container,170
173779,container,container,170
173780,container,container,170
173781,container,container,170
173782,tbsp,tbsp,15
173783,package,package,395
173784,package,package,455
173785,oz,oz,28.333
173786,package,package,455
173787,oz,oz,28
173787,oz,oz,28
173788,oz,oz,28
173788,oz,oz,28
173789,cup,cup,230
173790,cup,cup,177
173791,cup,cup,262
173792,cup,cup,177
173793,cup,cup,177
173794,cup,cup,182
173795,cup,cup,169
173796,cup,cup,171
173797,cup,cup,169
173797,can,can,258
173798,cup,cup,170
173799,cup,cup,164
173800,can,can drained,253
173801,can,"can drained, rinsed",254
173801,cup,"cup drained, rinsed",152
173802,cup,cup,188
173803,cup,cup,182
173804,cup,cup,166
173805,cup,cup,177
173806,cup,cup,146
173806,oz,oz,28.35
173806,peanut,peanut,1
173807,cup,cup,147
173807,oz,oz,28.35
173808,cup,cup,144
173808,oz,oz,28.35
173809,cup,cup,143
173809,oz,oz,28.35
173810,oz,oz,28.25
173810,serving,serving,115
173811,oz,oz,28.333
173811,chop,"chop, excluding refuse (yield from 1 raw chop, with refuse, weighing 85 g)",30
173812,oz,oz,28.25
173812,serving,serving,115
173813,oz,oz,28.333
173813,serving,serving,85
173814,oz,oz,28.333
173814,piece,"piece, cooked, excluding refuse (yield from 1 lb raw meat with refuse)",157
173815,oz,oz,28.35
173815,lb,lb,453.6
173816,oz,oz,28.333
173816,piece,"piece, cooked, excluding refuse (yield from 1 lb raw meat with refuse)",209
173817,oz,oz,28.35
173817,lb,lb,453.6
173818,oz,oz,28.333
173818,unit,"unit, cooked (yield from 1 lb raw meat)",272
173819,oz,oz,28.333
173819,unit,"unit, cooked (yield from 1 lb raw meat)",295
173820,oz,oz,28.333
173820,unit,"unit, cooked (yield from 1 lb raw meat)",304
173821,oz,oz,28.333
173821,unit,"unit, cooked (yield from 1 lb raw meat)",358
173822,oz,oz,28.333
173822,piece,"piece, cooked, excluding refuse (yield from 1 lb raw meat with refuse)",351
173823,oz,oz,28.25
173823,roast,roast,1495
173824,oz,oz,28.333
173824,chop,"chop, excluding refuse (yield from 1 raw chop, with refuse, weighing 195 g)",80
173825,oz,oz,28.333
173825,piece,"piece, cooked, excluding refuse (yield from 1 lb raw meat with refuse)",229
173826,oz,oz,28.25
173826,roast,roast,1495
173826,oz,oz,28.35
173827,oz,oz,28.333
173827,piece,"piece, cooked, excluding refuse (yield from 1 lb raw meat with refuse)",240
173828,oz,oz,28.35
173828,lb,lb,453.6
173829,oz,oz,28.333
173829,piece,"piece, cooked, excluding refuse (yield from 1 lb raw meat with refuse)",163
173830,oz,oz,28.333
173830,piece,"piece, cooked, excluding refuse (yield from 1 lb raw meat with refuse)",215
173831,oz,oz,28.333
173831,piece,"piece, cooked, excluding refuse (yield from 1 lb raw meat with refuse)",182
173832,oz,oz,28.333
173832,piece,"piece, cooked, excluding refuse (yield from 1 lb raw meat with refuse)",251
173833,oz,oz,28.35
173833,steak,"steak, excluding refuse (yield from 1 raw steak, with refuse, weighing 385 g)",304
173834,oz,oz,28.333
173834,steak,"steak, excluding refuse (yield from 1 raw steak, with refuse, weighing 385 g)",173
173835,oz,oz,28.25
173835,chop,chop,450
173836,oz,oz,28.333
173836,piece,"piece, cooked, excluding refuse (yield from 1 lb raw meat with refuse)",186
173837,oz,oz,28.333
173837,piece,"piece, cooked, excluding refuse (yield from 1 lb raw meat with refuse)",244
173838,oz,oz,28.25
173838,chop,chop,450
173838,oz,oz,28.35
173839,oz,oz,28.333
173839,piece,"piece, cooked, excluding refuse (yield from 1 lb raw meat with refuse)",174
173840,oz,oz,28.35
173840,lb,lb,453.6
173841,oz,oz,28.333
173841,piece,"piece, cooked, excluding refuse (yield from 1 lb raw meat with refuse)",183
173842,oz,oz,28.333
173842,piece,"piece, cooked, excluding refuse (yield from 1 lb raw meat with refuse)",251
173843,oz,oz,28.35
173843,lb,lb,453.6
173844,oz,oz,28.333
173844,piece,"piece, cooked (yield from 1 lb raw meat, boneless)",340
173846,oz,oz,28.333
173846,piece,"piece, cooked (yield from 1 lb raw meat, boneless)",277
173847,oz,oz,28.333
173848,oz,oz,28.333
173848,piece,"piece, cooked (yield from 1 lb raw meat, boneless)",340
173849,oz,oz,28.25
173850,oz,oz,28.25
173850,roast,roast with bone,325
173851,oz,oz,28.35
173851,lb,lb,453.6
173852,oz,oz,28.333
173852,piece,"piece, cooked (yield from 1 lb raw meat, boneless)",340
173853,oz,oz,28.35
173853,lb,lb,453.6
173854,oz,oz,28.333
173854,piece,"piece, cooked (yield from 1 lb raw meat, boneless)",340
173855,oz,oz,28.35
173855,lb,lb,453.6
173856,slice,"slice, medium (4-1/2"" dia x 1/8"" thick) (1 oz)",28
173856,slice,"slice (4"" dia x 1/8"" thick)",23
173857,oz,oz 1 serving,28.283
173857,serving,serving,28
173857,package,package,454
173858,serving,serving (1 serving),56
173859,oz,oz,28.35
173859,link,"link (4"" long)",60
173860,slice,"slice (1 oz) (4"" x 4"" x 3/32"" thick)",28
173860,slice,slices,28.5
173861,slice,slice,38
173862,hot,hot dog,49
173862,package,package,446
173863,slice,slice,13
173864,gram,grams 1 serving,1
173864,slice,slice,28
173865,oz,oz,28.35
173865,slice,"slice (4-1/4"" x 4-1/4"" x 1/16"")",21
173866,tbsp,tbsp,15
173866,oz,oz,28.35
173867,link,link,72
173867,oz,oz,28.35
173868,serving,serving 2 slices,57
173868,oz,oz,28.35
173868,oz,oz,28.5
173869,oz,oz,28.35
173869,slice,slice,38
173870,slice,"slice (2-1/2"" dia x 1/4"" thick)",18
173870,oz,oz,28.35
173871,serving,serving,57
173872,serving,serving,28
173872,slice,slice,28
173873,serving,serving,28
173873,slice,slice,28
173874,slice,slice,12
173875,frankfurter,frankfurter,51
173876,link,link,23
173876,patty,patty,37
173877,oz,oz,28.333
173877,link,link,367
173878,link,link,370
173879,oz,oz,28.333
173879,link,link,396
173882,oz,oz,28.333
173883,oz,oz,28.333
173883,serving,serving,56
173884,cup,cup (1 NLEA serving),28
173885,cup,cup (1 NLEA serving),38.667
173886,cup,cup (1 NLEA serving),36
173887,cup,cup (1 NLEA serving),26.4
173887,cup,cup,28
173888,cup,cup (1 NLEA serving),40
173889,cup,cup (1 NLEA serving),21.333
173890,cup,cup (1 NLEA serving),20.667
173891,cup,cup (1 NLEA serving),42.667
173891,cup,cup,42
173892,cup,cup (1 NLEA serving),96
173893,cup,cup (1 NLEA serving),28
173894,cup,cup (1 NLEA serving),59
173895,cup,cup (1 NLEA serving),31
173896,oz,oz,28.35
173896,cup,cup,113
173897,cup,cup,219
173898,packet,packet (1 NLEA serving),28
173899,packet,packet (1 NLEA serving),28
173900,cup,cup (1 NLEA serving),180
173901,tbsp,tbsp,10.6
173901,tbsp,tbsp (1 NLEA serving),11
173901,cup,cup,173
173902,cup,cup,241
173902,tbsp,tbsp,15
173902,cup,cup,241.333
173903,tbsp,tbsp (1 NLEA serving),11.667
173904,cup,cup,81
173904,cup,cup,81.818
173905,cup,cup,234
173905,tbsp,tbsp,14.6
173905,cup,cup,233.333
173906,cup,cup,240
173906,tbsp,tbsp,15
173906,packet,"packet, prepared",161
173907,packet,packet,43
173908,cup,cup,240
173908,tbsp,tbsp,15
173908,packet,"packet, prepared",158
173909,cup,cup,30
173910,biscuit,biscuits (1 NLEA serving),23.5
173911,cup,cup (1 NLEA serving),49
173912,cup,cup,14
173912,oz,oz,28.4
173913,cup,cup,12
173913,oz,oz,28.4
173914,cup,cup,244
173914,cup,cup,244
173915,cup,cup (1 serving),251
173916,tbsp,tbsp,10.9
173916,cup,cup,176
173917,cup,cup,233
173918,cup,cup (1 NLEA serving),52
173919,cup,cup (1 NLEA serving),44
173920,packet,packet,43
173921,cup,cup (1 NLEA serving),37.333
173922,packet,packet (1 NLEA serving),45
173923,packet,packet (1 NLEA serving),45
173924,package,package (1 NLEA serving),75
173925,package,package (1 NLEA serving),73
173926,packet,packet (1 NLEA serving),45
173927,cup,cup (1 NLEA serving),55
173928,cup,cup slices,171
173929,cup,cup slices,170
173930,cup,cup slices,204
173931,cup,cup,60
173932,cup,cup slices,206
173933,cup,cup,248
173933,fl oz,fl oz,31
173933,drink,drink box (8.45 fl oz),262
173934,can,can (6 fl oz),211
173935,cup,cup,239
173935,fl oz,fl oz,29.9
173936,cup,"cup, whole, without pits",227
173937,cup,"cup, halves",244
173937,apricot,apricot half with liquid,36
173938,cup,"cup, halves",247
173939,cup,"cup, halves",253
173939,apricot,apricot half with liquid,40
173940,cup,cup,249
173941,cup,"cup, halves",130
173941,half,half,3.5
173942,cup,"cup, halves",250
173943,cup,"cup, halves",270
173944,cup,"cup, mashed",225
173944,cup,"cup, sliced",150
173944,extra,"extra small (less than 6"" long)",81
173944,small,"small (6"" to 6-7/8"" long)",101
173944,medium,"medium (7"" to 7-7/8"" long)",118
173944,large,"large (8"" to 8-7/8"" long)",136
173944,extra-large,"extra large (9"" or longer)",152
173944,nlea,NLEA serving,126
173945,cup,cup,100
173945,tbsp,tbsp,6.2
173946,cup,cup,144
173947,cup,cup,250
173948,cup,cup,256
173949,cup,"cup, frozen",140
173950,cup,"cup, unthawed",155
173950,package,package (20 oz),567
173951,cup,"cup, thawed",230
173951,package,package (10 oz),284
173952,cup,cup slices,150
173952,fruit,fruit without skin and seeds,20
173953,cup,"cup, pieces",160
173953,fruit,fruit without skin and seeds,235
173954,cup,"cup, without pits",155
173954,cup,"cup, with pits, yields",103
173955,cup,cup,244
173956,cup,cup,252
173957,cup,"cup, pitted",248
173958,cup,"cup, pitted",250
173959,cup,"cup, pitted",252
173960,cup,cup,253
173961,cup,cup,277
173961,slice,"slice (1/2"" thick, approx 8 slices per can)",57
173962,cup,cup,275
173963,cup,cup,112
173964,cup,cup,112
173965,oz,oz,28.25
173965,steak,steak,150
173966,oz,oz,28.25
173966,steak,steak,152
173967,oz,oz,28.25
173968,oz,oz,28.25
173969,oz,oz,28.25
173969,steak,steak,150
173970,oz,oz,28.25
173970,roast,roast,339
173971,oz,oz,28.25
173971,roast,roast,337
173972,oz,oz,28.25
173972,roast,roast,763
173973,oz,oz,28.25
173973,steak,steak,173
173974,oz,oz,28.25
173974,roast,roast,348
173975,oz,oz,28.25
173975,roast,roast,350
173976,oz,oz,28.25
173976,roast,roast,337
173977,oz,oz,28.25
173977,roast,roast,763
173978,oz,oz,28.25
173978,roast,roast,348
173979,oz,oz,28.25
173979,roast,roast,359
173980,oz,oz,28.25
173980,steak,steak,344
173981,oz,oz,28.25
173981,steak,steak,344
173982,oz,oz,28.25
173982,roast,roast,758
173983,oz,oz,28.25
173983,roast,roast,770
173984,oz,oz,28.25
173984,steak,steak,140
173985,oz,oz,28.25
173985,steak,steak,133
173986,oz,oz,28.333
173986,steak,steak,151
173987,oz,oz,28.25
173987,roast,roast,644
173988,oz,oz,28.25
173988,steak,steak,170
173989,oz,oz,28.25
173989,steak,steak,168
173990,oz,oz,28.25
173990,steak,steak,172
173991,oz,oz,28.333
173991,roast,roast,481
173992,oz,oz,28.333
173993,oz,oz,28.333
173994,oz,oz,28.333
173995,oz,oz,28.333
173996,oz,oz,28.25
173996,roast,roast,770
173997,oz,oz,28.25
173997,roast,roast,740
173998,oz,oz,28.25
173998,roast,roast,675
173999,oz,oz,28.25
173999,roast,roast,658
174000,oz,oz,28.25
174000,roast,roast,625
174001,oz,oz,28.25
174001,roast,roast,673
174002,oz,oz,28.25
174002,steak,steak,267
174003,oz,oz,28.25
174003,steak,steak,266
174003,oz,oz,28
174004,oz,oz,28.333
174004,roast,roast,481
174005,oz,oz,28.333
174005,roast,roast,478
174006,oz,oz,28.333
174006,roast,roast,487
174007,oz,oz,28.333
174008,oz,oz,28.333
174009,oz,oz,28.25
174009,steak,steak,304
174010,oz,oz,28.25
174010,steak,steak,301
174011,oz,oz,28.25
174011,steak,steak,302
174012,oz,oz,28.25
174013,oz,oz,28.333
174014,oz,oz,28.25
174015,oz,oz,28.25
174016,oz,oz,28.333
174016,lb,lb,453.6
174017,oz,oz,28.333
174017,lb,lb,453.6
174018,oz,oz,28.25
174018,lb,lb,453.6
174019,oz,oz ( 1 serving  ),28.333
174019,lb,lb,453.6
174020,oz,oz,28.333
174020,lb,lb,453.6
174021,oz,oz,28.333
174021,lb,lb,453.6
174022,oz,oz,28.333
174022,lb,lb,453.6
174023,oz,oz,28.333
174023,lb,lb,453.6
174024,oz,oz,28.333
174024,lb,lb,453.6
174025,oz,oz,28.333
174025,lb,lb,453.6
174026,oz,oz,28.333
174026,lb,lb,453.6
174027,oz,oz,28.333
174027,lb,lb,453.6
174028,oz,oz,28.333
174029,oz,oz,28.333
174030,oz,oz,28.25
174031,oz,oz,28.333
174032,oz,oz,28.333
174032,patty,patty (yield from 1/4 lb raw meat),77
174033,oz,oz,28.333
174033,patty,patty ( yield from 1/4 lb raw meat ),83
174034,oz,oz,28.333
174035,oz,oz,28.333
174036,oz,oz,28.25
174037,oz,oz,28.25
174037,serving,serving (3 oz),85
174038,oz,oz,28.333
174039,oz,oz,28.333
174040,oz,oz,28.333
174041,oz,oz,28.25
174041,lb,lb,453.6
174042,oz,oz,28.333
174042,lb,lb,453.6
174043,oz,oz,28.333
174043,lb,lb,453.6
174044,oz,oz,28.333
174044,lb,lb,453.6
174045,oz,oz,28.333
174045,lb,lb,453.6
174046,oz,oz,28.25
174046,lb,lb,453.6
174047,oz,oz,28.333
174047,lb,lb,453.6
174048,oz,oz,28.25
174048,lb,lb,453.6
174049,oz,oz,28.25
174049,lb,lb,453.6
174050,oz,oz,28.333
174050,lb,lb,453.6
174051,oz,oz,28.25
174051,lb,lb,453.6
174052,oz,oz,28.333
174052,lb,lb,453.6
174053,oz,oz,28.333
174053,lb,lb,453.6
174054,oz,oz,28.333
174054,lb,lb,453.6
174055,oz,oz,28.25
174055,lb,lb,453.6
174056,oz,oz,28.25
174056,lb,lb,453.6
174057,oz,oz,28.25
174057,lb,lb,453.6
174058,oz,oz,28.25
174058,lb,lb,453.6
174059,oz,oz,28.333
174059,lb,lb,453.6
174060,oz,oz,28.333
174060,lb,lb,453.6
174061,oz,oz,28.333
174061,lb,lb,453.6
174062,cup,cup,254
174062,can,can,521
174063,can,can,519
174063,cup,cup,256
174064,cup,cup,245
174064,can,can,516
174065,cup,cup,245
174065,can,can,525
174066,tbsp,Tbsp,17.5
174067,cup,cup,240
174068,tbsp,tbsp,15
174068,cup,cup,250
174069,tbsp,tbsp,15
174069,cup,cup,250
174070,tbsp,tbsp,18
174071,cup,cup,240
174072,cup,cup,232
174072,cup,cup,230
174072,jar,jar 12 oz,324
174073,cup,cup,208
174073,can,can,527
174074,cup,cup,224
174074,cup,cup,224
174074,can,can,283
174075,piece,piece,43
174076,piece,piece,79
174077,piece,piece,106
174078,piece,piece,98
174079,cooky,cookies,10.333
174080,cooky,cookies,8
174081,tortilla,tortilla 1 serving,41
174082,cake,cake 1 serving,27
174083,serving,serving,35
174084,serving,serving 55 pieces,31
174085,serving,serving 2 waffles,70
174086,serving,serving 3 pancakes,105
174087,cookie,cookie,11.8
174088,cookie,cookie,9.667
174089,roll,roll,51
174090,roll,roll,56
174091,slice,slice 1 serving,48
174092,piece,piece bagel 1 serving,86
174093,muffin,muffin 1 serving,57
174094,piece,piece roll,43
174095,cookie,cookie,34
174096,cookie,cookie,62
174097,bar,bar,22
174098,goldfish,goldfish,0.52
174099,slice,slice,34
174100,slice,slice,35
174101,slice,slice,28
174102,slice,slice,25
174103,cracker,crackers,3.567
174104,cracker,crackers,2.033
174105,waffle,waffle,45
174105,box,box,242
174106,pancake,pancake,48
174106,box,box,352
174107,roll,roll,30
174107,slice,slice,39
174108,fl oz,fl oz,30
174110,fl oz,fl oz,29.3
174110,serving,serving 5 fl oz,147
174111,fl oz,fl oz,29.562
174112,fl oz,fl oz,30
174113,fl oz,fl oz,30
174114,tbsp,tbsp,12
174115,cup,cup (8 fl oz),256
174116,cup,cup,240
174117,serving,serving 2 tbsp,39
174117,cup,cup,300
174118,cup,cup (8 fl oz),282
174119,cup,cup,265
174121,cup,cup,265
174122,serving,serving (3 heaping tsp or 1 envelope),28
174123,fl oz,fl oz,34.3
174123,serving,serving 6 fl oz,206
174124,serving,serving 1 envelope,20
174125,fl oz,fl oz,29.6
174126,tsp,tsp,1
174126,packet,packet,2
174127,tsp,tsp dry,6.4
174128,cup,cup,270
174129,cup,cup,266
174129,fl oz,fl oz,29.562
174130,fl oz,fl oz,29.8
174130,serving,serving 6 fl oz,179
174131,fl oz,fl oz,30
174132,fl oz,fl oz,30
174133,tsp,tsp rounded,1.8
174134,fl oz,fl oz,29.9
174134,serving,serving 6 fl oz,179
174135,serving,serving 2 tbsp,13
174136,fl oz,fl oz,30.25
174137,fl oz,fl oz,30.875
174138,tsp,tsp (1 serving),3
174139,fl oz,fl oz,30.1
174139,serving,serving 6 fl oz,180
174140,fl oz,fl oz,30.6
174140,cup,cup (8 fl oz),245
174141,fl oz,fl oz,29.911
174142,fl oz,fl oz,30.6
174142,cup,cup (8 fl oz),245
174143,tbsp,tbsp,2.25
174144,fl oz,fl oz,29.562
174145,fl oz,fl oz,29.667
174146,fl oz,fl oz,29.583
174147,fl oz,fl oz,31
174148,fl oz,fl oz,31
174149,fl oz,fl oz,30.875
174150,fl oz,fl oz,31
174151,fl oz,fl oz,31
174151,cup,cup (8 fl oz),248
174152,fl oz,fl oz,34.8
174152,can,can (12 fl oz),418
174153,fl oz,fl oz,30.9
174153,cup,cup,247
174154,serving,serving,15
174155,fl oz,fl oz,29.6
174155,fl oz,fl oz,29.667
174156,fl oz,fl oz,29.6
174156,fl oz,fl oz,29.667
174156,cup,cup (8 fl oz),237
174157,fl oz,fl oz,29
174158,fl oz,fl oz,29.6
174158,cup,cup,237
174158,ml,ml,1
174159,serving,serving,22
174160,serving,serving,266
174161,fl oz,fl oz (1 NLEA serving),29.625
174161,serving,serving,237
174162,fl oz,fl oz,30.375
174163,serving,serving 8 oz,238
174164,serving,serving,238
174165,serving,serving 8 oz,243
174166,serving,serving 8 oz,243
174167,serving,serving 8 oz,243
174168,serving,serving 8 oz,243
174169,serving,serving 8 oz,246
174170,serving,serving 8 oz,246
174171,serving,serving,240
174172,serving,serving 8 fluid oz,240
174172,can,can,480
174173,serving,serving,238
174174,cup,cup,244
174175,serving,serving 8 oz,246
174176,container,container,209
174176,ml,ml,1
174177,serving,serving (8 fl oz),246
174177,fl oz,fl oz,30
174178,fl oz,fl oz,29.625
174179,cup,cup (8 fl oz),238
174180,cup,cup (8 fl oz),238
174181,tbsp,tbsp,10
174181,serving,serving,20
174182,oz,oz,28.333
174183,oz,"oz, boneless",28.35
174183,anchovy,anchovy,4
174183,can,can (2 oz),45
174183,anchovy,anchovies,4
174184,fillet,fillet,79
174184,oz,oz,28.333
174185,oz,oz,28.333
174185,fillet,fillet,170
174186,oz,oz,28.333
174186,fillet,fillet,159
174187,fillet,fillet,87
174187,oz,oz,28.333
174188,tbsp,tbsp,16
174188,oz,oz,28.35
174189,oz,oz,28.333
174189,can,can,312
174190,oz,oz,28.35
174190,piece,"piece (5-1/2"" x 1-1/2"" x 1/2"")",80
174190,oz,oz,28.333
174191,fillet,fillet,116
174191,oz,oz,28.333
174192,fillet,fillet,79
174192,oz,oz,28.333
174193,oz,oz,28.333
174193,fillet,fillet,204
174194,oz,"oz, boneless",28.35
174194,oz,oz with bone (yield after bone removed),22
174194,cubic,"cubic inch, boneless",17
174194,fillet,fillet,159
174194,oz,oz,28.333
174195,piece,"piece (4"" x 2"" x 1/2"")",57
174195,stick,"stick (4"" x 1"" x 1/2"")",28
174196,oz,"oz, boneless",28.35
174196,fillet,fillet,163
174196,oz,oz,28.333
174197,fillet,fillet,127
174197,oz,oz,28.333
174198,fillet,fillet,150
174198,oz,oz,28.333
174199,oz,"oz, boneless",28.35
174199,cubic,"cubic inch, boneless",17
174199,oz,oz,28.333
174200,oz,oz,28.333
174200,fillet,fillet,408
174201,oz,oz,28.333
174201,fillet,fillet,318
174202,leg,leg,134
174202,oz,oz,28.333
174203,oz,oz,28.333
174204,oz,oz,28.333
174204,crab,crab,21
174205,cup,"cup, flaked and pieces",118
174205,cup,cup (not packed),135
174205,oz,oz,28.35
174205,oz,oz,28.333
174206,oz,oz,28.333
174206,crayfish,crayfish,3.375
174207,oz,oz,28.333
174208,lobster,lobster,150
174208,oz,oz,28.333
174209,cup,cup,145
174209,oz,oz,28.333
174210,medium,medium,6
174210,small,small,5
174210,oz,oz,28.333
174210,large,large,7
174211,oz,oz,28.333
174211,lobster,lobster,209
174212,oz,oz,28.333
174213,oz,oz,28.333
174214,oz,oz,28.333
174214,large,large,20
174214,lb,"lb (with shell), yield after shell removed",68
174214,medium,medium,14.5
174214,small,small,9
174214,cup,cup (with liquid and clams),227
174215,oz,oz,28.333
174216,cup,cup,150
174216,oz,oz,28.35
174216,large,large,20
174216,medium,medium,16
174216,small,small,10
174216,oz,oz,28.333
174217,oz,oz,28.333
174218,oz,oz,28.333
174219,medium,medium,50
174219,oz,oz,28.333
174220,unit,unit 2 large or 5 small,30
174220,oz,oz,28.333
174221,large,large,15.5
174222,oz,oz,28.333
174223,oz,"oz, boneless",28.35
174223,oz,oz,28.333
174224,oz,oz,28.333
174224,can,can,369
174225,oz,oz,28.333
174225,can,can,454
174226,oz,oz,28.333
174226,can,can,369
174227,oz,oz,28.333
174227,can,can,171
174228,fillet,fillet,124
174228,oz,oz,28.333
174229,fillet,fillet,117
174229,oz,oz,28.333
174230,fillet,fillet,90
174230,oz,oz,28.333
174231,fillet,fillet,25
174231,oz,oz,28.333
174232,oz,oz,28.333
174232,fillet,fillet,318
174233,fillet,fillet,144
174233,oz,oz,28.333
174234,oz,oz,28.333
174234,fillet,fillet,151
174235,oz,oz,28.333
174235,fillet,fillet,302
174236,oz,oz,28.333
174236,fillet,fillet,308
174237,oz,oz,28.333
174237,fillet,fillet,302
174238,fillet,fillet,274
174238,oz,oz,28.333
174239,oz,oz,28.35
174239,oz,oz,28.333
174240,oz,oz,28.333
174240,fillet,fillet,302
174241,fillet,fillet,50
174241,oz,oz,28.333
174242,oz,oz,28.333
174242,fillet,fillet,186
174243,fillet,fillet,144
174243,oz,oz,28.333
174244,fillet,fillet,50
174244,oz,oz,28.333
174245,oz,oz,28.333
174245,fillet,fillet,318
174246,oz,oz,28.333
174246,fillet,fillet,154
174247,fillet,fillet,238
174247,oz,oz,28.333
174248,fillet,fillet,292
174248,oz,oz,28.333
174249,oz,oz,28.333
174250,medium,medium,25
174250,oz,oz,28.333
174251,oz,oz,28.333
174252,cup,cup,178
174252,tbsp,tbsp,11.1
174253,cup,cup,188
174253,tbsp,tbsp,11.7
174254,cup,cup,241
174255,cup,cup,202
174256,cup,cup,207
174256,tbsp,tbsp,13
174257,cup,cup,202
174258,cup,cup,140
174259,cup,cup,207
174260,cup,"cup in shell, edible yield",63
174260,cup,"cup, shelled",180
174260,oz,oz shelled,28.35
174260,nut,nuts,0.848
174261,cup,"cup, chopped",144
174261,oz,oz shelled (32 nuts),28.35
174262,oz,oz,28.35
174262,peanut,peanut,1
174263,cup,cup,146
174263,oz,oz,28.35
174264,cup,cup,143
174264,oz,oz,28.35
174265,tbsp,tbsp,16
174265,cup,cup,258
174266,tbsp,tbsp,16
174266,cup,cup,258
174267,cup,cup,60
174267,oz,oz,28.35
174268,cup,cup,88
174268,oz,oz,28.35
174269,link,link,25
174269,patty,patty,38
174269,slice,slice,28
174270,cup,cup,186
174271,cup,cup,172
174271,tbsp,tbsp,10.7
174272,cup,cup,166
174273,cup,"cup, stirred",84
174273,tbsp,tbsp,5.2
174274,cup,"cup, stirred",85
174275,cup,cup,105
174275,tbsp,tbsp,6.6
174276,oz,oz,28.35
174277,tbsp,tbsp,16
174277,tsp,tsp,5.3
174277,cup,cup,255
174277,individual,individual packet,8.9
174278,tbsp,tbsp,18
174278,tsp,tsp,6
174279,tbsp,tbsp,18
174279,tsp,tsp,6
174279,cup,cup,232
174280,block,block,11
174281,cup,cup,167
174282,cup,cup,171
174283,cup,cup,182
174284,cup,cup,192
174285,can,can drained solids,266
174286,can,can drained solids,277
174287,pattie,pattie,70
174288,cup,cup,92
174289,tbsp,tbsp,15
174289,cup,cup,246
174290,block,block,455
174291,block,block,488
174292,slice,slice,84
174293,cup,cup,243
174293,fl oz,fl oz,30.6
174294,tbsp,tbsp,16
174294,cup,cup,258
174295,cup,cup,243
174295,fl oz,fl oz,30.6
174296,cup,cup,242
174296,can,can,444
174297,package,package,395
174298,cup,cup,238
174298,tbsp,tablespoon,16
174299,cup,cup,172
174300,cup,cup,172
174301,oz,oz,28.35
174302,oz,oz,28.35
174303,piece,piece,17
174304,piece,piece,13
174305,block,block,11
174306,cup,cup,171
174307,oz,oz,28.35
174307,lb,lb,453.6
174308,oz,oz,28.333
174308,piece,"piece, cooked, excluding refuse (yield from 1 lb raw meat with refuse)",187
174309,oz,oz,28.35
174309,lb,lb,453.6
174310,oz,oz,28.333
174310,unit,"unit, cooked (yield from 1 lb raw meat)",286
174311,oz,oz,28.35
174311,lb,lb,453.6
174312,oz,oz,28.333
174312,piece,"piece, cooked, excluding refuse (yield from 1 lb raw meat with refuse)",265
174313,oz,oz,28.35
174313,lb,lb,453.6
174314,oz,oz,28.333
174314,piece,"piece, cooked, excluding refuse (yield from 1 lb raw meat with refuse)",218
174315,oz,oz,28.35
174315,lb,lb,453.6
174316,oz,oz,28.333
174316,piece,"piece, cooked, excluding refuse (yield from 1 lb raw meat with refuse)",262
174317,oz,oz,28.35
174317,lb,lb,453.6
174318,oz,oz,28.333
174318,piece,"piece, cooked, excluding refuse (yield from 1 lb raw meat with refuse)",201
174319,oz,oz,28.35
174319,chop,"chop, excluding refuse (yield from 1 raw chop, with refuse, weighing 120 g)",95
174320,oz,oz,28.333
174320,piece,"piece, cooked, excluding refuse (yield from 1 lb raw meat with refuse)",193
174321,oz,oz,28.35
174321,lb,lb,453.6
174322,oz,oz,28.333
174322,piece,"piece, cooked, excluding refuse (yield from 1 lb raw meat with refuse)",229
174323,oz,oz,28.333
174323,piece,"piece, cooked, excluding refuse (yield from 1 lb raw meat with refuse)",255
174324,oz,oz,28.333
174324,piece,"piece, cooked, excluding refuse (yield from 1 lb raw meat with refuse)",248
174325,oz,oz,28.333
174325,piece,"piece, cooked, excluding refuse (yield from 1 lb raw meat with refuse)",269
174326,oz,oz,28.25
174326,lb,lb,453.6
174327,oz,oz,28.333
174327,piece,"piece, cooked, excluding refuse (yield from 1 lb raw meat with refuse)",174
174328,oz,oz,28.333
174328,chop,"chop, excluding refuse (yield from 1 raw chop, with refuse, weighing 160 g)",93
174329,oz,oz,28.333
174329,piece,"piece, cooked, excluding refuse (yield from 1 lb raw meat with refuse)",286
174330,oz,oz,28.35
174330,chop,"chop, excluding refuse (yield from 1 raw chop, with refuse, weighing 160 g)",101
174331,oz,oz,28.333
174331,chop,"chop, excluding refuse (yield from 1 raw chop, with refuse, weighing 160 g)",55
174332,oz,oz,28.333
174332,piece,"piece, cooked, excluding refuse (yield from 1 lb raw meat with refuse)",252
174333,oz,oz,28.333
174333,piece,"piece, cooked, excluding refuse (yield from 1 lb raw meat with refuse)",258
174334,oz,oz,28.35
174334,lb,lb,453.6
174335,oz,oz,28.333
174335,piece,"piece, cooked, excluding refuse (yield from 1 lb raw meat with refuse)",168
174336,oz,oz,28.35
174336,lb,lb,453.6
174337,oz,oz,28.333
174337,piece,"piece, cooked, excluding refuse (yield from 1 lb raw meat with refuse)",222
174338,oz,oz,28.35
174338,lb,lb,453.6
174339,oz,oz,28.333
174339,piece,"piece, cooked, excluding refuse (yield from 1 lb raw meat with refuse)",164
174340,oz,oz,28.25
174340,serving,serving,115
174341,oz,oz,28.333
174341,serving,serving,85
174342,oz,oz,28.25
174342,serving,serving,115
174343,oz,oz,28.333
174343,piece,"piece, cooked, excluding refuse (yield from 1 lb raw meat with refuse)",258
174344,oz,oz,28.35
174344,lb,lb,453.6
174345,oz,oz,28.333
174345,piece,"piece, cooked (yield from 1 lb raw meat, boneless)",340
174346,oz,oz,28.333
174346,piece,"piece, cooked (yield from 1 lb raw meat, boneless)",299
174347,oz,oz,28.35
174347,lb,lb,453.6
174348,oz,oz,28.333
174348,piece,"piece, cooked (yield from 1 lb raw meat, boneless)",299
174349,oz,oz,28.333
174349,piece,"piece, cooked (yield from 1 lb raw meat, boneless)",399
174350,oz,oz,28.333
174350,unit,"unit, cooked (yield from 1 lb raw meat)",240
174351,oz,oz,28.35
174351,oz,oz,28.25
174352,oz,oz,28.333
174352,unit,"unit, cooked (yield from 1 lb raw meat)",339
174353,oz,oz,28.333
174353,unit,"unit, cooked (yield from 1 lb raw meat)",330
174354,oz,oz,28.35
174354,oz,oz,28.25
174355,oz,oz,28.333
174355,unit,"unit, cooked (yield from 1 lb raw meat)",255
174356,oz,oz,28.35
174356,oz,oz,28.25
174357,oz,oz,28.333
174357,unit,"unit, cooked (yield from 1 lb raw meat)",184
174358,oz,oz,28.333
174358,slice,slice,67
174359,oz,oz,28.35
174359,oz,oz,28.25
174360,oz,oz,28.333
174360,unit,"unit, cooked (yield from 1 lb raw meat)",381
174361,oz,oz,28.35
174361,oz,oz,28.25
174362,oz,oz,28.35
174362,oz,oz,28.25
174363,oz,oz,28.333
174363,unit,"unit, cooked (yield from 1 lb raw meat)",240
174364,oz,oz,28.35
174364,oz,oz,28.25
174365,oz,oz,28.333
174365,unit,"unit, cooked (yield from 1 lb raw meat)",295
174366,oz,oz,28.35
174366,oz,oz,28.25
174367,oz,oz,28.333
174367,unit,"unit, cooked (yield from 1 lb raw meat)",255
174368,oz,oz,28.35
174368,oz,oz,28.25
174369,oz,oz,28.333
174369,unit,"unit, cooked (yield from 1 lb raw meat)",255
174370,oz,oz,28.35
174370,oz,oz,28.25
174371,piece,"piece, cooked, excluding refuse (yield from 1 lb raw meat with refuse)",148
174371,oz,oz,28.333
174372,oz,oz,28.35
174372,lb,lb,453.6
174373,oz,oz,28.333
174373,piece,"piece, cooked, excluding refuse (yield from 1 lb raw meat with refuse)",260
174374,oz,oz,28.35
174374,lb,lb,453.6
174375,oz,oz,28.333
174375,steak,"steak, excluding refuse (yield from 1 raw steak, with refuse, weighing 102 g)",53
174376,oz,oz,28.333
174376,piece,"piece, cooked, excluding refuse (yield from 1 lb raw meat with refuse)",265
174377,oz,oz,28.35
174377,lb,lb,453.6
174378,oz,oz,28.333
174378,piece,"piece, cooked, excluding refuse (yield from 1 lb raw meat with refuse)",222
174379,oz,oz,28.333
174379,piece,"piece, cooked, excluding refuse (yield from 1 lb raw meat with refuse)",263
174380,oz,oz,28.35
174380,steak,"steak, excluding refuse (yield from 1 raw steak, with refuse, weighing 102 g)",84
174381,oz,oz,28.333
174381,steak,"steak, excluding refuse (yield from 1 raw steak, with refuse, weighing 102 g)",45
174382,oz,oz,28.333
174382,steak,"steak, excluding refuse (yield from 1 raw steak, with refuse, weighing 102 g)",59
174383,oz,oz,28.333
174383,piece,"piece, cooked, excluding refuse (yield from 1 lb raw meat with refuse)",284
174384,oz,oz,28.35
174384,lb,lb,453.6
174385,oz,oz,28.333
174385,piece,"piece, cooked, excluding refuse (yield from 1 lb raw meat with refuse)",242
174386,oz,oz,28.35
174386,lb,lb,453.6
174387,oz,oz,28.333
174387,piece,"piece, cooked, excluding refuse (yield from 1 lb raw meat with refuse)",168
174388,oz,oz,28.35
174388,lb,lb,453.6
174389,oz,oz,28.333
174389,piece,"piece, cooked, excluding refuse (yield from 1 lb raw meat with refuse)",233
174390,oz,oz,28.35
174390,lb,lb,453.6
174391,oz,oz,28.333
174391,piece,"piece, cooked, excluding refuse (yield from 1 lb raw meat with refuse)",233
174392,oz,oz,28.35
174392,lb,lb,453.6
174393,oz,oz,28.333
174393,piece,"piece, cooked, excluding refuse (yield from 1 lb raw meat with refuse)",283
174394,oz,oz,28.333
174394,piece,"piece, cooked, excluding refuse (yield from 1 lb raw meat with refuse)",291
174395,oz,oz,28.333
174395,piece,"piece, cooked, excluding refuse (yield from 1 lb raw meat with refuse)",274
174396,oz,oz,28.333
174396,piece,"piece, cooked, excluding refuse (yield from 1 lb raw meat with refuse)",237
174397,oz,oz,28.35
174397,lb,lb,453.6
174397,oz,oz,28.333
174398,oz,oz,28.333
174398,piece,"piece, cooked, excluding refuse (yield from 1 lb raw meat with refuse)",270
174399,oz,oz,28.35
174399,lb,lb,453.6
174399,oz,oz,28.333
174400,oz,oz,28.333
174400,piece,"piece, cooked, excluding refuse (yield from 1 lb raw meat with refuse)",236
174401,oz,oz,28.35
174401,lb,lb,453.6
174401,oz,oz,28.333
174402,oz,oz,28.333
174402,piece,"piece, cooked, excluding refuse (yield from 1 lb raw meat with refuse)",180
174403,oz,oz,28.35
174403,lb,lb,453.6
174403,oz,oz,28.333
174404,oz,oz,28.333
174404,piece,"piece, cooked, excluding refuse (yield from 1 lb raw meat with refuse)",284
174405,oz,oz,28.333
174405,piece,"piece, cooked, excluding refuse (yield from 1 lb raw meat with refuse)",246
174406,oz,oz,28.35
174406,lb,lb,453.6
174406,oz,oz,28.333
174407,oz,oz,28.333
174407,piece,"piece, cooked, excluding refuse (yield from 1 lb raw meat with refuse)",306
174408,oz,oz,28.35
174408,lb,lb,453.6
174408,oz,oz,28.333
174409,oz,oz,28.333
174410,oz,oz,28.35
174411,oz,oz,28.333
174412,oz,oz,28.35
174413,oz,oz,28.333
174414,oz,oz,28.25
174414,chop,chop,63
174415,oz,oz,28.333
174415,chop,chop,54
174416,oz,oz,28.25
174416,chop,chop,63
174416,oz,oz,28.333
174417,oz,oz,28.35
174417,oz,oz,28.333
174418,oz,oz,28.333
174419,oz,oz,28.35
174419,oz,oz,28.333
174420,oz,oz,28.333
174421,serving,serving ( 3 oz ),85
174421,patty,patty,113
174422,patty,patty ( yield from 112.7 g raw meat ),87
174422,serving,serving ( 3 oz ),85
174423,serving,serving ( 3 oz ),85
174423,steak,steak ( yield from 309.7 g raw meat ),194
174424,serving,serving ( 3 oz ),85
174424,roast,roast ( yield from 1247 g raw meat ) ( 3 to 5 lb roast),774
174425,patty,patty ( yield from 102.2 g raw meat ),102
174426,patty,patty ( yield from 104.1 g raw meat ),95
174426,serving,serving ( 3 oz ),85
174427,steak,steak ( yield from 148.1 g raw meat ),114
174427,serving,serving ( 3 oz ),85
174428,serving,serving ( 3 oz ),85
174428,steak,steak ( yield from 233.1 g raw meat ),176
174429,steak,steak ( yield from 123.5 g raw meat ),92
174429,serving,serving ( 3 oz ),85
174430,serving,serving ( 3 oz ),85
174430,roast,roast ( yield from 271.8 g raw meat ) (0.5 to 1 lb roast),202
174431,steak,steak ( yield from 134.9 g raw meat ),102
174431,serving,serving ( 3 oz ),85
174432,oz,oz,28.25
174432,roast,roast with bone,235
174433,oz,oz,28.25
174433,roast,roast with bone,235
174436,oz,oz,28.333
174437,oz,oz,28.25
174438,oz,oz,28.25
174439,oz,oz,28.333
174440,oz,oz,28.333
174441,oz,oz,28.25
174442,oz,oz,28.25
174443,oz,oz,28.333
174444,oz,oz,28.25
174445,oz,oz,28.333
174446,oz,oz,28.25
174447,oz,oz,28.333
174448,oz,oz,28.25
174449,oz,oz,28.333
174450,oz,oz,28.25
174451,oz,oz,28.333
174452,oz,oz,28.25
174453,oz,oz,28.333
174454,oz,oz,28.25
174455,oz,oz,28.25
174456,oz,oz,28.25
174457,oz,oz,28.333
174458,oz,oz,28.333
174459,oz,oz,28.333
174460,oz,oz,28.333
174461,oz,oz,28.333
174462,oz,oz,28.333
174463,oz,oz,28.25
174464,oz,oz,28.25
174465,giblet,giblets,115
174465,unit,unit (yield from 1 lb ready-to cook capon),18
174466,cup,"cup, chopped or diced",145
174466,unit,unit (yield from 1 lb ready-to cook capon),11
174467,liver,liver,44
174467,unit,unit (yield from 1 lb ready-to-cook duck),10
174468,oz,oz,28.333
174468,unit,unit (yield from 1 lb ready-to-cook duck),239
174468,duck,duck,540
174469,unit,unit (yield from 1 lb ready-to-cook duck),73
174469,breast,"breast, bone and skin removed",166
174470,oz,oz,28.333
174470,unit,unit (yield from 1 lb ready-to-cook goose),320
174470,goose,goose,2638
174471,oz,oz,28.333
174471,unit,unit (yield from 1 lb ready-to-cook guinea),275
174471,guinea,guinea,528
174472,oz,oz,28.333
174472,unit,unit (yield from 1 lb ready-to-eat pheasant),371
174472,pheasant,pheasant,800
174473,oz,oz,28.333
174473,unit,unit (yield from 1 lb ready-to-eat pheasant),326
174473,pheasant,pheasant,704
174474,oz,oz,28.333
174474,unit,unit (yield from 1 lb ready-to-eat pheasant),169
174474,breast,"breast, bone and skin removed",364
174475,oz,oz,28.333
174475,unit,unit (yield from 1 lb ready-to-cook squab),297
174475,squab,squab,199
174476,serving,serving ( 3 oz ),85
174476,fan,fan fillet,513
174477,serving,serving ( 3 oz ),85
174477,steak,steak,394
174478,oz,oz,28.333
174478,flat,flat fillet,354
174479,oz,oz,28.333
174479,full,full rump,695
174480,serving,serving ( 3 oz ),85
174480,steak,steak,244
174481,patty,patty,109
174481,patty,patty,108.75
174482,patty,patty,93
174482,serving,serving ( 3 oz ),85
174483,serving,serving ( cooked from 4oz raw),85
174483,oz,oz,28.35
174484,serving,serving (cooked from 4 oz raw),85
174484,oz,oz,28.35
174485,serving,serving (cooked from 4 oz raw),85
174485,oz,oz,28.35
174486,serving,serving ( 3 oz ),85
174487,serving,serving ( cooked from 4 oz raw),85
174487,oz,oz,28.35
174488,serving,serving ( 3 oz ),85
174489,serving,serving (cooked from 4 oz raw),85
174489,oz,oz,28.35
174489,lb,lb,453
174490,serving,serving ( 3 oz ),85
174491,oz,oz,28.333
174491,liver,liver,44
174492,oz,oz,28.333
174493,oz,oz,28.25
174493,patty,patty (cooked from 4 oz raw),85
174493,lb,lb,453
174494,oz,oz,28.333
174495,oz,oz,28.333
174496,oz,oz,28.333
174496,lb,lb,453
174497,oz,oz,28.333
174497,drumstick,drumstick without skin,95
174497,drumstick,drumstick with skin,105
174498,oz,oz,28.333
174498,thigh,thigh without skin,111
174498,thigh,thigh with skin,129
174499,oz,oz,28.25
174499,drumstick,drumstick with skin,143
174499,drumstick,drumstick without skin,136
174500,oz,oz,28.333
174500,thigh,thigh with skin,130
174500,thigh,thigh without skin,112
174501,oz,oz,28.333
174502,oz,oz,28.25
174503,oz,oz,28.333
174504,oz,oz,28.333
174504,drumstick,drumstick with skin,106
174504,drumstick,drumstick without skin,95
174505,oz,oz,28.333
174505,thigh,thigh with skin,130
174505,thigh,thigh without skin,112
174506,oz,oz,28.333
174506,back,back,182
174507,oz,oz,28.25
174508,oz,oz,28.333
174509,oz,oz,28.25
174509,lb,lb,453
174510,oz,oz,28.333
174511,oz,oz,28.25
174511,lb,lb,453
174512,oz,oz,28.333
174512,lb,lb,453
174513,oz,oz,28.25
174513,breast,breast,1171
174514,oz,oz,28.333
174514,breast,breast,852
174515,oz,oz,28.25
174515,breast,breast,1150
174516,breast,breast,863
174516,oz,oz,28.333
174517,oz,oz,28.25
174517,wing,wing,518
174518,oz,oz,28.25
174518,thigh,thigh,454
174519,oz,oz,28.333
174519,breast,breast,1654
174520,oz,oz,28.25
174520,back,back,1245
174521,oz,oz,28.333
174521,back,back,949
174522,cup,cup,248
174523,tbsp,tbsp,17
174523,cup,cup,286
174523,cup,cup,279
174524,tbsp,tbsp,18
174524,cup,cup,260
174524,cup,cup,259
174525,cup,cup,250
174525,cup,cup,250
174526,cup,cup,250
174526,cup,cup,250
174527,tsp,tsp,4.7
174527,tsp,tsp,4.8
174528,tsp,tsp,4.7
174528,tsp,tsp,4.8
174529,tbsp,tbsp,18
174530,cup,cup,245
174531,tbsp,tbsp,18
174532,cup,cup,216
174533,cup,cup,245
174534,cup,cup,253
174535,cup,cup,245
174536,cup,cup,249
174537,cup,cup (8 fl oz),248
174537,fl oz,fl oz,31
174537,can,"can (10.75 oz), prepared",602
174538,cup,cup,252
174539,serving,serving 1 cup,252
174539,fl oz,fl oz,31.5
174540,serving,serving 1 cup,252
174540,fl oz,fl oz,31.5
174541,cup,cup (8 fl oz),248
174541,can,"can (10.75 oz), prepared",602
174544,tbsp,tbsp,16
174544,cup,cup,292
174544,cup,cup,283
174545,serving,serving 1 cup,243
174546,serving,serving 1 cup,252
174546,fl oz,fl oz,31.5
174547,cup,cup condensed,248
174548,cup,cup,243
174548,can,can,526
174549,cup,cup (8 fl oz),244
174549,can,"can (10.75 oz), prepared",593
174550,cup,cup (8 fl oz),247
174550,can,"can (11 oz), prepared",600
174551,cup,cup (8 fl oz),244
174551,can,"can (10.75 oz), prepared",593
174552,cup,cup,206
174552,can,can,527
174553,cup,cup,244
174553,fl oz,fl oz,30.5
174553,can,"can (10.75 oz), prepared",593
174554,serving,serving 1 cup,249
174554,fl oz,fl oz,31.1
174555,serving,serving 1 cup,248
174555,fl oz,fl oz,31
174556,cup,cup,251
174556,can,can,519
174557,cup,cup (8 fl oz),241
174557,can,"can (10.5 oz), prepared",586
174558,cup,cup (8 fl oz),244
174558,can,"can (10.75 oz), prepared",593
174559,cup,cup (8 fl oz),244
174559,can,"can (10.75 oz), prepared",593
174560,cup,cup (8 fl oz),241
174560,can,"can (10.5 oz), prepared",586
174561,serving,serving 1 cup,259
174561,fl oz,fl oz,32.4
174562,cup,cup,244
174562,fl oz,fl oz,30.5
174562,can,"can (10.75 oz), prepared",593
174563,cup,cup (8 fl oz),241
174563,fl oz,fl oz,30.1
174563,can,"can (10.5 oz), prepared",586
174564,cup,cup,241
174564,can,"can (10.5 oz), prepared",586
174565,cup,cup (8 fl oz),244
174565,can,"can (10.75 oz), prepared",593
174566,cup,cup (8 fl oz),243
174566,cube,cube (6 fl oz prepared),182
174567,cup,cup 8 fl oz,261
174567,fl oz,fl oz,32.6
174568,serving,serving 1 cup,230
174568,fl oz,fl oz,28.7
174569,cup,cup 8 fl oz,265
174570,slice,slice oval,9.3
174570,slice,slice rectangle,13.8
174571,oz,oz,28.35
174571,slice,"slice (4-1/4"" x 4-1/4"" x 1/16"")",21
174572,slice,slice,28
174572,slice,slice NFS,28
174572,cup,cup wafer slices or shaved,81
174572,cubic,cubic inch,14
174572,oz,oz,28.5
174573,oz,oz,28.35
174573,slice,slice (15 per 8 oz package),15
174574,slice,slices,28.409
174575,oz,oz,28.333
174575,piece,piece,2
174575,oz,oz,28
174576,slice,slice,38
174576,slice,slices,28.5
174577,oz,oz,28.333
174577,sausage,"sausage (10"" long x 1-1/4"" dia)",227
174578,patty,patty,27
174578,link,link,23
174578,serving,serving,48
174579,link,"link (raw dimensions: 4"" long x 7/8"" dia), cooked",13
174579,patty,"patty, cooked (raw dimensions: 3-7/8"" dia x 1/4"" thick)",27
174580,cup,cup,128
174581,tbsp,tbsp,13
174581,oz,oz,28.35
174582,slice,slice,9.8
174582,oz,oz,28
174582,slice,slices 1 serving,9
174583,tbsp,tbsp,15
174583,oz,oz,28.35
174584,link,"link (4"" long x 1-1/8"" dia)",68
174584,link,"link, little (2"" long x 3/4"" dia)",16
174585,oz,oz,28.333
174586,link,link,87
174587,slice,"slice (4"" dia x 1/8"" thick)",23
174587,oz,oz,28.35
174588,slice,"slice (4"" dia x 1/8"" thick)",23
174588,oz,oz,28.35
174589,serving,serving (1 slice),28
174590,link,link,9
174590,serving,serving,57
174591,serving,serving,45
174592,serving,serving,14
174592,slice,slice 12 oz pkg,16
174592,slice,slice 6 oz pkg,9.8
174593,serving,serving,30
174594,oz,oz (1 serving),28
174595,serving,serving 2.96 oz,84
174596,cup,cup,220
174597,serving,serving .25 cup,57
174598,oz,oz,28.409
174599,oz,oz,28.35
174600,link,link,28
174600,package,package,450
174601,serving,serving 2.7 oz,77
174602,oz,oz,28
174603,oz,oz,28
174604,serving,serving 2 oz,56
174605,link,link,84
174606,oz,oz,28
174607,serving,serving 2 oz,56
174608,serving,serving 2 oz,56
174609,serving,serving 2 oz,56
174610,oz,oz,28.35
174611,oz,oz (1 serving),28.351
174612,slice,slice,28
174613,oz,oz (1 serving),28.402
174614,frankfurter,frankfurter,48
174614,package,package,451
174615,serving,serving (1 hot dog),52
174616,link,link,19
174617,serving,serving,57
174618,serving,serving,43
174619,cup,cup (1 NLEA serving),40
174620,cup,cup (1 NLEA serving),42.667
174621,cup,cup (1 NLEA serving),36
174622,cup,cup (1 NLEA serving),56
174623,cup,cup (1 NLEA serving),56
174624,packet,packet,35
174625,packet,packet,37
174626,cup,cup (1 NLEA serving),80
174628,cup,cup (1 NLEA serving),30
174629,cup,cup,148
174630,cup,cup (1 NLEA serving),164
174631,cup,cup (1 NLEA serving),40
174632,cup,cup (1 NLEA serving),60
174633,cup,cup (1 NLEA serving),37.333
174634,cup,cup (1 NLEA serving),33
174635,cup,cup (1 NLEA serving),64
174636,packet,packet (1 NLEA serving),43
174637,packet,packet (1 NLEA serving),50
174638,packet,packet (1 NLEA serving),41
174639,cup,cup (1 NLEA serving),73.333
174640,cup,cup,80
174641,cup,cup,80
174642,cup,cup,21.805
174643,cup,cup (1 NLEA serving),36
174643,cup,cup,37
174644,cup,cup (1 NLEA serving),30
174645,cup,cup (1 NLEA serving),33
174646,cup,cup (1 NLEA serving),40
174647,cup,cup (1 NLEA serving),38.667
174648,cup,cup (1 NLEA serving),28
174649,cup,cup (1 NLEA serving),29
174650,bar,bar,25
174651,serving,serving (3 T dry cereal plus 1 cup water),268
174652,cup,cup (1 NLEA serving),34.667
174653,cup,cup (1 NLEA serving),69.333
174654,cup,cup (1 NLEA serving),73.333
174655,tbsp,tablespoon (1 NLEA serving),11
174655,tbsp,tbsp,13.8
174655,cup,cup,174
174656,tbsp,tbsp,8.9
174656,cup,cup,128
174657,cup,cup (1 NLEA serving),34.667
174658,cup,cup (1 NLEA serving),98
174659,cup,cup (1 NLEA serving),42.667
174660,packet,packet,41
174661,packet,packet,33
174662,packet,packet (1 NLEA serving),31
174663,cup,cup (1 NLEA serving),38.667
174664,cup,cup (1 NLEA serving),40
174665,cup,cup,149
174665,fig,fig,8.4
174666,cup,cup,259
174667,cup,cup,237
174668,cup,cup,237
174669,cup,cup,245
174670,cup,cup,249
174671,cup,cup,252
174672,cup,cup,259
174673,cup,"cup sections, with juice",230
174673,fruit,"fruit (3-3/4"" dia)",246
174673,nlea,NLEA serving,154
174674,cup,"cup sections, with juice",230
174674,fruit,"fruit (3-3/4"" dia)",246
174675,cup,"cup sections, with juice",230
174675,fruit,"fruit (3-3/4"" dia)",246
174676,cup,"cup sections, with juice",230
174676,fruit,"fruit (3-3/4"" dia)",236
174677,cup,"cup sections, with juice",230
174677,fruit,"fruit (3-3/4"" dia)",236
174678,cup,cup,257
174678,fl oz,fl oz,30.75
174679,cup,cup,250
174679,fl oz,fl oz,31.2
174680,can,can (6 fl oz),207
174681,cup,cup,247
174681,fl oz,fl oz,30.9
174682,cup,cup,92
174682,grape,grape,2.4
174683,cup,cup,151
174683,grape,grapes,4.9
174683,nlea,NLEA serving,126
174684,cup,cup,245
174685,cup,cup,256
174686,cup,cup,238
174687,cup,"cup, sliced",165
174687,cup,"cup 1"" pieces",151
174688,oz,oz,28.333
174688,fillet,fillet,135
174689,oz,oz,28.333
174689,fillet,fillet,135
174690,oz,oz,28.333
174690,fillet,fillet,135
174691,oz,oz,28.25
174691,fillet,fillet,178
174691,roast,roast,844
174692,oz,oz,28.25
174692,fillet,fillet,166
174692,roast,roast,866
174693,oz,oz,28.333
174693,fillet,fillet,121
174694,oz,oz,28.333
174694,fillet,fillet,124
174695,oz,oz,28.25
174695,fillet,fillet,186
174695,roast,roast,955
174696,oz,oz,28.25
174696,fillet,fillet,164
174696,roast,roast,901
174697,oz,oz,28.25
174697,fillet,fillet,163
174697,roast,roast,938
174698,oz,oz,28.25
174698,fillet,fillet,167
174698,roast,roast,847
174699,oz,oz,28.25
174699,steak,steak,249
174700,oz,oz,28.25
174700,steak,steak,267
174701,oz,oz,28.333
174701,fillet,fillet,135
174702,oz,oz,28.333
174702,fillet,fillet,138
174703,oz,oz,28.333
174703,fillet,fillet,129
174704,oz,oz,28.333
174704,steak,steak,165
174705,oz,oz,28.333
174705,steak,steak,156
174706,oz,oz,28.25
174706,steak,steak,223
174707,oz,oz,28.25
174707,steak,steak,238
174708,oz,oz,28.333
174708,roast,roast,634
174709,oz,oz,28.333
174709,roast,roast,677
174710,oz,oz,28.333
174710,roast,roast,571
174711,oz,oz,28.25
174711,fillet,fillet,173
174711,roast,roast,852
174712,oz,oz,28.333
174712,steak,steak,236
174713,oz,oz,28.333
174713,steak,steak,234
174714,oz,oz,28.333
174714,steak,steak,235
174715,oz,oz,28.333
174716,oz,oz,28.25
174717,oz,oz,28.333
174718,oz,oz,28.25
174719,oz,oz,28.333
174720,oz,oz,28.25
174721,oz,oz,28.333
174722,oz,oz,28.25
174723,oz,oz,28.25
174724,oz,oz,28.333
174725,oz,oz,28.25
174726,oz,oz,28.25
174727,oz,oz,28.25
174728,oz,oz,28.333
174729,oz,oz,28.25
174730,oz,oz,28.333
174731,oz,oz,28.25
174732,oz,oz,28.333
174733,oz,oz,28.333
174734,oz,oz,28.25
174735,oz,oz,28.25
174736,oz,oz,28.25
174737,oz,oz,28.333
174738,oz,oz,28.25
174739,oz,oz,28.333
174740,oz,oz,28.25
174741,oz,oz,28.333
174742,oz,oz,28.25
174743,oz,oz,28.333
174744,oz,oz,28.25
174745,oz,oz,28.333
174746,oz,oz,28.25
174747,oz,oz,28.333
174748,oz,oz,28.333
174749,oz,oz,28.25
174750,oz,oz,28.25
174751,oz,oz,28.333
174752,oz,oz,28.333
174753,oz,oz,28.333
174754,oz,oz,28.333
174755,oz,oz,28.333
174756,oz,oz,28.333
174757,oz,oz,28.25
174758,oz,oz,28.333
174759,oz,oz,28.333
174760,oz,oz,28.25
174761,oz,oz,28.25
174761,lb,lb,453.6
174762,oz,oz,28.25
174762,lb,lb,453.6
174763,oz,oz,28.25
174763,lb,lb,453.6
174764,oz,oz,28.333
174764,lb,lb,453.6
174765,oz,oz,28.25
174765,lb,lb,453.6
174766,oz,oz,28.25
174766,lb,lb,453.6
174767,oz,oz,28.333
174767,lb,lb,453.6
174768,oz,oz,28.333
174768,lb,lb,453.6
174769,oz,oz,28.333
174769,serving,serving,85
174770,oz,oz,28.25
174770,roast,roast,261
174771,oz,oz,28.333
174771,roast,roast,591
174772,oz,oz,28.25
174772,roast,roast,271
174773,oz,oz,28.333
174773,roast,roast (yield from 666 g raw meat),547
174774,oz,oz,28.333
174774,steak,steak,383
174775,oz,oz,28.333
174775,steak,steak (yield from 467 g raw meat),379
174776,oz,oz,28.25
174776,steak,steak,188
174777,oz,oz,28.25
174777,steak,steak,173
174778,oz,oz,28.35
174779,roll,Roll,23
174780,bar,bar,55
174781,bar,bar,55
174782,bar,bar,22
174783,oz,oz,28.35
174783,bag,Bag,28
174783,package,package,34
174784,oz,oz,28.35
174785,cup,cup,7.9
174785,bag,bag,87
174786,bar,bar,80
174787,bar,bar,48
174788,oz,oz,28.35
174789,oz,oz,28.35
174790,large,large,143
174790,medium,medium,115
174790,small,small,62
174791,oz,oz,28.35
174792,bar,bar,50
174793,bar,bar,78
174794,bar,bar,35
174795,bar,bar,60
174796,oz,oz,28.35
174797,bar,bar,20
174797,bar,bar,20
174798,package,package,20
174799,bar,bar,68
174800,bar,bar,24
174801,bar,bar,35
174802,bar,bar,35
174803,bar,bar,38
174804,oz,oz,28.35
174804,piece,pieces average,1.697
174805,piece,pieces,1.217
174805,bag,bag,227
174806,serving,serving,30
174807,cup,cup,241
174808,cup,cup,233
174809,fl oz,fl oz,30
174810,fl oz,fl oz,30.8
174810,can,"can (6.8 fl oz, 200 ml)",209
174811,fl oz,fl oz,32.3
174811,fl oz,fl oz,32.5
174812,fl oz,fl oz,30.4
174812,portion,portion (2 oz mix + 1.5 oz whiskey),106
174813,scoop,scoop,44
174814,fl oz,fl oz,29.571
174815,fl oz,fl oz,27.8
174815,jigger,jigger (1.5 fl oz),42
174816,can,can,250
174817,fl oz,fl oz,27.8
174817,fl oz,fl oz,28
174818,fl oz,fl oz,27.8
174818,fl oz,fl oz,28
174819,fl oz,fl oz,27.8
174819,jigger,jigger (1.5 fl oz),42
174820,fl oz,fl oz,30
174820,cup,cup,240
174821,fl oz,fl oz,30
174822,fl oz,fl oz,30
174823,fl oz,fl oz,31.75
174824,tbsp,tbsp,5.5
174825,can,can,355
174826,can,can,355
174827,fl oz,fl oz,30
174828,fl oz,fl oz,29.562
174829,serving,serving 8 oz,245
174830,serving,serving 8 oz,246
174831,cup,cup,245
174832,cup,cup,262
174837,fl oz,fl oz,29.4
174837,serving,serving (5 fl oz),147
174842,fl oz,fl oz,29.6
174842,can,can or bottle (16 fl oz),474
174842,can,can or bottle (12 fl oz),355
174846,fl oz,fl oz,30.5
174846,can,can or bottle (16 fl oz),488
174846,can,can or bottle (12 fl oz),366
174847,fl oz,fl oz,30.6
174847,serving,serving (8 fl oz),245
174847,serving,serving (12 fl oz),368
174847,serving,serving (16.9 fl oz),518
174850,fl oz,fl oz,29.6
174850,can,can or bottle (16 fl oz),474
174850,can,can (12 fl oz),355
174850,drink,"drink, small (16 fl oz)",474
174850,drink,"drink, medium (22 fl oz)",651
174850,drink,"drink, large (32 fl oz)",947
174850,drink,"drink, extra large (44 fl oz)",1302
174851,fl oz,fl oz,30.7
174851,serving,serving 12 fl oz,368
174851,serving,serving 16 fl oz,491
174852,fl oz,fl oz,30.7
174852,can,can or bottle (12 fl oz),370
174852,can,can or bottle (16 fl oz),492
174852,drink,"drink, small (16 fl oz)",492
174852,drink,"drink, medium (22 fl oz)",676
174852,drink,"drink, large (32 fl oz)",984
174852,drink,"drink, extra large (44 fl oz)",1353
174853,fl oz,fl oz,29.6
174853,can,can (8 fl oz),355
174854,fl oz,fl oz,31
174854,can,can or bottle (16 fl oz),496
174854,can,can or bottle (12 fl oz),372
174855,cup,cup,268
174856,fl oz,fl oz,28.375
174858,serving,serving,18
174858,cup,cup,218
174859,fl oz,fl oz,33
174859,cup,cup 8 fl oz,264
174860,serving,serving,18
174860,scoop,scoop (2 tbsp),58
174861,fl oz,fl oz,31.8
174861,cup,cup 8 fl oz,255
174862,fl oz,fl oz,30.9
174862,cup,cup 8 fl oz,247
174863,fl oz,fl oz,29.6
174863,cup,cup,237
174864,serving,serving (4 tbsp or 1 envelope),21
174864,individual,individual serving (4-5 heaping tsp or 1 envelope),21
174865,cup,cup (8 fl oz),265
174866,serving,serving (3 heaping tsp or 1 envelope),21
174867,cup,cup (8 fl oz),265
174868,fl oz,fl oz,31
174868,cup,cup (8 fl oz),248
174869,serving,serving (2-3 heaping tsp),22
174870,cup,cup (8 fl oz),266
174871,fl oz,fl oz,29.6
174871,fl oz,fl oz,29.667
174871,cup,cup (8 fl oz),237
174872,serving,serving 2 tsp,0.7
174873,fl oz,fl oz,29.7
174873,serving,serving 6 fl oz,178
174873,serving,serving 8 fl oz,238
174874,oz,oz,28.333
174875,oz,oz,28.25
174876,oz,oz,28.333
174877,oz,oz,28.25
174878,oz,oz,28.25
174879,oz,oz,28.333
174880,oz,oz,28.333
174880,cutlet,cutlet,44
174881,oz,oz,28.333
174881,chop,chop,352
174882,oz,oz,28.25
174883,oz,oz,28.333
174884,oz,oz,28.25
174885,oz,oz,28.333
174885,leg,"leg bottom, boneless",723
174886,oz,oz,28.333
174886,leg,"leg hindshank, heel on",418
174887,oz,oz,28.25
174887,leg,"leg hindshank, heel on",530
174888,oz,oz,28.333
174888,roast,roast,121
174889,oz,oz,28.333
174889,roast,roast,329
174890,oz,oz,28.333
174890,roast,roast,447
174891,oz,oz,28.333
174892,oz,oz,28.25
174893,oz,oz,28.333
174893,leg,"leg hindshank, heel on",418
174894,oz,oz,28.25
174894,leg,"leg hindshank, heel on",530
174895,oz,oz,28.333
174895,leg,leg trotter off,1808
174896,oz,oz,28.25
174896,leg,leg trotter off,2674
174897,oz,oz,28.333
174897,roast,roast,121
174898,oz,oz,28.333
174898,chop,chop,43
174899,bagel,bagel,99
174899,mini,"mini bagel (2-1/2"" dia)",26
174899,small,"small bagel (3"" dia)",69
174899,medium,"medium bagel (3-1/2"" to 4"" dia)",105
174899,large,"large bagel (4-1/2"")",131
174899,oz,oz,28.35
174900,mini,"mini bagel (2-1/2"" dia)",24
174900,small,"small bagel (3"" dia)",65
174900,medium,"medium bagel (3-1/2"" to 4"" dia)",99
174900,large,"large bagel (4-1/2"")",123
174900,oz,oz,28.35
174901,oz,oz,28.35
174901,mini,"mini bagel (2-1/2"" dia)",26
174901,small,"small bagel (3"" dia)",69
174901,medium,"medium bagel (3-1/2"" to 4"" dia)",105
174901,large,"large bagel (4-1/2"" dia)",131
174902,cup,"cup, purchased",120
174902,cup,"cup, homemade",114
174902,cup,"cup, poured from box",128
174902,cup,"cup, spooned into cup",120
174902,cup,cup (NLEA serving size),121.212
174902,oz,oz,28.35
174903,oz,oz,28.35
174904,serving,serving 1 biscuit,58
174904,oz,oz,28.35
174905,oz,oz,28.35
174905,biscuit,"biscuit (2-1/4"" dia)",21
174906,oz,oz,28.35
174906,individual,individual loaf (include Keebler Elfin Loaves),57
174906,slice,slice,60
174907,oz,oz,28.35
174907,slice,slice,45
174908,oz,oz,28.35
174908,package,package (8.5 oz),241
174909,muffin,muffin,51
174909,piece,piece,60
174909,oz,oz,28.35
174910,oz,oz,28.35
174910,piece,piece,65
174911,oz,oz,28.35
174911,slice,"slice, small",29
174911,slice,"slice, medium",59
174911,slice,"slice, large",88
174912,oz,oz,28.35
174913,oz,oz,28.35
174913,slice,slice,29
174914,oz,oz,28.35
174914,slice,slice regular,24
174914,slice,slice large,38
174915,pita,"pita, large (6-1/2"" dia)",60
174915,pita,"pita, small  (4"" dia)",28
174916,pita,"pita, large (6-1/2"" dia)",64
174916,pita,"pita, small  (4"" dia)",28
174917,oz,oz,28.35
174917,slice,slice,19
174918,oz,oz,28.35
174918,slice,"slice, regular",26
174918,slice,"slice, snack-size",7
174918,slice,"slice, thin",20
174918,slice,"slice (5"" x 4"" x 3/8"")",32
174919,oz,oz,28.35
174919,slice,slice,23
174920,oz,oz,28.35
174920,slice,slice,23
174920,slice,"slice, thick",32
174920,slice,"slice, thin",20
174921,oz,oz,28.35
174921,slice,slice,21
174922,oz,oz,28.35
174922,slice,slice,23
174923,oz,oz,28.35
174923,slice,slice,27
174924,slice,slice,29
174924,oz,oz,28.35
174924,cup,"cup, crumbs",45
174924,cup,"cup, cubes",35
174924,slice,"slice, large",30
174924,slice,slice,25
174924,slice,slice crust not eaten,12
174924,slice,"slice, thin",20
174924,slice,"slice thin, crust not eaten",9
174924,slice,"slice, very thin",15
174925,oz,oz,28.35
174925,cup,"cup, crumbs",45
174925,cup,"cup, cubes",42
174925,slice,"slice, large",27
174925,slice,slice crust not eaten,11
174925,slice,"slice, thin",17
174925,slice,"slice thin, crust not eaten",8
174925,slice,"slice, very thin",13
174925,slice,slice,22
174926,oz,oz,28.35
174926,slice,slice,44
174927,oz,oz,28.35
174927,slice,slice,42
174927,slice,"slice, thin (3-3/4"" x 5"" x 3/8"")",33
174928,oz,oz,28.35
174928,cup,cup,108
174929,cup,"cup, small pieces",46
174929,stick,"stick, small (approx 4-1/4"" long)",5
174929,stick,"stick (7-5/8"" x 5/8"")",10
174929,stick,"stick (9-1/4"" x 3/8"")",6
174930,oz,oz,28.35
174930,package,package (6 oz),170
174931,oz,oz,28.35
174931,cup,cup,200
174932,oz,oz,28.35
174932,package,package (18 oz),510
174933,oz,oz,28.35
174933,piece,piece (1/8 cake),71
174934,piece,piece (1/12 of a cake),138
174934,cake,cake,1660
174934,piece,piece (1/8 of 18 oz cake),64
174934,oz,oz,28.35
174935,oz,oz,28.35
174935,package,package (18.25 oz),517
174936,oz,oz,28.35
174936,piece,piece (1/6 of 19 oz cake),90
174937,oz,oz,28.35
174937,piece,piece (1/8 cake),50
174938,oz,oz,28.35
174938,piece,"piece (1/8 of 8"" x 5-3/4"" cake)",56
174939,oz,oz,28.35
174939,piece,piece,43
174940,piece,piece (1/10 of 10.6 oz cake),30
174940,piece,piece (1/12 of 12 oz cake),28
174940,snack,snack cake (2.5 oz),71
174941,oz,oz,28.35
174942,oz,oz,28.35
174942,cupcake,cupcake,50
174943,oz,oz,28.35
174943,cake,cake,42
174944,piece,piece (1/12 of a cake),144
174944,cake,cake,1729
174944,piece,piece (1/8 of 18 oz cake),64
174944,oz,oz,28.35
174945,serving,serving,67
174945,oz,oz,28.35
174946,oz,oz,28.35
174946,package,package (18.50 oz),524
174947,serving,serving,43
174947,package,package (18.50 oz),524
174947,oz,oz,28.35
174948,oz,oz,28.35
174948,package,package (21.5 oz),610
174949,oz,oz,28.35
174949,brownie,"brownie (2"" square)",24
174950,oz,oz,28.35
174950,cookie,cookie,5
174951,oz,oz,28.35
174951,cookie,cookie,21
174952,oz,oz,28.35
174952,package,package (17.5 oz),496
174953,serving,serving,33
174953,portion,"portion, dough spoon from roll",29
174953,oz,oz,28.35
174954,oz,oz,28.35
174954,cookie,"cookie, medium (2-1/4"" dia)",12
174955,oz,oz,28.35
174955,bar,"bar (2"" square)",32
174955,cookie,"cookie, medium (2-1/4"" dia)",16
174956,oz,oz,28.35
174956,cookie,cookie,7
174956,large,"large (approx 3-1/2"" to 4"" dia)",32
174957,oz,oz,28.35
174957,cracker,cracker,15
174957,cup,"cup, crushed",84
174957,large,large rectangular piece or 2 squares or 4 small rectangular pieces,14
174958,piece,pieces,9
174958,oz,oz,28.35
174959,oz,oz,28.35
174959,anisette,"anisette sponge (4"" x 1-1/8"" x 7/8"")",13
174959,breakfast,"breakfast treat (approx 4"" x 2"" x 7/8"")",24
174959,ladyfinger,ladyfinger,11
174960,oz,oz,28.35
174960,package,package (17.5 oz),496
174961,oz,oz,28.35
174961,portion,"portion, dough for 1 cookie",16
174962,oz,oz,28.35
174962,cookie,cookie,12
174963,oz,oz,28.35
174963,cookie,cookie,24
174964,oz,oz,28.35
174964,cookie,"cookie (3"" dia)",20
174965,oz,oz,28.35
174965,cookie,cookie,14
174966,oz,oz,28.35
174966,cookie,cookie,15
174967,oz,oz,28.35
174967,cookie,cookie,11.8
174968,oz,oz,28.35
174968,cookie,"cookie (2"" dia)",14
174969,oz,oz,28.35
174969,cookie,cookie,10
174970,oz,oz,28.35
174970,wafer,wafer,4
174971,oz,oz,28.35
174971,cookie,cookie,17
174972,serving,serving,33
174972,cookie,cookie dough for 1rolled cookie,17
174972,cookie,cookie 1 pre-sliced cookie dough,26
174972,oz,oz,28.35
174973,oz,oz,28.35
174973,cup,"cup, crumbs",80
174973,large,large,6
174973,medium,medium,4
174973,small,small,3
174974,wafer,wafers,3.75
174974,wafer,wafers mini wafers,1.45
174975,oz,oz,28.4
174975,cup,"cup, bite size",62
174975,cup,"cup, crushed",72
174975,gold,gold fish,0.6
174975,bag,"bag, single serving",28
174975,snack,snack stick,2
174975,cracker,"cracker (1"" square)",1
174976,oz,oz,28.4
174976,cup,"cup, crushed",83
174976,cracker,cracker,6.5
174976,sandwich,sandwich,6.5
174977,oz,oz,28.4
174977,cup,cup pieces,30
174977,cup,"cup, rounds",33
174977,melba,melba round,3
174977,piece,"piece (3-3/4"" x 1-3/4"" x 1/8"")",5
174978,oz,oz,28.4
174978,toast,toast,5
174979,oz,oz,28.4
174979,toast,toast,5
174980,oz,oz,28.4
174980,cracker,cracker,11
174981,oz,oz,28.4
174981,rusk,rusk,10
174982,cracker,crackers,3.2
174982,cracker,"crackers, regular size, round (1 serving)",3.2
174982,cracker,"cracker, round",3.2
174982,cracker,"cracker, rectangular",4
174982,cup,cup crushed,52
174983,oz,oz,28.4
174983,cracker,"cracker, sandwich",7
174984,oz,oz,28.4
174984,cracker,"cracker, sandwich",7
174985,cracker,crackers 1 serving,2.125
174985,cracker,crackers 1 serving,7.25
174986,oz,oz,28.35
174986,eclair,"eclair (5"" x 2"" x 1-3/4"")",48
174986,cream,cream puff shell,66
174987,oz,oz,28.35
174987,croissant,"croissant, mini",28
174987,croissant,"croissant, small",42
174987,croissant,"croissant, medium",57
174987,croissant,"croissant, large",67
174988,oz,oz,28.35
174988,croissant,"croissant, medium",57
174989,oz,oz,28.35
174989,croissant,"croissant, small",42
174989,croissant,"croissant, medium",57
174989,croissant,"croissant, large",67
174990,donut,donut,40
174990,oz,oz,28.35
174990,doughnut,doughnut stick,52
174990,doughnut,"doughnut, long type (twist) (4-1/2"" long)",52
174990,doughnut,"doughnut medium (3-1/4"" dia)",54
174990,doughnut,"doughnut, mini (1-1/2"" dia) or doughnut hole",14
174990,doughnut,"doughnut, large (4"" dia)",71
174991,oz,oz,28.35
174991,donette,"donettes (2"" dia)",18
174991,doughnut,"doughnut, medium (approx 3"" dia)",43
174991,doughnut,"doughnut large (approx 3-1/2"" dia)",67
174992,oz,oz,28.35
174992,doughnut,"doughnut, medium (approx 3"" dia)",45
174993,oz,oz,28.35
174993,doughnut,"doughnut (3-3/4"" dia)",60
174993,doughnut,"doughnut, medium (approx 3"" dia)",42
174994,oz,oz,28.35
174994,muffin,muffin,57
174995,oz,oz,28.35
174995,muffin,muffin,52
174996,oz,oz,28.35
174996,muffin,muffin,66
174997,oz,oz,28.35
174997,muffin,muffin,57
174998,oz,oz,28.35
174998,slice,slice,65
174999,oz,oz,28.35
174999,cup,cup,152
174999,hush,hush puppy,22
175000,oz,oz,28.35
175000,cone,cone,4
175000,large,large waffle cone,29
175001,oz,oz,28.35
175001,cone,cone,10
175002,oz,oz,28.35
175002,mini,mini,17
175002,small,small,66
175002,medium,medium,113
175002,large,large,139
175002,extra-large,extra large,168
175003,oz,oz,28.35
175004,oz,oz,28.35
175004,muffin,"muffin, toaster",33
175005,oz,oz,28.35
175005,muffin,"muffin (2-3/4"" dia x 2"")",57
175006,oz,oz,28.35
175006,pancake,"pancake (4"" dia)",38
175006,pancake,"pancake (6"" dia)",77
175007,oz,oz,28.35
175007,cup,"cup, poured from box",112
175008,oz,oz,28.35
175008,pancake,"pancake (4"" dia)",38
175008,pancake,"pancake (6"" dia)",77
175009,oz,oz,28.35
175009,pancake,"pancake (4"" dia)",38
175009,pancake,"pancake (6"" dia)",77
175010,oz,oz,28.35
175010,pancake,"pancake (4"" dia)",44
175010,pancake,"pancake (6"" dia)",129
175011,oz,oz,28.35
175011,piece,"piece (1/8 of 9"" dia)",125
175011,piece,"piece (1/6 of 8"" pie)",117
175012,oz,oz,28.35
175012,piece,"piece (1/8 of 9"" dia)",155
175013,oz,oz,28.35
175013,piece,"piece (1/8 of 9"" dia)",92
175013,piece,"piece (1/6 of 8"" pie)",123
175014,serving,serving .167 pie,120
175014,oz,oz,28.35
175014,piece,"piece (1/4 of 6"" pie)",99
175014,piece,"piece (1/6 of 8"" pie)",113
175015,oz,oz,28.35
175015,piece,"piece (1/8 of 9"" dia)",95
175016,oz,oz,28.35
175016,piece,"piece (1/6 of 7"" pie)",64
175016,piece,"piece (1/8 of 7"" pie)",48
175017,oz,oz,28.35
175017,piece,"piece (1/8 of 9"" dia)",94
175018,oz,oz,28.35
175018,piece,"piece (1/8 of 9"" dia)",127
175019,oz,oz,28.35
175019,piece,"piece (1/8 of 9"" dia)",165
175020,oz,oz,28.35
175020,piece,"piece (1/6 of 8"" pie)",117
175021,oz,oz,28.35
175021,slice,slice,133
175021,pie,pie,833
175022,oz,oz,28.35
175022,package,package (10 oz),284
175023,piece,"piece (1/8 of 9"" crust)",20
175023,crust,"crust, single 9""",160
175024,piece,"piece (1/8 of 9"" crust)",18
175024,pie,pie crust (average weight of 1 frozen crust),173
175025,pie,pie crust (average weight of 1 baked crust),154
175026,piece,"piece (1/8 of 9"" crust)",23
175026,crust,"crust, single 9""",180
175027,oz,oz,28.35
175027,roll,"roll (2-1/2"" dia)",35
175028,oz,oz,28.35
175028,roll,roll,33
175029,large,"large (approx 3-1/2"" to 4"" dia)",43
175029,medium,medium,36
175029,small,"small (2-3/8"" dia)",28
175030,roll,roll (1 oz),28
175031,oz,oz,28.35
175031,roll,"roll (3-1/2"" dia)",57
175032,oz,oz,28.35
175032,piece,piece,71
175033,oz,oz,28.35
175033,roll,roll,66
175034,oz,oz,28.35
175034,large,large,83
175034,roll,"roll (2-3/4"" square)",60
175035,oz,oz,28.35
175035,pastry,pastry,54
175036,oz,oz,28.35
175036,enchilada,enchilada,19
175036,tortilla,tortilla,24
175037,tortilla,tortilla,48
175037,oz,oz,28.35
175037,tortilla,"tortilla medium (approx 6"" dia)",30
175037,package,package,407
175037,tortilla,"tortilla (approx 10"" dia)",72
175037,tortilla,"tortilla (approx 12"" dia)",117
175037,tortilla,"tortilla (approx 7-8"" dia)",49
175038,oz,oz,28.35
175038,waffle,"waffle, square (4"" square) (include frozen)",35
175039,oz,oz,28.35
175039,waffle,"waffle, round (7"" dia)",75
175040,tsp,tsp,4.6
175040,tsp,tsp,4.6
175041,tsp,tsp,3
175041,tsp,tsp,3
175042,cake,cake (0.6 oz),17
175043,tsp,tsp,4
175043,tbsp,tbsp,12
175043,packet,packet,7.2
175044,oz,oz,28.35
175044,slice,slice,25
175045,oz,oz,28.35
175045,muffin,"muffin, toaster",31
175046,oz,oz,28.35
175046,muffin,"muffin, toaster",34
175047,oz,oz,28.35
175047,pancake,"pancake (4"" dia)",38
175047,pancake,"pancake (6"" dia)",77
175048,oz,oz,28.35
175048,waffle,"waffle, round (4"" dia)",33
175048,waffle,"waffle, square (4"" square)",33
175049,oz,oz,28.35
175049,mini,"mini bagel (2-1/2"" dia)",26
175049,small,"small bagel (3"" dia)",69
175049,medium,"medium bagel (3-1/2"" to 4"" dia)",105
175049,large,"large bagel (4-1/2"" dia)",131
175050,oz,oz,28.35
175050,mini,"mini bagel (2-1/2"" dia)",26
175050,small,"small bagel (3"" dia)",69
175050,medium,"medium bagel (3-1/2"" to 4"")",105
175050,large,"large bagel (4-1/2"" dia)",131
175051,oz,oz,28.35
175051,mini,"mini bagel (2-1/2"" dia)",26
175051,small,"small bagel (3"" dia)",69
175051,medium,"medium bagel (3-1/2"" to 4"" dia)",105
175051,large,"large bagel (4-1/2"" dia)",131
175052,oz,oz,28.35
175052,individual,individual cake,57
175052,piece,piece (1/9 of 20 oz cake),63
175053,piece,piece (1/10 of 10.6 oz cake),30
175053,piece,piece (1/12 of 12 oz cake),28
175053,snack,snack cake (2.5 oz),71
175054,oz,oz,28.35
175054,package,package (18.50 oz),524
175055,oz,oz,28.35
175055,package,package (18.50 oz),524
175056,oz,oz,28.4
175056,cup,cup oyster crackers,45
175056,cracker,cracker,3
175056,cracker,"cracker, round large",10
175056,cracker,"cracker, oyster",1
175056,cracker,"cracker, rectangle",6
175057,oz,oz,28.4
175057,cracker,cracker,3
175058,oz,oz,28.4
175058,cup,"cup, bite size",62
175058,cup,"cup, crushed",72
175058,cracker,"cracker, rectangular",4
175058,cracker,"cracker, oval",3
175058,cracker,"cracker, round",3
175059,oz,oz,28.4
175059,cup,"cup, crushed",83
175059,cracker,cracker,2
175059,cracker,"cracker, thin square",2
175060,oz,oz,28.4
175060,cup,cup Cheez-its,62
175060,cup,"cup, crushed",72
175060,gold,gold fish,0.6
175060,cracker,"cracker (1"" square)",1
175061,oz,oz,28.35
175061,pastry,"pastry (4-1/4"" dia)",71
175062,oz,oz,28.35
175062,doughnut,"doughnut, medium (3-1/4"" dia)",60
175063,oz,oz,28.35
175063,muffin,muffin,57
175064,oz,oz,28.35
175064,pie,"pie (5"" x 3-3/4"")",128
175065,crust,"crust, single 9""",142
175065,piece,"piece (1/8 of 9"" crust)",16
175066,oz,oz,28.35
175066,package,package (6 oz),170
175067,oz,oz,28.35
175067,medium,"medium (approx 5"" dia)",13
175067,miniature,"miniature (3"" dia)",5
175068,saltine,saltines,5
175068,saltine,saltines,5
175069,tart,tart,52
175070,serving,serving,24
175071,serving,serving,24
175072,serving,serving,28
175073,serving,serving,26
175074,serving,serving,25
175075,serving,serving,26
175076,serving,serving,25
175077,serving,serving,32
175078,muffin,muffin,31
175079,nlea,NLEA serving (makes 1/2 cup prepared),28
175080,serving,serving,28
175081,serving,serving,41
175082,serving,serving,51
175083,serving,serving,28
175084,serving,serving,11
175085,oz,oz,28.333
175085,piece,"piece, cooked (yield from 1 lb raw meat, boneless)",340
175086,oz,oz,28.35
175086,lb,lb,453.6
175087,oz,oz,28.333
175087,piece,"piece, cooked (yield from 1 lb raw meat, boneless)",340
175088,tsp,"tsp, rounded",1.4
175088,tbsp,"tbsp, rounded",5.65
175089,serving,serving (3 heaping tsp),23
175089,cup,cup,182
175090,cup,cup (8 fl oz),259
175091,tsp,tsp,0.8
175091,tbsp,tbsp (1/4 cup),3.6
175092,fl oz,fl oz,32.1
175092,serving,serving dry mix with 6 fl oz water,192
175093,serving,"serving child 12 fl oz, without ice",258
175093,serving,"serving small 16 fl oz, without ice",347
175093,serving,"serving medium 21 fl oz,  without ice",486
175093,serving,"serving large 32 fl oz,  without ice",722
175094,fl oz,fl oz,35.2
175094,can,can (12 fl oz),423
175095,fl oz,fl oz,29.3
175095,fl oz,fl oz,29.25
175096,fl oz,fl oz,29.6
175096,serving,serving 8 fl oz 8 fl oz,237
175096,liter,liter,1000
175097,fl oz,fl oz,34.8
175097,serving,serving 1.5 fl oz,52
175098,fl oz,fl oz,31.1
175098,fl oz,fl oz,31.333
175099,fl oz,fl oz,29.6
175099,can,can can 12 fl oz,355
175099,bottle,bottle bottle 16 fl oz,473
175099,serving,serving child 12 fl oz,258
175099,serving,serving small 16 fl oz,347
175099,serving,serving medium 21 fl oz,486
175099,serving,serving large 32 fl oz,722
175100,fl oz,fl oz,36.3
175100,can,can,436
175101,fl oz,fl oz,31.3
175101,fl oz,fl oz,31.25
175102,fl oz,fl oz,23.5
175102,serving,serving small 12 fl oz,282
175102,serving,serving medium 16 fl oz,376
175102,serving,serving large 21 fl oz,494
175103,fl oz,fl oz,29.6
175103,bottle,bottle 8 fl oz,237
175103,liter,liter,1000
175103,ice,ice cube (3/4 fl oz),21.333
175104,fl oz,fl oz,29.6
175104,bottle,bottle 16.9 fl oz,500
175104,bottle,bottle 12 fl oz,355
175104,bottle,bottle 20 fl oz,591
175105,fl oz,fl oz,31.6
175105,cup,cup (8 fl oz),253
175106,fl oz,fl oz,29.6
175106,bottle,bottle 16.9 fl oz,500
175106,bottle,bottle 24 fl oz,710
175107,fl oz,fl oz,29.6
175107,bottle,bottle 8 fl oz,237
175107,bottle,bottle 500 ml,500
175108,fl oz,fl oz,30.5
175108,fl oz,fl oz,30.5
175108,fl oz,fl oz,30.417
175109,fl oz,fl oz,29.6
175109,bottle,bottle 16.9 fl oz,501
175109,bottle,bottle 12 fl oz,356
175109,bottle,bottle 23.7 fl oz,703
175110,fl oz,fl oz,30.6
175110,bottle,bottle 8 fl oz,28.375
175110,bottle,bottle 12 fl oz,368
175110,bottle,bottle 20 fl oz,613
175111,fl oz,fl oz,30.6
175111,bottle,bottle 8 fl oz,245
175111,bottle,bottle 12 fl oz,367
175112,fl oz,fl oz,29.5
175112,glass,glass (3.5 fl oz),103
175113,fl oz,fl oz,29.6
175113,can,can (12 fl oz),355
175114,envelope,envelope  Swiss Miss (.53 oz),15
175114,packet,packet (0.675 oz),19
175115,fl oz,fl oz,32.7
175115,fl oz,fl oz,32.75
175116,oz,"oz, boneless",28.35
175116,fillet,fillet,184
175116,oz,oz,28.333
175117,fillet,fillet,143
175117,oz,oz,28.333
175118,cup,cup,140
175118,oz,"oz, boneless",28.35
175118,cubic,cubic inch,20
175118,piece,"piece (1-3/4"" x 7/8"" x 1/2"")",15
175119,fillet,fillet,112
175119,oz,oz,28.333
175120,fillet,fillet,88
175120,oz,oz,28.333
175121,oz,"oz, boneless",28.35
175121,cup,cup,190
175121,cubic,cubic inch,16
175121,can,can (15 oz),361
175122,oz,oz,28.333
175122,fillet,fillet,396
175123,oz,oz,28.35
175123,fillet,fillet,119
175123,oz,oz,28.333
175124,fillet,fillet,93
175124,oz,oz,28.333
175125,oz,"oz, boneless",28.35
175125,fillet,fillet,64
175125,oz,oz,28.333
175126,fillet,fillet,50
175126,oz,oz,28.333
175127,oz,oz,28.333
175127,fillet,fillet,310
175128,oz,oz,28.333
175128,fillet,fillet,159
175129,oz,oz,28.333
175129,fillet,fillet,386
175130,fillet,fillet,77
175130,oz,oz,28.333
175131,fillet,fillet,149
175131,oz,oz,28.333
175132,tbsp,tbsp,14
175132,oz,oz,28.35
175132,can,"can (8 oz), solids and liquid",227
175132,oz,oz,28.333
175133,oz,oz,28.333
175134,oz,oz,28.333
175134,fillet,fillet,386
175135,oz,oz,28.333
175135,can,can,369
175136,oz,oz,28.333
175136,fillet,fillet,396
175137,oz,oz,28.333
175137,fillet,fillet,310
175138,oz,oz,28.333
175138,fillet,fillet,318
175139,cup,"cup, drained",149
175139,oz,oz,28.35
175139,cubic,cubic inch,16
175139,can,can (3.75 oz),92
175139,small,"small (2-2/3"" x 1/2"" x 1/4"")",12
175139,sardine,sardines,12
175140,cup,cup,89
175140,can,can,370
175140,sardine,sardine,38
175141,oz,oz,28.333
175141,oz,"oz, boneless",28.35
175141,fillet,fillet,64
175141,cup,cup,166
175142,fillet,fillet,129
175142,oz,oz,28.333
175143,oz,oz,28.333
175144,oz,oz,28.333
175144,fillet,fillet,238
175145,oz,oz,28.333
175145,fillet,fillet,186
175146,oz,oz,28.333
175147,oz,oz,28.333
175148,oz,oz,28.333
175148,cup,"cup, cooked",136
175148,piece,"piece (4-1/2"" x 2-1/8"" x 7/8"")",145
175148,oz,"oz, boneless",28.35
175148,cubic,"cubic inch, boneless",17
175149,oz,oz,28.35
175149,oz,oz,28.333
175150,oz,oz,28.333
175150,fillet,fillet,159
175151,fillet,fillet,48
175151,oz,oz,28.333
175152,fillet,fillet,300
175152,oz,oz,28.333
175153,fillet,fillet,79
175153,oz,oz,28.333
175154,oz,oz,28.333
175154,fillet,fillet,159
175155,fillet,fillet,143
175155,oz,oz,28.333
175156,oz,oz,28.333
175156,fillet,fillet,396
175157,oz,oz,28.333
175157,can,can,178
175158,oz,oz,28.333
175158,can,can,172
175159,oz,"oz, boneless",28.35
175159,cubic,"cubic inch, boneless",16
175159,oz,oz,28.333
175160,oz,oz,28.333
175160,cup,cup,205
175161,fillet,fillet,72
175161,oz,oz,28.333
175162,oz,oz,28.333
175162,fillet,fillet,306
175163,oz,oz,28.333
175163,fillet,fillet,374
175164,oz,oz,28.333
175164,leg,leg,172
175165,oz,oz,28.333
175165,fillet,fillet,159
175166,fillet,fillet,143
175166,oz,oz,28.333
175167,oz,oz,28.333
175167,fillet,fillet,396
175168,oz,oz,28.333
175168,fillet,fillet,356
175169,oz,oz,28.333
175169,crayfish,crayfish,3.375
175170,oz,oz,28.333
175171,oz,oz,28.333
175171,medium,medium,9.833
175172,oz,oz,28.333
175172,medium,medium,14
175173,oz,oz,28.333
175173,medium,medium,9.833
175174,oz,oz,28.333
175174,can,can total can contents,417
175175,oz,oz,28.333
175175,can,can drained solids (total),315
175176,fillet,fillet,116
175177,fillet,fillet,87
175178,oz,oz,28.333
175179,oz,oz,28.333
175180,oz,oz,28.333
175181,filet,filet,149
175181,fish,fish,332
175182,cup,cup,254
175183,cup,cup,266
175184,cup,cup,259
175185,cup,cup,253
175186,cup,cup,184
175187,cup,cup,185
175188,cup,cup,240
175189,cup,cup,195
175190,cup,cup,183
175191,cup,cup,177
175192,cup,cup,262
175193,cup,cup,184
175194,cup,cup,177
175194,tbsp,tbsp,11
175195,cup,cup,256
175195,tbsp,tbsp,16
175195,can,can,436
175196,cup,cup,184
175197,cup,cup,177
175198,cup,cup,169
175199,cup,cup,193
175199,tbsp,tbsp,12
175200,cup,cup,171
175200,tbsp,tbsp,10.6
175201,cup,cup,240
175201,can,can,442
175202,cup,cup,202
175202,tbsp,tbsp,12.6
175203,cup,cup,179
175203,tbsp,tbsp,11.2
175204,cup,cup,262
175205,cup,cup,150
175205,tbsp,tbsp,9.4
175206,cup,cup,240
175206,can,can (total can contents),448
175207,cup,cup,256
175207,tbsp,tbsp,16
175208,cup,cup,167
175209,cup,cup,171
175210,cup,cup,210
175211,cup,cup,194
175212,cup,cup,243
175212,serving,serving,243
175213,cup,cup,243
175213,serving,serving,243
175214,cup,cup,243
175214,serving,serving,243
175215,cup,cup,243
175216,cup,cup,243
175217,cup,cup,243
175218,cup,cup,243
175219,cup,cup,243
175220,cup,cup,243
175221,cup,cup,243
175222,cup,cup,243
175223,cup,cup,243
175224,cup,cup,243
175225,container,container,227
175226,container,container,170
175227,container,container,227
175228,container,container,170
175229,container,container,170
175230,container,container,170
175231,tbsp,tbsp,15
175232,tbsp,tbsp,15
175233,oz,oz,28.333
175234,oz,oz,28.333
175235,package,package,395
175236,package,package,395
175237,cup,cup,172
175238,cup,cup,240
175239,cup,cup,185
175240,cup,cup,177
175241,cup,cup,177
175242,cup,cup,177
175243,cup,cup cup rinsed solids,158
175244,cup,cup,177
175245,cup,cup,256
175245,can,can total can contents,436
175246,cup,cup,179
175247,cup,cup,240
175247,can,can total can contents,442
175248,cup,cup,177
175249,cup,cup,179
175250,cup,cup,240
175250,can,can total can contents,448
175251,cup,cup,171
175252,cup,cup,171
175253,cup,cup,194
175254,cup,cup,198
175255,cup,cup,202
175256,cup,cup,180
175257,cup,cup,196
175258,cup,"cup,",144
175258,oz,oz shelled (32 nuts),28.35
175259,oz,oz,28.333
175259,chop,"chop, excluding refuse (yield from 1 raw chop, with refuse, weighing 85 g)",43
175260,oz,oz,28.25
175260,serving,serving,115
175261,oz,oz,28.333
175261,serving,serving,85
175262,oz,oz,28.25
175262,serving,serving,115
175263,oz,oz,28.333
175263,piece,"piece, cooked, excluding refuse (yield from 1 lb raw meat with refuse)",206
175264,oz,oz,28.25
175264,serving,serving,115
175265,oz,oz,28.333
175265,piece,"piece, cooked, excluding refuse (yield from 1 lb raw meat with refuse)",192
175266,oz,oz,28.35
175266,lb,lb,453.6
175267,oz,oz,28.333
175267,unit,"unit, cooked (yield from 1 lb raw meat)",290
175268,oz,oz,28.25
175268,lb,lb,453.6
175269,oz,oz,28.25
175269,lb,lb,453.6
175270,oz,oz,28.333
175270,piece,"piece, cooked, excluding refuse (yield from 1 lb raw meat with refuse)",267
175271,oz,oz,28.333
175271,unit,"unit, cooked (yield from 1 lb raw meat)",295
175272,oz,oz,28.333
175272,piece,"piece, cooked, excluding refuse (yield from 1 lb raw meat with refuse)",289
175273,oz,oz,28.333
175273,chop,"chop, excluding refuse (yield from 1 raw chop, with refuse, weighing 195 g)",69
175274,oz,oz,28.333
175274,piece,"piece, cooked, excluding refuse (yield from 1 lb raw meat with refuse)",208
175275,oz,oz,28.35
175275,lb,lb,453.6
175276,oz,oz,28.333
175276,piece,"piece, cooked, excluding refuse (yield from 1 lb raw meat with refuse)",177
175277,oz,oz,28.35
175277,lb,lb,453.6
175278,oz,oz,28.333
175278,piece,"piece, cooked, excluding refuse (yield from 1 lb raw meat with refuse)",191
175279,oz,oz,28.333
175279,piece,"piece, cooked, excluding refuse (yield from 1 lb raw meat with refuse)",258
175280,oz,oz,28.35
175280,lb,lb,453.6
175281,oz,oz,28.333
175281,piece,"piece, cooked, excluding refuse (yield from 1 lb raw meat with refuse)",283
175282,oz,oz,28.35
175282,steak,"steak, excluding refuse (yield from 1 raw steak, with refuse, weighing 385 g)",289
175283,oz,oz,28.333
175283,steak,"steak, excluding refuse (yield from 1 raw steak, with refuse, weighing 385 g)",160
175284,oz,oz,28.333
175284,piece,"piece, cooked, excluding refuse (yield from 1 lb raw meat with refuse)",272
175285,oz,oz,28.333
175285,piece,"piece, cooked, excluding refuse (yield from 1 lb raw meat with refuse)",236
175286,oz,oz,28.35
175286,lb,lb,453.6
175287,oz,oz,28.333
175287,piece,"piece, cooked, excluding refuse (yield from 1 lb raw meat with refuse)",205
175288,oz,oz,28.333
175288,piece,"piece, cooked, excluding refuse (yield from 1 lb raw meat with refuse)",269
175289,oz,oz,28.333
175289,unit,"unit, cooked (yield from 1 lb raw meat)",263
175290,oz,oz,28.333
175290,oz,oz,28.35
175290,oz,oz,28.25
175291,oz,oz,28.333
175291,unit,"unit, cooked (yield from 1 lb raw meat)",299
175292,oz,oz,28.35
175292,lb,lb,453.6
175293,patty,patty (cooked from 4 oz raw),85
175293,oz,oz,28.35
175294,oz,oz,28.25
175294,lb,lb,453.6
175295,oz,oz,28.333
175295,piece,"piece, cooked (yield from 1 lb raw meat, boneless)",313
175296,oz,oz,28.35
175296,lb,lb,453.6
175298,oz,oz,28.333
175298,piece,"piece, cooked (yield from 1 lb raw meat, boneless)",340
175299,oz,oz,28.35
175299,lb,lb,453.6
175300,oz,oz,28.333
175300,piece,"piece, cooked (yield from 1 lb raw meat, boneless)",340
175301,oz,oz,28.35
175301,lb,lb,453.6
175302,oz,oz,28.333
175302,piece,"piece, cooked (yield from 1 lb raw meat, boneless)",340
175303,oz,oz,28.35
175303,lb,lb,453.6
175304,oz,oz,28.333
175304,piece,"piece, cooked (yield from 1 lb raw meat, boneless)",340
